point,permitnum,address,applicant,category,description,proposedusecode,proposedusedescription,permitteddiscretionary,landusedistrict,landusedistrictdescription,statuscurrent,applieddate,decisiondate,releasedate,mustcommencedate,decision,decisionby,communitycode,communityname,ward,quadrant,latitude,longitude,locationcount,locationtypes,locationaddresses,locationsgeojson,locationswkt,canceledrefuseddate,sdabnumber,sdabhearingdate,sdabdecision,sdabdecisiondate
"{'type': 'Point', 'coordinates': [-113.96241240813512, 51.153164563147236]}",DP2022-05518,34 CITYSCAPE HE NE,CONTRIVE ENGINEERING AND PROJECT MANAGEMENT SERVICE,Residential - Secondary Suite,NEW: SECONDARY SUITE (BASEMENT) - PARKING STALL SIZE,C2626,SECONDARY SUITE,Permitted with a Relaxation,DC,Direct Control (1P2007),Released,2022-08-07T00:00:00.000,2022-08-31T00:00:00.000,2022-10-04T00:00:00.000,2024-08-31T00:00:00.000,Approval,Development Authority,CSC,CITYSCAPE,5,NE,51.153,-113.962,2,Titled Parcel;Building,34 CITYSCAPE HE NE;34 CITYSCAPE HE NE,"{""type"":""MultiPoint"",""coordinates"":[[-113.9624124,51.1531646],[-113.9625381,51.1531652]]}","MULTIPOINT ((-113.96241240813512 51.153164563147236),(-113.96253810922906 51.153165241729944))",,,,,
"{'type': 'Point', 'coordinates': [-114.20609593965843, 51.11459443140218]}",DP2022-05515,119 SILVERCREEK CL NW,SARA KARIMI AVVAL*,Residential - Secondary Suite,NEW: SECONDARY SUITE (BASEMENT),C2626,SECONDARY SUITE,Discretionary,R-C1,Residential - Contextual One Dwelling,Released,2022-08-07T00:00:00.000,2022-09-02T00:00:00.000,2022-10-04T00:00:00.000,2024-09-02T00:00:00.000,Approval,Development Authority,SIL,SILVER SPRINGS,1,NW,51.115,-114.206,2,Titled Parcel;Building,119 SILVERCREEK CL NW;119 SILVERCREEK CL NW,"{""type"":""MultiPoint"",""coordinates"":[[-114.2060959,51.1145944],[-114.2062329,51.1145209]]}","MULTIPOINT ((-114.20609593965843 51.11459443140218),(-114.20623293530224 51.11452094231711))",,,,,
"{'type': 'Point', 'coordinates': [-113.96804334291663, 51.08182870547155]}",DP2022-05516,224 WHITEVIEW RD NE,,Residential - Secondary Suite,NEW: BACKYARD SUITE (CONVERTING EXISTING GARAGE),C1175,BACKYARD SUITE,Discretionary,R-C1,Residential - Contextual One Dwelling,Released,2022-08-07T00:00:00.000,2022-10-07T00:00:00.000,2022-11-07T00:00:00.000,2024-10-07T00:00:00.000,Approval,Development Authority,WHI,WHITEHORN,10,NE,51.082,-113.968,2,Titled Parcel;Building,224 WHITEVIEW RD NE;224 WHITEVIEW RD NE,"{""type"":""MultiPoint"",""coordinates"":[[-113.9680433,51.0818287],[-113.9680389,51.0819509]]}","MULTIPOINT ((-113.96804334291663 51.08182870547155),(-113.96803894854139 51.08195093689308))",,,,,
"{'type': 'Point', 'coordinates': [-114.10992753826703, 51.182546229922465]}",DP2022-05517,170 EVANSCREST PL NW,,Residential - Secondary Suite,NEW: SECONDARY SUITE (BASEMENT),C2626,SECONDARY SUITE,Discretionary,R-1N,Residential - Narrow Parcel One Dwelling,Released,2022-08-07T00:00:00.000,2022-09-09T00:00:00.000,2022-10-11T00:00:00.000,2024-09-09T00:00:00.000,Approval,Development Authority,EVN,EVANSTON,2,NW,51.183,-114.110,2,Titled Parcel;Building,170 EVANSCREST PL NW;170 EVANSCREST PL NW,"{""type"":""MultiPoint"",""coordinates"":[[-114.1099275,51.1825462],[-114.1100621,51.1825466]]}","MULTIPOINT ((-114.10992753826703 51.182546229922465),(-114.11006207414484 51.182546561910534))",,,,,
"{'type': 'Point', 'coordinates': [-114.08703302627245, 51.13862744444047]}",DP2022-05513,9274 SANTANA CR NW,427 AUTOMOTIVE,Home Occupation Class 2,TEMPORARY USE: HOME OCCUPATION - CLASS 2 (MOTOR VEHICLE DEALER - 18 MONTHS),C1730,HOME OCCUPATION - CLASS 2,Discretionary,R-C1,Residential - Contextual One Dwelling,Released,2022-08-06T00:00:00.000,2022-09-26T00:00:00.000,2022-10-21T00:00:00.000,2023-09-26T00:00:00.000,Approval,Development Authority,SAN,SANDSTONE VALLEY,3,NW,51.139,-114.087,2,Titled Parcel;Building,9274 SANTANA CR NW;9274 SANTANA CR NW,"{""type"":""MultiPoint"",""coordinates"":[[-114.087033,51.1386274],[-114.0871315,51.1387242]]}","MULTIPOINT ((-114.08703302627245 51.13862744444047),(-114.08713152048877 51.138724242930444))",,,,,
"{'type': 'Point', 'coordinates': [-113.96855760621487, 51.156218333089726]}",DP2022-05512,351 SKYVIEW SHORES MR NE,,Residential - Secondary Suite,NEW: SECONDARY SUITE (BASEMENT),C2626,SECONDARY SUITE,Discretionary,R-1N,Residential - Narrow Parcel One Dwelling,Released,2022-08-06T00:00:00.000,2022-09-23T00:00:00.000,2022-10-21T00:00:00.000,2024-09-23T00:00:00.000,Approval,Development Authority,SKR,SKYVIEW RANCH,5,NE,51.156,-113.969,2,Titled Parcel;Building,351 SKYVIEW SHORES MR NE;351 SKYVIEW SHORES MR NE,"{""type"":""MultiPoint"",""coordinates"":[[-113.9685576,51.1562183],[-113.9683769,51.1562244]]}","MULTIPOINT ((-113.96855760621487 51.156218333089726),(-113.96837687079642 51.15622440626191))",,,,,
"{'type': 'Point', 'coordinates': [-114.05368987770285, 51.041659621926215]}",DP2022-05514,488 12 AV SE,AERO SIGN & PRINT,Signs - Permitted Use,NEW: SIGN - CLASS B (FASCIA SIGN),C2680,SIGN - CLASS B,Permitted,DC,DIRECT CONTROL DISTRICT                                 ,Released,2022-08-06T00:00:00.000,2022-08-18T00:00:00.000,2022-08-18T00:00:00.000,2025-08-18T00:00:00.000,Approval,Development Authority,BLN,BELTLINE,8,SE,51.042,-114.054,3,Titled Parcel;Building;Entryway,1111 OLYMPIC WY SE;1111 OLYMPIC WY SE;488 12 AV SE,"{""type"":""MultiPoint"",""coordinates"":[[-114.0536899,51.0416596],[-114.05385,51.0416068],[-114.0538979,51.0413233]]}","MULTIPOINT ((-114.05368987770285 51.041659621926215),(-114.05384995276678 51.04160683245495),(-114.05389792126321 51.041323282968044))",,,,,
"{'type': 'Point', 'coordinates': [-113.9515234233588, 51.09001070636888]}",DP2022-05549,4216 55 ST NE,ENCHANTED AESTHETICS,Home Occupation Class 2,TEMPORARY USE: HOME OCCUPATION - CLASS 2 (AESTHETICS - 18 MONTHS),C1730,HOME OCCUPATION - CLASS 2,Discretionary,R-C1,Residential - Contextual One Dwelling,Released,2022-08-09T00:00:00.000,2022-09-18T00:00:00.000,2022-10-17T00:00:00.000,2024-09-18T00:00:00.000,Approval,Development Authority,TEM,TEMPLE,10,NE,51.090,-113.952,2,Titled Parcel;Building,4216 55 ST NE;4216 55 ST NE,"{""type"":""MultiPoint"",""coordinates"":[[-113.9515234,51.0900107],[-113.9513864,51.0900264]]}","MULTIPOINT ((-113.9515234233588 51.09001070636888),(-113.95138639978595 51.09002640835703))",,,,,
"{'type': 'Point', 'coordinates': [-114.12933958934525, 51.03808539743207]}",DP2022-05550,2920 17 AV SW,HOUSE OF BISHOP,Change of Use - Permitted Use,REVISION: RETAIL AND CONSUMER SERVICE (CHANGE OF USE TO DP2016-4510),C2515,RETAIL AND CONSUMER SERVICE,Permitted,DC,Direct Control (1P2007),Released,2022-08-09T00:00:00.000,2022-08-17T00:00:00.000,2022-08-17T00:00:00.000,2023-08-17T00:00:00.000,Approval,Development Authority,SHG,SHAGANAPPI,8,SW,51.038,-114.129,3,Titled Parcel;Building;Building Suite,1750 29 ST SW;1750 29 ST SW;2920 17 AV SW,"{""type"":""MultiPoint"",""coordinates"":[[-114.1293396,51.0380854],[-114.1290642,51.0381133],[-114.1292677,51.0380041]]}","MULTIPOINT ((-114.12933958934525 51.03808539743207),(-114.12906424773595 51.03811325539674),(-114.12926765664695 51.0380040928254))",,,,,
"{'type': 'Point', 'coordinates': [-114.11735978210457, 51.02059948076595]}",DP2022-05551,25 SOMME ME SW,KELLAM BERG ENGINEERING & SURVEYS LTD,Relaxation - Existing - Compliance Follow-Up,RELAXATION: PRIVACY WALL (EXISTING) - HEIGHT,C1455,DECK,Discretionary,R-C2,Residential - Contextual One/Two Dwelling,Released,2022-08-09T00:00:00.000,2022-08-15T00:00:00.000,2022-09-12T00:00:00.000,2024-08-15T00:00:00.000,Approval,Development Authority,GAW,GARRISON WOODS,8,SW,51.021,-114.117,2,Titled Parcel;Building,25 SOMME ME SW;25 SOMME ME SW,"{""type"":""MultiPoint"",""coordinates"":[[-114.1173598,51.0205995],[-114.1173506,51.0205191]]}","MULTIPOINT ((-114.11735978210457 51.02059948076595),(-114.11735059975751 51.02051913938424))",,,,,
"{'type': 'Point', 'coordinates': [-114.00887661395672, 50.92838646619816]}",DP2022-05553,32 DEERWOOD RD SE,ABSOLUTE SURVEYS 1,Relaxation - Existing - Compliance Follow-Up,RELAXATION: DECK (EXISTING) - PROJECTION INTO SIDE SETBACK,C1455,DECK,Discretionary,R-C1,Residential - Contextual One Dwelling,Released,2022-08-09T00:00:00.000,2022-08-17T00:00:00.000,2022-09-19T00:00:00.000,2024-08-17T00:00:00.000,Approval,Development Authority,DRN,DEER RUN,14,SE,50.928,-114.009,2,Titled Parcel;Building,32 DEERWOOD RD SE;32 DEERWOOD RD SE,"{""type"":""MultiPoint"",""coordinates"":[[-114.0088766,50.9283865],[-114.0086985,50.9284117]]}","MULTIPOINT ((-114.00887661395672 50.92838646619816),(-114.00869847868637 50.92841167832934))",,,,,
"{'type': 'Point', 'coordinates': [-114.20245330532983, 51.09278359716108]}",DP2022-05554,4623 79 ST NW,GLOBAL DESIGN,Residential - Contextual Dwelling,"NEW: CONTEXTUAL SINGLE DETACHED DWELLING (NORTH PARCEL), ACCESSORY RESIDENTIAL BUILDING (GARAGE)",C1020; C1370,ACCESSORY RESIDENTIAL BUILDING; CONTEXTUAL SINGLE DETACHED DWELLING,Permitted,R-C2,Residential - Contextual One/Two Dwelling,Released,2022-08-09T00:00:00.000,2022-11-03T00:00:00.000,2023-08-18T00:00:00.000,2024-11-03T00:00:00.000,Approval,Development Authority,BOW,BOWNESS,1,NW,51.093,-114.202,1,Titled Parcel,4623 79 ST NW,"{""type"":""Point"",""coordinates"":[-114.2024533,51.0927836]}",POINT (-114.20245330532983 51.09278359716108),,,,,
"{'type': 'Point', 'coordinates': [-114.07532111181132, 51.182614079268234]}",DP2022-05555,45 CARRINGTON BV NW,ABUGOV KASPAR,Commercial - Other Areas,NEW: CAR WASH - MULTI-VEHICLE,C1270,CAR WASH - MULTI-VEHICLE,Discretionary,DC,Direct Control (1P2007),Lapsed,2022-08-09T00:00:00.000,2023-03-09T00:00:00.000,,2026-03-09T00:00:00.000,Approval,Development Authority,CAR,CARRINGTON,3,NW,51.183,-114.075,1,Titled Parcel,45 CARRINGTON BV NW,"{""type"":""Point"",""coordinates"":[-114.0753211,51.1826141]}",POINT (-114.07532111181132 51.182614079268234),2026-03-13T00:00:00.000,,,,
"{'type': 'Point', 'coordinates': [-113.96449796513966, 50.885338144166056]}",DP2022-05552,227 AUBURN BAY BV SE,LOVSE SURVEYS,Relaxation - Existing - Compliance Follow-Up,RELAXATION: DECK (EXISTING) - PROJECTION INTO REAR SETBACK,C1455,DECK,Permitted with a Relaxation,R-1N,Residential - Narrow Parcel One Dwelling,Released,2022-08-09T00:00:00.000,2022-08-18T00:00:00.000,2022-09-19T00:00:00.000,2024-08-18T00:00:00.000,Approval,Development Authority,AUB,AUBURN BAY,12,SE,50.885,-113.964,2,Titled Parcel;Building,227 AUBURN BAY BV SE;227 AUBURN BAY BV SE,"{""type"":""MultiPoint"",""coordinates"":[[-113.964498,50.8853381],[-113.9646399,50.8852542]]}","MULTIPOINT ((-113.96449796513966 50.885338144166056),(-113.96463992042068 50.885254175885514))",,,,,
"{'type': 'Point', 'coordinates': [-114.08977833911267, 51.06666946663131]}",DP2022-05519,1301 16 AV NW,DIALOG,Temporary Structure,TEMPORARY USE: POST-SECONDARY LEARNING INSTITUTION (RECREATIONAL FACILITY BUILDING - TEN YEARS),C2300,POST-SECONDARY LEARNING INSTITUTION,Discretionary,S-CI,Special Purpose - Community Institution,Released,2022-08-08T00:00:00.000,2022-10-20T00:00:00.000,2022-11-30T00:00:00.000,2025-10-20T00:00:00.000,Approval,Development Authority,HIL,HILLHURST,7,NW,51.067,-114.090,1,Titled Parcel,1301 16 AV NW,"{""type"":""Point"",""coordinates"":[-114.0897783,51.0666695]}",POINT (-114.08977833911267 51.06666946663131),,,,,
"{'type': 'Point', 'coordinates': [-113.97956661317752, 51.04082063792187]}",DP2022-05521,1502 37 ST SE,QAAD,Residential - Multi-Family,"NEW: ROWHOUSE (1 BUILDING), SECONDARY SUITE (4 SUITES)",C2540; C2626,ROWHOUSE BUILDING; SECONDARY SUITE,Discretionary,R-CG,Residential - Grade-Oriented Infill,Pending Release,2022-08-08T00:00:00.000,2025-10-30T00:00:00.000,,2027-10-30T00:00:00.000,Approval,Development Authority,FLN,FOREST LAWN,9,SE,51.041,-113.980,2,Titled Parcel;Building,3811 14 AV SE;1502 37 ST SE,"{""type"":""MultiPoint"",""coordinates"":[[-113.9795666,51.0408206],[-113.979789,51.0407518]]}","MULTIPOINT ((-113.97956661317752 51.04082063792187),(-113.97978901889621 51.04075176125224))",,,,,
"{'type': 'Point', 'coordinates': [-113.97822186629757, 51.07599714659256]}",DP2022-05522,2608 38 ST NE,ARC SURVEYS,Relaxation - Existing - Compliance Follow-Up,RELAXATION: ACCESSORY RESIDENTIAL BUILDING (EXISTING GARAGE) -  SEPARATION FROM MAIN RESIDENTIAL BUILDING,C1020,ACCESSORY RESIDENTIAL BUILDING,Permitted with a Relaxation,R-C1,Residential - Contextual One Dwelling,Released,2022-08-08T00:00:00.000,2022-08-15T00:00:00.000,2022-09-09T00:00:00.000,2024-08-15T00:00:00.000,Approval,Development Authority,RUN,RUNDLE,10,NE,51.076,-113.978,2,Titled Parcel;Building,2608 38 ST NE;2608 38 ST NE,"{""type"":""MultiPoint"",""coordinates"":[[-113.9782219,51.0759971],[-113.9780872,51.0759707]]}","MULTIPOINT ((-113.97822186629757 51.07599714659256),(-113.97808721058864 51.07597068276744))",,,,,
"{'type': 'Point', 'coordinates': [-113.99918065444935, 50.988191467070294]}",DP2022-05525,7218 OGDEN RD SE,,Residential - Secondary Suite,NEW: SECONDARY SUITE,C2626,SECONDARY SUITE,Discretionary,DC,DIRECT CONTROL DISTRICT                                 ,Cancelled,2022-08-08T00:00:00.000,,,,,,OGD,OGDEN,9,SE,50.988,-113.999,2,Titled Parcel;Building,7218 OGDEN RD SE;7218 OGDEN RD SE,"{""type"":""MultiPoint"",""coordinates"":[[-113.9991807,50.9881915],[-113.9990532,50.988242]]}","MULTIPOINT ((-113.99918065444935 50.988191467070294),(-113.99905319017424 50.98824196192848))",2024-01-25T00:00:00.000,,,,
"{'type': 'Point', 'coordinates': [-114.13283542495859, 51.02989630478359]}",DP2022-05524,2803 31 ST SW,,Residential - Multi-Family,"NEW: ROWHOUSE BUILDING (1 BUILDING), ACCESSORY RESIDENTIAL BUILDING (GARAGE)",B9999,OTHER,Discretionary,DC,DIRECT CONTROL DISTRICT                                 ,Cancelled,2022-08-08T00:00:00.000,,,,,,KIL,KILLARNEY/GLENGARRY,8,SW,51.030,-114.133,2,Titled Parcel;Building,2803 31 ST SW;2803 31 ST SW,"{""type"":""MultiPoint"",""coordinates"":[[-114.1328354,51.0298963],[-114.1329565,51.0298733]]}","MULTIPOINT ((-114.13283542495859 51.02989630478359),(-114.13295653585224 51.02987330609804))",2022-08-22T00:00:00.000,,,,
"{'type': 'Point', 'coordinates': [-113.96995147234863, 50.98122485048455]}",DP2022-05527,#A 8010 44 ST SE,IRONWOOD BUILDING,Signs - Permitted Use,NEW: SIGN - CLASS B (FASCIA SIGNS - 3),C2680,SIGN - CLASS B,Permitted,I-G,Industrial - General,Released,2022-08-08T00:00:00.000,2022-08-19T00:00:00.000,2022-08-19T00:00:00.000,2024-08-19T00:00:00.000,Approval,Development Authority,FHI,FOOTHILLS,9,SE,50.981,-113.970,4,Titled Parcel;Building;Building Suite;Building Suite,8010 44 ST SE;8010 44 ST SE;#A 8010 44 ST SE;#2 8010 44 ST SE,"{""type"":""MultiPoint"",""coordinates"":[[-113.9699515,50.9812249],[-113.9695577,50.9809081],[-113.9695577,50.9809081],[-113.9695577,50.9809081]]}","MULTIPOINT ((-113.96995147234863 50.98122485048455),(-113.96955766919083 50.98090811766313),(-113.96955766919083 50.98090811766313),(-113.96955766919083 50.98090811766313))",,,,,
"{'type': 'Point', 'coordinates': [-114.15517575789424, 51.12782056087615]}",DP2022-05528,115 EDGEPARK BV NW,SARA KARIMI AVVAL*,Residential - Secondary Suite,NEW: SECONDARY SUITE (BASEMENT),C2626,SECONDARY SUITE,Discretionary,R-C1,Residential - Contextual One Dwelling,Released,2022-08-08T00:00:00.000,2022-10-17T00:00:00.000,2022-11-15T00:00:00.000,2024-10-17T00:00:00.000,Approval,Development Authority,EDG,EDGEMONT,4,NW,51.128,-114.155,2,Titled Parcel;Building,115 EDGEPARK BV NW;115 EDGEPARK BV NW,"{""type"":""MultiPoint"",""coordinates"":[[-114.1551758,51.1278206],[-114.1553277,51.1278223]]}","MULTIPOINT ((-114.15517575789424 51.12782056087615),(-114.15532769757075 51.12782230093714))",,,,,
"{'type': 'Point', 'coordinates': [-114.0847806011979, 51.01506856935716]}",DP2022-05529,4320 BRITANNIA DR SW,TOUCHWOOD CUSTOM HOMES,Residential - New Single / Semi / Duplex,"REVISION: SINGLE DETACHED DWELLING (CHANGES TO DP2019-1960 - DECK, ENCLOSED AREA UNDER DECK)",C2730,SINGLE DETACHED DWELLING,Discretionary,R-C1,Residential - Contextual One Dwelling,Released,2022-08-08T00:00:00.000,2022-09-12T00:00:00.000,2022-10-07T00:00:00.000,2024-09-12T00:00:00.000,Approval,Development Authority,BRT,BRITANNIA,8,SW,51.015,-114.085,1,Titled Parcel,4320 BRITANNIA DR SW,"{""type"":""Point"",""coordinates"":[-114.0847806,51.0150686]}",POINT (-114.0847806011979 51.01506856935716),,,,,
"{'type': 'Point', 'coordinates': [-114.06668391651672, 51.03697132421425]}",DP2022-05530,221 18 AV SW,HOMES BY AVI URBAN (2006),Change of Use - With Change to Site Plan,CHANGES TO SITE PLAN: PLACE OF WORSHIP - SMALL (PARKING),C2280,PLACE OF WORSHIP - SMALL,Discretionary,M-C2,Multi-Residential - Contextual Medium Profile,Released,2022-08-08T00:00:00.000,2022-09-22T00:00:00.000,2022-10-24T00:00:00.000,2024-09-22T00:00:00.000,Approval,Development Authority,MIS,MISSION,8,SW,51.037,-114.067,3,Titled Parcel;Titled Parcel;Building,223 18 AV SW;227 18 AV SW;221 18 AV SW,"{""type"":""MultiPoint"",""coordinates"":[[-114.0666839,51.0369713],[-114.0671143,51.0369835],[-114.0665973,51.0366595]]}","MULTIPOINT ((-114.06668391651672 51.03697132421425),(-114.06711433347392 51.03698345671913),(-114.06659726411269 51.036659456387305))",,,,,
"{'type': 'Point', 'coordinates': [-114.20711319595789, 51.04711152999973]}",DP2022-05531,8390 13 AV SW,,Home Occupation Class 2,TEMPORARY USE: HOME OCCUPATION - CLASS 2 (DOG BREEDING ),B5550,HOME OCCUPATION - CLASS 2,Discretionary,DC,DIRECT CONTROL DISTRICT                                 ,Cancelled,2022-08-08T00:00:00.000,,,,,,ASP,ASPEN WOODS,6,SW,51.047,-114.207,2,Titled Parcel;Building,8390 13 AV SW;8390 13 AV SW,"{""type"":""MultiPoint"",""coordinates"":[[-114.2071132,51.0471115],[-114.2073224,51.0476367]]}","MULTIPOINT ((-114.20711319595789 51.04711152999973),(-114.20732241609477 51.04763674429466))",2022-08-22T00:00:00.000,,,,
"{'type': 'Point', 'coordinates': [-113.97385614705586, 51.15268224399278]}",DP2022-05532,#2040 4231 109 AV NE,,Signs - Permitted Use,NEW: SIGN - CLASS B (FASCIA SIGN),C2680,SIGN - CLASS B,Permitted,I-G,Industrial - General,Released,2022-08-08T00:00:00.000,2022-08-17T00:00:00.000,2022-08-17T00:00:00.000,2024-08-17T00:00:00.000,Approval,Development Authority,ST3,STONEY 3,5,NE,51.153,-113.974,3,Titled Parcel;Building;Building Suite,4231 109 AV NE;#2000 4231 109 AV NE;#2040 4231 109 AV NE,"{""type"":""MultiPoint"",""coordinates"":[[-113.9738561,51.1526822],[-113.9733244,51.1521305],[-113.9731096,51.1522466]]}","MULTIPOINT ((-113.97385614705586 51.15268224399278),(-113.97332444714061 51.15213054211333),(-113.97310955963958 51.152246557213))",,,,,
"{'type': 'Point', 'coordinates': [-113.87247311121197, 50.95068054561308]}",DP2022-05533,11000 114 AV SE,RENEGADE TRAILER SOLUTIONS,Change of Use - With Change to Site Plan,TEMPORARY USE: LARGE VEHICLE AND EQUIPMENT SALES (3 YEARS),C1870,LARGE VEHICLE AND EQUIPMENT SALES,Discretionary,I-G; S-UN,Industrial - General; Special Purpose - Urban Nature,Released,2022-08-08T00:00:00.000,2023-08-31T00:00:00.000,2024-03-13T00:00:00.000,2025-08-31T00:00:00.000,Approval,Development Authority,12A,RESIDUAL WARD 12 - SUB AREA 12A,12,SE,50.951,-113.872,1,Titled Parcel,11000 114 AV SE,"{""type"":""Point"",""coordinates"":[-113.8724731,50.9506805]}",POINT (-113.87247311121197 50.95068054561308),,,,,
"{'type': 'Point', 'coordinates': [-114.00457189330675, 50.8597032369064]}",DP2022-05534,32 LEGACY GLEN VW SE,,Relaxation - Existing - Residential - FastTrack,RELAXATION: DECK - PROJECTION INTO REAR SETBACK,C1455,DECK,Permitted with a Relaxation,R-2M,Residential - Low Density Multiple Dwelling,Released,2022-08-08T00:00:00.000,2022-11-14T00:00:00.000,2022-12-09T00:00:00.000,2024-11-14T00:00:00.000,Approval,Development Authority,LEG,LEGACY,14,SE,50.860,-114.005,2,Titled Parcel;Building,32 LEGACY GLEN VW SE;32 LEGACY GLEN VW SE,"{""type"":""MultiPoint"",""coordinates"":[[-114.0045719,50.8597032],[-114.00439,50.8596381]]}","MULTIPOINT ((-114.00457189330675 50.8597032369064),(-114.0043900318841 50.85963812018701))",,,,,
"{'type': 'Point', 'coordinates': [-114.15636828530648, 51.05342813924704]}",DP2022-05535,64 WHITE OAK CR SW,,Relaxation - Existing - Compliance Follow-Up,"RELAXATION: SINGLE DETACHED DWELLING (EXISTING) - BUILDING SETBACK FROM SIDE PROPERTY LINE, EAVES (EXISTING) - PROJECTION INTO SIDE SETBACK",C2730,SINGLE DETACHED DWELLING,Discretionary,R-C1,Residential - Contextual One Dwelling,Released,2022-08-08T00:00:00.000,2022-08-15T00:00:00.000,2022-09-12T00:00:00.000,2024-08-15T00:00:00.000,Approval,Development Authority,WLD,WILDWOOD,6,SW,51.053,-114.156,1,Titled Parcel,64 WHITE OAK CR SW,"{""type"":""Point"",""coordinates"":[-114.1563683,51.0534281]}",POINT (-114.15636828530648 51.05342813924704),,,,,
"{'type': 'Point', 'coordinates': [-114.18742544079184, 51.08251927536192]}",DP2022-05537,#110 3420 69 ST NW,AERO SIGN & PRINT,Signs - Permitted Use with Relaxation,NEW: SIGN - CLASS B (FASCIA SIGNS - 3),C2680,SIGN - CLASS B,Permitted,DC,Direct Control (1P2007),Released,2022-08-08T00:00:00.000,2022-08-21T00:00:00.000,2022-08-23T00:00:00.000,2025-08-21T00:00:00.000,Approval,Development Authority,BOW,BOWNESS,1,NW,51.083,-114.187,3,Titled Parcel;Building;Building Suite,3408 69 ST NW;3420 69 ST NW;#110 3420 69 ST NW,"{""type"":""MultiPoint"",""coordinates"":[[-114.1874254,51.0825193],[-114.1873059,51.0828503],[-114.1873028,51.0826734]]}","MULTIPOINT ((-114.18742544079184 51.08251927536192),(-114.18730594869966 51.08285032320699),(-114.18730279379879 51.08267342925381))",,,,,
"{'type': 'Point', 'coordinates': [-113.98792247464375, 51.069080975712]}",DP2022-05538,3440 SUNRIDGE WY NE,,Change of Use - Permitted Use,"CHANGE OF USE: RETAIL AND CONSUMER SERVICE, HEALTH CARE SERVICE",C1695; C2515,HEALTH CARE SERVICE; RETAIL AND CONSUMER SERVICE,Permitted,C-R3 f0.5h12,Commercial - Regional 3,Released,2022-08-08T00:00:00.000,2022-08-19T00:00:00.000,2022-08-19T00:00:00.000,2023-08-19T00:00:00.000,Approval,Development Authority,SUN,SUNRIDGE,10,NE,51.069,-113.988,3,Titled Parcel;Building;Building Suite,3320 SUNRIDGE WY NE;3400 SUNRIDGE WY NE;3440 SUNRIDGE WY NE,"{""type"":""MultiPoint"",""coordinates"":[[-113.9879225,51.069081],[-113.9862941,51.06921],[-113.9863954,51.0692258]]}","MULTIPOINT ((-113.98792247464375 51.069080975712),(-113.98629414576867 51.069210040991756),(-113.9863953593904 51.06922579377087))",,,,,
"{'type': 'Point', 'coordinates': [-113.99829465598752, 51.01951455076266]}",DP2022-05539,244 DOVELY PL SE,,Residential - Secondary Suite,NEW: SECONDARY SUITE (BASEMENT),C2626,SECONDARY SUITE,Discretionary,R-C1,Residential - Contextual One Dwelling,Released,2022-08-08T00:00:00.000,2022-09-26T00:00:00.000,2022-10-21T00:00:00.000,2024-09-26T00:00:00.000,Approval,Development Authority,DOV,DOVER,9,SE,51.020,-113.998,2,Titled Parcel;Building,244 DOVELY PL SE;244 DOVELY PL SE,"{""type"":""MultiPoint"",""coordinates"":[[-113.9982947,51.0195146],[-113.9984547,51.0195108]]}","MULTIPOINT ((-113.99829465598752 51.01951455076266),(-113.99845467330444 51.01951084920223))",,,,,
"{'type': 'Point', 'coordinates': [-114.01506518507017, 50.86596389940407]}",DP2022-05540,317 WALGROVE WY SE,,Relaxation - New - Residential,ADDITION: SINGLE DETACHED DWELLING (SUNROOM - REAR),C2730,SINGLE DETACHED DWELLING,Permitted with a Relaxation,R-G,Residential - Low Density Mixed Housing,Released,2022-08-08T00:00:00.000,2022-09-29T00:00:00.000,2022-11-02T00:00:00.000,2024-09-29T00:00:00.000,Approval,Development Authority,WAL,WALDEN,14,SE,50.866,-114.015,2,Titled Parcel;Building,317 WALGROVE WY SE;317 WALGROVE WY SE,"{""type"":""MultiPoint"",""coordinates"":[[-114.0150652,50.8659639],[-114.015074,50.865858]]}","MULTIPOINT ((-114.01506518507017 50.86596389940407),(-114.0150740296665 50.86585795099553))",,,,,
"{'type': 'Point', 'coordinates': [-114.09487996626396, 51.05341578849697]}",DP2022-05541,#1A 123 14 ST NW,,Change of Use - Permitted Use,"CHANGE OF USE: RETAIL AND CONSUMER SERVICE, HEALTH CARE SERVICE",C1695; C2515,HEALTH CARE SERVICE; RETAIL AND CONSUMER SERVICE,Permitted,C-COR2 f2.8h16,Commercial - Corridor 2,Cancelled,2022-08-08T00:00:00.000,,,,,,HIL,HILLHURST,7,NW,51.053,-114.095,3,Titled Parcel;Building;Building Suite,123 14 ST NW;123 14 ST NW;#1A 123 14 ST NW,"{""type"":""MultiPoint"",""coordinates"":[[-114.09488,51.0534158],[-114.0950211,51.0534162],[-114.0950211,51.0534162]]}","MULTIPOINT ((-114.09487996626396 51.05341578849697),(-114.09502110235405 51.05341615929312),(-114.09502110235405 51.05341615929312))",2022-08-11T00:00:00.000,,,,
"{'type': 'Point', 'coordinates': [-114.08576154253358, 51.057378526434974]}",DP2022-05542,528 10 ST NW,,Mixed Use - Other Areas,"NEW: DWELLING UNIT, RETAIL AND CONSUMER SERVICE (1 BUILDING)",C1540; C2515,DWELLING UNIT; RETAIL AND CONSUMER SERVICE,Discretionary,DC,Direct Control (1P2007),Cancelled,2022-08-08T00:00:00.000,,,,,,SSD,SUNNYSIDE,7,NW,51.057,-114.086,1,Titled Parcel,528 10 ST NW,"{""type"":""Point"",""coordinates"":[-114.0857615,51.0573785]}",POINT (-114.08576154253358 51.057378526434974),2024-12-17T00:00:00.000,,,,
"{'type': 'Point', 'coordinates': [-113.90731952687933, 50.89094273156434]}",DP2022-05545,32 MAGNOLIA MT SE,,Relaxation - New - Accessory Building,RELAXATION: ACCESSORY RESIDENTIAL BUILDING (GARAGE) - BUILDING & EAVE HEIGHT,C1020,ACCESSORY RESIDENTIAL BUILDING,Permitted with a Relaxation,R-1N,Residential - Narrow Parcel One Dwelling,Released,2022-08-08T00:00:00.000,2022-09-18T00:00:00.000,2022-10-17T00:00:00.000,2024-09-18T00:00:00.000,Approval,Development Authority,MAH,MAHOGANY,12,SE,50.891,-113.907,2,Titled Parcel;Building,32 MAGNOLIA MT SE;32 MAGNOLIA MT SE,"{""type"":""MultiPoint"",""coordinates"":[[-113.9073195,50.8909427],[-113.9075551,50.8909364]]}","MULTIPOINT ((-113.90731952687933 50.89094273156434),(-113.9075551301205 50.890936418615084))",,,,,
"{'type': 'Point', 'coordinates': [-113.95812334879037, 51.021547414165624]}",DP2022-05544,3608 52 ST SE,MANU CHUGH ARCHITECT,Change of Use - With Change to Site Plan,CHANGES TO SITE PLAN: TEMPORARY USE: SALVAGE YARD (2 BUILDINGS) - 5 YEARS,C2553,SALVAGE YARD,Discretionary,I-G,Industrial - General,Released,2022-08-08T00:00:00.000,2023-06-19T00:00:00.000,2023-07-20T00:00:00.000,2025-06-19T00:00:00.000,Approval,Development Authority,FLI,FOREST LAWN INDUSTRIAL,9,SE,51.022,-113.958,2,Titled Parcel;Building,3608 52 ST SE;3608 52 ST SE,"{""type"":""MultiPoint"",""coordinates"":[[-113.9581233,51.0215474],[-113.9581014,51.0213143]]}","MULTIPOINT ((-113.95812334879037 51.021547414165624),(-113.95810139466367 51.02131432854012))",,,,,
"{'type': 'Point', 'coordinates': [-114.10090615753444, 50.917235382455985]}",DP2022-05546,44 EVERWILLOW PA SW,VISTA GEOMATICS,Relaxation - Existing - Compliance Follow-Up,RELAXATION: DECK (EXISTING) - PROJECTION INTO REAR SETBACK,C1455,DECK,Permitted with a Relaxation,R-1N,Residential - Narrow Parcel One Dwelling,Released,2022-08-08T00:00:00.000,2022-08-17T00:00:00.000,2022-09-19T00:00:00.000,2024-08-17T00:00:00.000,Approval,Development Authority,EVE,EVERGREEN,13,SW,50.917,-114.101,1,Titled Parcel,44 EVERWILLOW PA SW,"{""type"":""Point"",""coordinates"":[-114.1009062,50.9172354]}",POINT (-114.10090615753444 50.917235382455985),,,,,
"{'type': 'Point', 'coordinates': [-114.05877655041854, 51.00156280127162]}",DP2022-05547,#1130 324 58 AV SE,,Change of Use - Permitted Use,CHANGE OF USE: RETAIL AND CONSUMER SERVICE,C2515,RETAIL AND CONSUMER SERVICE,Permitted,I-C,Industrial - Commercial,Cancelled,2022-08-08T00:00:00.000,,,,,,MNI,MANCHESTER INDUSTRIAL,9,SE,51.002,-114.059,3,Titled Parcel;Building;Building Suite,324 58 AV SE;#1000 324 58 AV SE;#1130 324 58 AV SE,"{""type"":""MultiPoint"",""coordinates"":[[-114.0587766,51.0015628],[-114.0593259,51.0016845],[-114.0591299,51.0017354]]}","MULTIPOINT ((-114.05877655041854 51.00156280127162),(-114.05932589978885 51.0016845062378),(-114.0591299340635 51.00173535299905))",2022-08-30T00:00:00.000,,,,
"{'type': 'Point', 'coordinates': [-114.14822701666355, 51.015104577650185]}",DP2022-05548,12 GOVERNOR DR SW,ARWEN HAIR THERAPY,Home Occupation Class 2,TEMPORARY USE: HOME OCCUPATION - CLASS 2 (HAIR STYLIST ) 3 YEARS,C1730,HOME OCCUPATION - CLASS 2,Discretionary,R-C1,Residential - Contextual One Dwelling,Released,2022-08-08T00:00:00.000,2022-09-18T00:00:00.000,2022-10-18T00:00:00.000,2023-09-18T00:00:00.000,Approval,Development Authority,GLA,GLAMORGAN,6,SW,51.015,-114.148,2,Titled Parcel;Building,12 GOVERNOR DR SW;12 GOVERNOR DR SW,"{""type"":""MultiPoint"",""coordinates"":[[-114.148227,51.0151046],[-114.1483101,51.0152321]]}","MULTIPOINT ((-114.14822701666355 51.015104577650185),(-114.14831011076647 51.01523205524537))",,,,,
"{'type': 'Point', 'coordinates': [-114.05684957361285, 50.91278468566765]}",DP2022-05584,103 MIDPARK CR SE,,Relaxation - Existing - Compliance Follow-Up,RELAXATION: DECK (EXISTING) - PROJECTION INTO REAR SETBACK,C1455,DECK,Discretionary,R-C1,Residential - Contextual One Dwelling,Released,2022-08-09T00:00:00.000,2022-08-11T00:00:00.000,2022-09-09T00:00:00.000,2024-08-11T00:00:00.000,Approval,Development Authority,MID,MIDNAPORE,14,SE,50.913,-114.057,2,Titled Parcel;Building,103 MIDPARK CR SE;103 MIDPARK CR SE,"{""type"":""MultiPoint"",""coordinates"":[[-114.0568496,50.9127847],[-114.0570242,50.9128753]]}","MULTIPOINT ((-114.05684957361285 50.91278468566765),(-114.05702418126911 50.912875308999766))",,,,,
"{'type': 'Point', 'coordinates': [-114.07532111181071, 51.18261407863578]}",DP2022-05557,45 CARRINGTON BV NW,ABUGOV KASPAR,Commercial - Other Areas,"NEW: LIQUOR STORE, CHILD CARE SERVICE, RETAIL AND CONSUMER SERVICE (6 PHASES, 5 BUILDINGS)",C1310; C1910; C2515,CHILD CARE SERVICE; LIQUOR STORE; RETAIL AND CONSUMER SERVICE,Discretionary,DC,Direct Control (1P2007),Released,2022-08-09T00:00:00.000,2023-03-16T00:00:00.000,2023-06-14T00:00:00.000,2026-03-16T00:00:00.000,Approval,Development Authority,CAR,CARRINGTON,3,NW,51.183,-114.075,1,Titled Parcel,45 CARRINGTON BV NW,"{""type"":""Point"",""coordinates"":[-114.0753211,51.1826141]}",POINT (-114.07532111181071 51.18261407863578),,,,,
"{'type': 'Point', 'coordinates': [-114.09897105841698, 51.033348298866485]}",DP2022-05556,1640 23 AV SW,,Relaxation - Existing - Compliance Follow-Up,"RELAXATION: RELAXATION: SINGLE DETACHED DWELLING (EXISTING) - BUILDING SETBACK FROM SIDE PROPERTY LINE,  ACCESSORY RESIDENTIAL BUILDING (EXISTING SHED) - SEPARATION FROM MAIN RESIDENTIAL BUILDING",C1020,ACCESSORY RESIDENTIAL BUILDING,Permitted with a Relaxation,M-CG d72,Multi-Residential - Contextual Grade-Oriented  ,Cancelled,2022-08-09T00:00:00.000,,,,,,BNK,BANKVIEW,8,SW,51.033,-114.099,2,Titled Parcel;Building,1640 23 AV SW;1640 23 AV SW,"{""type"":""MultiPoint"",""coordinates"":[[-114.0989711,51.0333483],[-114.0990802,51.0333909]]}","MULTIPOINT ((-114.09897105841698 51.033348298866485),(-114.09908015934458 51.03339090775171))",2024-01-25T00:00:00.000,,,,
"{'type': 'Point', 'coordinates': [-114.23855369509023, 51.09181821952869]}",DP2022-05559,307 VALLEY BROOK CI NW,JONES GEOMATICS,Relaxation - Existing - Compliance Follow-Up,RELAXATION: DECK (EXISTING) - PROJECTION INTO REAR SETBACK,C1455,DECK,Discretionary,R-C1,Residential - Contextual One Dwelling,Released,2022-08-09T00:00:00.000,2022-08-15T00:00:00.000,2022-09-09T00:00:00.000,2024-08-15T00:00:00.000,Approval,Development Authority,VAL,VALLEY RIDGE,1,NW,51.092,-114.239,2,Titled Parcel;Building,307 VALLEY BROOK CI NW;307 VALLEY BROOK CI NW,"{""type"":""MultiPoint"",""coordinates"":[[-114.2385537,51.0918182],[-114.2383357,51.0918176]]}","MULTIPOINT ((-114.23855369509023 51.09181821952869),(-114.23833569646945 51.091817612317186))",,,,,
"{'type': 'Point', 'coordinates': [-114.02839456281176, 51.153724508916376]}",DP2022-05560,11175 14 ST NE,,Signs - Permitted Use with Relaxation,RELAXATION: SIGN - CLASS A (GAS BAR SIGN),C2670,SIGN - CLASS A,Permitted with a Relaxation,I-B f1.0h18,Industrial - Business,Cancelled,2022-08-09T00:00:00.000,,,,,,ST1,STONEY 1,3,NE,51.154,-114.028,2,Titled Parcel;Building,11175 14 ST NE;11175 14 ST NE,"{""type"":""MultiPoint"",""coordinates"":[[-114.0283946,51.1537245],[-114.0284984,51.1537726]]}","MULTIPOINT ((-114.02839456281176 51.153724508916376),(-114.02849841117428 51.15377258682329))",2022-08-30T00:00:00.000,,,,
"{'type': 'Point', 'coordinates': [-114.1847723976759, 51.057388286565484]}",DP2022-05562,791 COACH BLUFF CR SW,FASKEN MARTINEAU DUMOULIN LLP,Relaxation - Existing - Compliance Follow-Up,RELAXATION: ACCESSORY RESIDENTIAL BUILDING (EXISTING) - BUILDING SETBACK FROM SIDE & REAR PROPERTY LINE,C1020,ACCESSORY RESIDENTIAL BUILDING,Permitted with a Relaxation,R-C1,Residential - Contextual One Dwelling,Released,2022-08-09T00:00:00.000,2022-08-12T00:00:00.000,2022-09-09T00:00:00.000,2024-08-12T00:00:00.000,Approval,Development Authority,COA,COACH HILL,6,SW,51.057,-114.185,2,Titled Parcel;Building,791 COACH BLUFF CR SW;791 COACH BLUFF CR SW,"{""type"":""MultiPoint"",""coordinates"":[[-114.1847724,51.0573883],[-114.1848139,51.0572647]]}","MULTIPOINT ((-114.1847723976759 51.057388286565484),(-114.18481392893392 51.057264684130196))",,,,,
"{'type': 'Point', 'coordinates': [-114.24249564608483, 51.14906179242378]}",DP2022-05561,60 ROCKCLIFF PT NW,,Relaxation - Existing - Compliance Follow-Up,"RELAXATION: SINGLE DETACHED DWELLING (EXISTING) - BUILDING SETBACK FROM SIDE PROPERTY LINE, BALCONY (EXISTING) - PROJECTION INTO FRONT FACADE",C9999,OTHER,Permitted with a Relaxation,R-C1,Residential - Contextual One Dwelling,Cancelled,2022-08-09T00:00:00.000,,,,,,ROC,ROCKY RIDGE,1,NW,51.149,-114.242,2,Titled Parcel;Building,60 ROCKCLIFF PT NW;60 ROCKCLIFF PT NW,"{""type"":""MultiPoint"",""coordinates"":[[-114.2424956,51.1490618],[-114.2425944,51.1489328]]}","MULTIPOINT ((-114.24249564608483 51.14906179242378),(-114.24259437613883 51.14893280285336))",2024-01-25T00:00:00.000,,,,
"{'type': 'Point', 'coordinates': [-113.98870818932534, 50.903415075078]}",DP2022-05563,96 MCKINLEY RD SE,GLOBAL RAYMAC SURVEYING & ENGINEERING,Relaxation - Existing - Compliance Follow-Up,RELAXATION: DECK (EXISTING) - PROJECTION INTO SIDE SETBACK,C1455,DECK,Permitted with a Relaxation,R-C2,Residential - Contextual One/Two Dwelling,Released,2022-08-09T00:00:00.000,2022-09-09T00:00:00.000,2022-10-11T00:00:00.000,2024-09-09T00:00:00.000,Approval,Development Authority,MCK,MCKENZIE LAKE,14,SE,50.903,-113.989,2,Titled Parcel;Building,96 MCKINLEY RD SE;96 MCKINLEY RD SE,"{""type"":""MultiPoint"",""coordinates"":[[-113.9887082,50.9034151],[-113.9885933,50.9034394]]}","MULTIPOINT ((-113.98870818932534 50.903415075078),(-113.9885932640425 50.90343935475631))",,,,,
"{'type': 'Point', 'coordinates': [-114.0557459078166, 51.06189003105419]}",DP2022-05565,1109 EDMONTON TR NE,TOPMADE PLASTICS & NEON SIGNS,Signs - Discretionary Use,"NEW: SIGN - CLASS C (FREESTANDING SIGN), SIGN - CLASS E (DIGITAL MESSAGE SIGN) - ON FREESTANDING SIGN - 3 YEARS",C2710,SIGN - CLASS E,Discretionary,MU-2 f2.0h14,Mixed Use - Active Frontage,Released,2022-08-09T00:00:00.000,2022-09-29T00:00:00.000,2022-11-15T00:00:00.000,2024-09-29T00:00:00.000,Approval,Development Authority,CRE,CRESCENT HEIGHTS,7,NE,51.062,-114.056,2,Titled Parcel;Building,1109 EDMONTON TR NE;1109 EDMONTON TR NE,"{""type"":""MultiPoint"",""coordinates"":[[-114.0557459,51.06189],[-114.0560188,51.0618747]]}","MULTIPOINT ((-114.0557459078166 51.06189003105419),(-114.05601879593735 51.06187468102316))",,,,,
"{'type': 'Point', 'coordinates': [-113.97471077091488, 50.8879392754867]}",DP2022-05564,207 CRANBERRY GR SE,,Renovations - Non-Residential,REVISION: MULTI-RESIDENTIAL (DECK),C1455,DECK,Discretionary,R-2M,Residential - Low Density Multiple Dwelling,Cancelled,2022-08-09T00:00:00.000,,,,,,CRA,CRANSTON,12,SE,50.888,-113.975,2,Titled Parcel;Building,207 CRANBERRY GR SE;207 CRANBERRY GR SE,"{""type"":""MultiPoint"",""coordinates"":[[-113.9747108,50.8879393],[-113.974776,50.8880462]]}","MULTIPOINT ((-113.97471077091488 50.8879392754867),(-113.97477602051954 50.888046234355436))",2022-11-30T00:00:00.000,,,,
"{'type': 'Point', 'coordinates': [-114.05179388312797, 51.00096778902302]}",DP2022-05566,533 58 AV SE,PERMIT SOLUTIONS,Signs - Permitted Use,NEW: SIGN - CLASS B (FASCIA SIGNS - 8),C2680,SIGN - CLASS B,Permitted,I-C,Industrial - Commercial,Released,2022-08-09T00:00:00.000,2022-08-17T00:00:00.000,2022-08-17T00:00:00.000,2024-08-17T00:00:00.000,Approval,Development Authority,MNI,MANCHESTER INDUSTRIAL,9,SE,51.001,-114.052,2,Titled Parcel;Building,521 58 AV SE;533 58 AV SE,"{""type"":""MultiPoint"",""coordinates"":[[-114.0517939,51.0009678],[-114.0516861,51.0006805]]}","MULTIPOINT ((-114.05179388312797 51.00096778902302),(-114.05168612576296 51.000680522677484))",,,,,
"{'type': 'Point', 'coordinates': [-114.23934171003766, 51.094683119614615]}",DP2022-05567,187 VALLEY GLEN HT NW,GLOBAL RAYMAC SURVEYING & ENGINEERING,Relaxation - Existing - Compliance Follow-Up,RELAXATION: SINGLE DETACHED DWELLING (EXISTING) - BUILDING SETBACK FROM SIDE PROPERTY LINE ,C2730,SINGLE DETACHED DWELLING,Discretionary,R-C1,Residential - Contextual One Dwelling,Released,2022-08-09T00:00:00.000,2022-08-21T00:00:00.000,2022-09-16T00:00:00.000,2024-08-21T00:00:00.000,Approval,Development Authority,VAL,VALLEY RIDGE,1,NW,51.095,-114.239,2,Titled Parcel;Building,187 VALLEY GLEN HT NW;187 VALLEY GLEN HT NW,"{""type"":""MultiPoint"",""coordinates"":[[-114.2393417,51.0946831],[-114.2392204,51.0946298]]}","MULTIPOINT ((-114.23934171003766 51.094683119614615),(-114.23922043167414 51.0946298432998))",,,,,
"{'type': 'Point', 'coordinates': [-113.93559044097094, 51.124390680016525]}",DP2022-05568,141 TARAWOOD PL NE,,Relaxation - Existing - Residential - FastTrack - Comp Follow-Up,RELAXATION: SINGLE DETACHED DWELLING (EXISTING) - BUILDING SETBACK FROM SIDE PROPERTY LINE,C2730,SINGLE DETACHED DWELLING,Permitted with a Relaxation,R-1N,Residential - Narrow Parcel One Dwelling,Released,2022-08-09T00:00:00.000,2022-09-12T00:00:00.000,2022-10-07T00:00:00.000,2024-09-12T00:00:00.000,Approval,Development Authority,TAR,TARADALE,5,NE,51.124,-113.936,2,Titled Parcel;Building,141 TARAWOOD PL NE;141 TARAWOOD PL NE,"{""type"":""MultiPoint"",""coordinates"":[[-113.9355904,51.1243907],[-113.9353965,51.1243908]]}","MULTIPOINT ((-113.93559044097094 51.124390680016525),(-113.93539653428229 51.124390797803386))",,,,,
"{'type': 'Point', 'coordinates': [-113.98099419418138, 50.93091849706031]}",DP2022-05558,84 MT ABERDEEN CL SE,GLOBAL RAYMAC SURVEYING & ENGINEERING,Relaxation - Existing - Compliance Follow-Up,"RELAXATION: SINGLE DETACHED DWELLING (EXISTING) - BUILDING SETBACK FROM SIDE PROPERTY LINE, DECK (EXISTING) - PROJECTION INTO SIDE SETBACK, HEIGHT",C1455,DECK,Discretionary,R-C2,Residential - Contextual One/Two Dwelling,Released,2022-08-09T00:00:00.000,2022-08-23T00:00:00.000,2022-09-23T00:00:00.000,2024-08-23T00:00:00.000,Approval,Development Authority,MCK,MCKENZIE LAKE,14,SE,50.931,-113.981,2,Titled Parcel;Building,84 MT ABERDEEN CL SE;84 MT ABERDEEN CL SE,"{""type"":""MultiPoint"",""coordinates"":[[-113.9809942,50.9309185],[-113.9811356,50.9309198]]}","MULTIPOINT ((-113.98099419418138 50.93091849706031),(-113.98113555537424 50.93091984149792))",,,,,
"{'type': 'Point', 'coordinates': [-113.96657981317351, 51.14659894655501]}",DP2022-05570,402 CITYSCAPE SQ NE,,Signs - Permitted Use with Relaxation,NEW: SIGN - CLASS B (FASCIA SIGNS - 4),C2680,SIGN - CLASS B,Permitted,C-C1,Commercial - Community 1,Released,2022-08-09T00:00:00.000,2022-08-22T00:00:00.000,2022-08-23T00:00:00.000,2024-08-22T00:00:00.000,Approval,Development Authority,CSC,CITYSCAPE,5,NE,51.147,-113.967,3,Titled Parcel;Building;Building Suite,10474 CITYSCAPE DR NE;400 CITYSCAPE SQ NE;402 CITYSCAPE SQ NE,"{""type"":""MultiPoint"",""coordinates"":[[-113.9665798,51.1465989],[-113.9681978,51.1464863],[-113.9681474,51.1464541]]}","MULTIPOINT ((-113.96657981317351 51.14659894655501),(-113.96819781594472 51.14648626383888),(-113.96814738747845 51.14645407642481))",,,,,
"{'type': 'Point', 'coordinates': [-113.98565043329319, 51.02837809414155]}",DP2022-05572,3003 32A ST SE,JONES GEOMATICS,Relaxation - Existing - Compliance Follow-Up,RELAXATION: DECK (EXISTING) - PROJECTION INTO SIDE SETBACK,C1455,DECK,Discretionary,R-C1,Residential - Contextual One Dwelling,Released,2022-08-09T00:00:00.000,2022-08-15T00:00:00.000,2022-09-12T00:00:00.000,2024-08-15T00:00:00.000,Approval,Development Authority,DOV,DOVER,9,SE,51.028,-113.986,2,Titled Parcel;Building,3003 32A ST SE;3003 32A ST SE,"{""type"":""MultiPoint"",""coordinates"":[[-113.9856504,51.0283781],[-113.9856424,51.0285393]]}","MULTIPOINT ((-113.98565043329319 51.02837809414155),(-113.98564244311193 51.028539315485084))",,,,,
"{'type': 'Point', 'coordinates': [-113.92923997442374, 50.886980011531264]}",DP2022-05573,17979 72 ST SE,STANTEC CONSULTING,Renovations - Non-Residential,CHANGES TO SITE PLAN: SINGLE DETACHED DWELLING (NEW ACCESS ROAD); NEW: COMMUNITY ENTRANCE FEATURE,C9999,OTHER,Discretionary,M-1 d75; R-1; R-G; R-Gm; S-R; S-SPR,"Multi-Residential - Low Profile; Residential - Low Density Mixed Housing; Residential - Low Density Mixed Housing; Residential - One Dwelling; Special Purpose - Recreation; Special Purpose - School, Park and Community Reserve",Released,2022-08-09T00:00:00.000,2022-10-13T00:00:00.000,2022-11-24T00:00:00.000,2024-10-13T00:00:00.000,Approval,Development Authority,MAH,MAHOGANY,12,SE,50.887,-113.929,2,Titled Parcel;Titled Parcel,18010 72 ST SE;17979 72 ST SE,"{""type"":""MultiPoint"",""coordinates"":[[-113.92924,50.88698],[-113.9293264,50.8878476]]}","MULTIPOINT ((-113.92923997442374 50.886980011531264),(-113.92932639494161 50.887847596750525))",,,,,
"{'type': 'Point', 'coordinates': [-114.17920885943865, 51.14912744531916]}",DP2022-05575,121 CITADEL MEADOW CR NW,CHARLES HOTZEL & ASSOCIATES,Relaxation - Existing - Compliance Follow-Up,RELAXATION: DECK (EXISTING) - HEIGHT,C1455,DECK,Discretionary,R-C1N,Residential - Contextual Narrow Parcel One Dwelling,Released,2022-08-09T00:00:00.000,2022-08-11T00:00:00.000,2022-09-09T00:00:00.000,2024-08-11T00:00:00.000,Approval,Development Authority,CIT,CITADEL,2,NW,51.149,-114.179,2,Titled Parcel;Building,121 CITADEL MEADOW CR NW;121 CITADEL MEADOW CR NW,"{""type"":""MultiPoint"",""coordinates"":[[-114.1792089,51.1491274],[-114.1790465,51.1491742]]}","MULTIPOINT ((-114.17920885943865 51.14912744531916),(-114.17904651711957 51.14917422399561))",,,,,
"{'type': 'Point', 'coordinates': [-114.21859017488684, 51.15239071733867]}",DP2022-05569,33 ROYAL OAK MR NW,,Relaxation - Existing - Compliance Follow-Up,RELAXATION: DECK (EXISTING) - PROJECTION INTO REAR SETBACK,C1455,DECK,Discretionary,R-C1,Residential - Contextual One Dwelling,Released,2022-08-09T00:00:00.000,2022-08-17T00:00:00.000,2022-09-19T00:00:00.000,2024-08-17T00:00:00.000,Approval,Development Authority,ROY,ROYAL OAK,1,NW,51.152,-114.219,2,Titled Parcel;Building,33 ROYAL OAK MR NW;33 ROYAL OAK MR NW,"{""type"":""MultiPoint"",""coordinates"":[[-114.2185902,51.1523907],[-114.2186841,51.1522981]]}","MULTIPOINT ((-114.21859017488684 51.15239071733867),(-114.21868414793954 51.15229814678572))",,,,,
"{'type': 'Point', 'coordinates': [-113.97123572651992, 50.92676379980032]}",DP2022-05577,4 PRESTWICK CL SE,ARC SURVEYS,Relaxation - Existing - Residential - FastTrack - Comp Follow-Up,RELAXATION: DECK (EXISTING) - PROJECTION INTO SIDE SETBACK,C1455,DECK,Permitted with a Relaxation,R-1N,Residential - Narrow Parcel One Dwelling,Released,2022-08-09T00:00:00.000,2022-08-15T00:00:00.000,2022-09-14T00:00:00.000,2023-08-15T00:00:00.000,Approval,Development Authority,MCT,MCKENZIE TOWNE,12,SE,50.927,-113.971,2,Titled Parcel;Building,4 PRESTWICK CL SE;4 PRESTWICK CL SE,"{""type"":""MultiPoint"",""coordinates"":[[-113.9712357,50.9267638],[-113.9711224,50.9267677]]}","MULTIPOINT ((-113.97123572651992 50.92676379980032),(-113.97112235462392 50.92676767344291))",,,,,
"{'type': 'Point', 'coordinates': [-113.93133128759474, 51.06333447020756]}",DP2022-05578,868 ABBOTSFORD DR NE,NEW MAPLE GEOMATICS,Relaxation - Existing - Compliance Follow-Up,RELAXATION: ACCESSORY RESIDENTIAL BUILDING (EXISTING GARAGE) - BUILDING SETBACK FROM SIDE PROPERTY LINE,C1020,ACCESSORY RESIDENTIAL BUILDING,Permitted with a Relaxation,R-C2,Residential - Contextual One/Two Dwelling,Released,2022-08-09T00:00:00.000,2022-08-25T00:00:00.000,2022-09-23T00:00:00.000,2024-08-25T00:00:00.000,Approval,Development Authority,ABB,ABBEYDALE,10,NE,51.063,-113.931,2,Titled Parcel;Building,868 ABBOTSFORD DR NE;868 ABBOTSFORD DR NE,"{""type"":""MultiPoint"",""coordinates"":[[-113.9313313,51.0633345],[-113.9314234,51.0634172]]}","MULTIPOINT ((-113.93133128759474 51.06333447020756),(-113.93142339721994 51.06341723856052))",,,,,
"{'type': 'Point', 'coordinates': [-114.0682063997282, 50.94205937134548]}",DP2022-05580,#303 12445 LAKE FRASER DR SE,INSITE LICENSED INTERIOR DESIGN GROUP,Change of Use - Permitted Use,CHANGE OF USE: RETAIL AND CONSUMER SERVICE,C2515,RETAIL AND CONSUMER SERVICE,Permitted,C-COR3 f2.0h20,Commercial - Corridor 3,Released,2022-08-09T00:00:00.000,2022-08-17T00:00:00.000,2022-08-17T00:00:00.000,2023-08-17T00:00:00.000,Approval,Development Authority,LKB,LAKE BONAVISTA,14,SE,50.942,-114.068,4,Titled Parcel;Building;Building Suite;Building Suite,12445 LAKE FRASER DR SE;#300 12445 LAKE FRASER DR SE;#305 12445 LAKE FRASER DR SE;#303 12445 LAKE FRASER DR SE,"{""type"":""MultiPoint"",""coordinates"":[[-114.0682064,50.9420594],[-114.0693105,50.9419555],[-114.0693105,50.9419555],[-114.0693105,50.9419555]]}","MULTIPOINT ((-114.0682063997282 50.94205937134548),(-114.06931054491275 50.94195553529373),(-114.06931054491275 50.94195553529373),(-114.06931054491275 50.94195553529373))",,,,,
"{'type': 'Point', 'coordinates': [-114.17408126108627, 51.17029653264798]}",DP2022-05581,318 NOLANRIDGE CR NW,AERO SIGN & PRINT,Signs - Discretionary Use,NEW: SIGN - CLASS C (FREESTANDING SIGN),C2690,SIGN - CLASS C,Discretionary,I-C,Industrial - Commercial,Released,2022-08-09T00:00:00.000,2022-08-24T00:00:00.000,2022-09-23T00:00:00.000,2024-08-24T00:00:00.000,Approval,Development Authority,02C,RESIDUAL WARD 2 - SUB AREA 2C,2,NW,51.170,-114.174,1,Titled Parcel,318 NOLANRIDGE CR NW,"{""type"":""Point"",""coordinates"":[-114.1740813,51.1702965]}",POINT (-114.17408126108627 51.17029653264798),,,,,
"{'type': 'Point', 'coordinates': [-114.13656107026738, 51.00477791649558]}",DP2022-05576,5436 LAKEVIEW DR SW,CORE GEOMATICS GROUP,Relaxation - Existing - Compliance Follow-Up,RELAXATION: DECK (EXISTING) - PROJECTION INTO SIDE SETBACK,C1455,DECK,Discretionary,R-C1,Residential - Contextual One Dwelling,Released,2022-08-09T00:00:00.000,2022-08-18T00:00:00.000,2022-09-19T00:00:00.000,2024-08-18T00:00:00.000,Approval,Development Authority,LKV,LAKEVIEW,11,SW,51.005,-114.137,2,Titled Parcel;Building,5436 LAKEVIEW DR SW;5436 LAKEVIEW DR SW,"{""type"":""MultiPoint"",""coordinates"":[[-114.1365611,51.0047779],[-114.136405,51.0047835]]}","MULTIPOINT ((-114.13656107026738 51.00477791649558),(-114.13640498137356 51.00478350169006))",,,,,
"{'type': 'Point', 'coordinates': [-113.97606341067801, 51.09117436726497]}",DP2022-05583,144 WHITERAM CL NE,,Residential - Secondary Suite,NEW: SECONDARY SUITE (BASEMENT),C2626,SECONDARY SUITE,Discretionary,R-C1,Residential - Contextual One Dwelling,Released,2022-08-09T00:00:00.000,2022-09-09T00:00:00.000,2022-10-11T00:00:00.000,2024-09-09T00:00:00.000,Approval,Development Authority,WHI,WHITEHORN,10,NE,51.091,-113.976,2,Titled Parcel;Building,144 WHITERAM CL NE;144 WHITERAM CL NE,"{""type"":""MultiPoint"",""coordinates"":[[-113.9760634,51.0911744],[-113.9761723,51.0912454]]}","MULTIPOINT ((-113.97606341067801 51.09117436726497),(-113.97617226315087 51.091245407823585))",,,,,
"{'type': 'Point', 'coordinates': [-114.220746252895, 51.03374173734037]}",DP2022-05579,2407 CORTINA DR SW,,Relaxation - Existing - Compliance Follow-Up,RELAXATION: ACCESSORY BUILDING (EXISTING PERGOLA) - SEPARATION FROM THE MAIN BUILDING,B1005,ACCESSORY BUILDING,Permitted with a Relaxation,DC,DIRECT CONTROL DISTRICT                                 ,Released,2022-08-09T00:00:00.000,2022-08-15T00:00:00.000,2022-09-09T00:00:00.000,2024-08-15T00:00:00.000,Approval,Development Authority,SPH,SPRINGBANK HILL,6,SW,51.034,-114.221,2,Titled Parcel;Building,2407 CORTINA DR SW;2407 CORTINA DR SW,"{""type"":""MultiPoint"",""coordinates"":[[-114.2207463,51.0337417],[-114.2208838,51.033668]]}","MULTIPOINT ((-114.220746252895 51.03374173734037),(-114.22088378440809 51.033667986164346))",,,,,
"{'type': 'Point', 'coordinates': [-113.96580082017087, 51.07712686409035]}",DP2022-05585,#1 4801 26 AV NE,,Change of Use - Discretionary Use or Relaxations Required,CHANGE OF USE: OTHER,C9999,OTHER,Discretionary,DC,DIRECT CONTROL DISTRICT                                 ,Cancelled,2022-08-09T00:00:00.000,,,,,,RUN,RUNDLE,10,NE,51.077,-113.966,3,Titled Parcel;Building;Building Suite,4801 26 AV NE;4801 26 AV NE;#1 4801 26 AV NE,"{""type"":""MultiPoint"",""coordinates"":[[-113.9658008,51.0771269],[-113.9658862,51.0769728],[-113.9658862,51.0769728]]}","MULTIPOINT ((-113.96580082017087 51.07712686409035),(-113.96588621445696 51.07697280586625),(-113.96588621445696 51.07697280586625))",2024-02-07T00:00:00.000,,,,
"{'type': 'Point', 'coordinates': [-114.1476010428405, 51.1158087356347]}",DP2022-05582,247 EDGEMONT PL NW,SMT CARPENTRY,Relaxation - New - Residential,RELAXATION: DECK - PROJECTION INTO REAR SETBACK,C1455,DECK,Discretionary,R-C1,Residential - Contextual One Dwelling,Released,2022-08-09T00:00:00.000,2022-08-26T00:00:00.000,2022-09-26T00:00:00.000,2024-08-26T00:00:00.000,Approval,Development Authority,EDG,EDGEMONT,4,NW,51.116,-114.148,2,Titled Parcel;Building,247 EDGEMONT PL NW;247 EDGEMONT PL NW,"{""type"":""MultiPoint"",""coordinates"":[[-114.147601,51.1158087],[-114.1476754,51.1159419]]}","MULTIPOINT ((-114.1476010428405 51.1158087356347),(-114.14767536485941 51.115941859121094))",,,,,
"{'type': 'Point', 'coordinates': [-114.21238877812442, 51.07084841831053]}",DP2022-05589,4 COUGARSTONE VI SW,,Residential - Secondary Suite,NEW: SECONDARY SUITE (BASEMENT),C2626,SECONDARY SUITE,Discretionary,R-1,Residential - One Dwelling,Released,2022-08-09T00:00:00.000,2022-08-26T00:00:00.000,2022-09-23T00:00:00.000,2024-08-26T00:00:00.000,Approval,Development Authority,CGR,COUGAR RIDGE,6,SW,51.071,-114.212,2,Titled Parcel;Building,4 COUGARSTONE VI SW;4 COUGARSTONE VI SW,"{""type"":""MultiPoint"",""coordinates"":[[-114.2123888,51.0708484],[-114.2123396,51.0709586]]}","MULTIPOINT ((-114.21238877812442 51.07084841831053),(-114.21233958451107 51.07095859560904))",,,,,
"{'type': 'Point', 'coordinates': [-114.12864878371825, 51.14418695399905]}",DP2022-05586,50 HAMPSTEAD GD NW,SAVOY DESIGNS,Residential - Secondary Suite,NEW: SECONDARY SUITE (BASEMENT),C2626,SECONDARY SUITE,Discretionary,R-C1,Residential - Contextual One Dwelling,Released,2022-08-09T00:00:00.000,2022-09-14T00:00:00.000,2022-10-14T00:00:00.000,2024-09-14T00:00:00.000,Approval,Development Authority,HAM,HAMPTONS,2,NW,51.144,-114.129,2,Titled Parcel;Building,50 HAMPSTEAD GD NW;50 HAMPSTEAD GD NW,"{""type"":""MultiPoint"",""coordinates"":[[-114.1286488,51.144187],[-114.128556,51.1442812]]}","MULTIPOINT ((-114.12864878371825 51.14418695399905),(-114.12855602384606 51.14428124884628))",,,,,
"{'type': 'Point', 'coordinates': [-114.26809180059783, 51.090465379809736]}",DP2022-05587,98 VALLEY CREST CL NW,QUIET RESTING PLACE,Change of Use - Discretionary Use or Relaxations Required,TEMPORARY USE: BED AND BREAKFAST (18 MONTHS),C1190,BED AND BREAKFAST,Discretionary,R-C2,Residential - Contextual One/Two Dwelling,Released,2022-08-09T00:00:00.000,2022-09-12T00:00:00.000,2022-10-11T00:00:00.000,2024-09-12T00:00:00.000,Approval,Development Authority,VAL,VALLEY RIDGE,1,NW,51.090,-114.268,2,Titled Parcel;Building,98 VALLEY CREST CL NW;98 VALLEY CREST CL NW,"{""type"":""MultiPoint"",""coordinates"":[[-114.2680918,51.0904654],[-114.2679273,51.090468]]}","MULTIPOINT ((-114.26809180059783 51.090465379809736),(-114.26792732785549 51.0904679503073))",,,,,
"{'type': 'Point', 'coordinates': [-113.92843421262315, 51.13467030249462]}",DP2022-05590,173 SADDLEBROOK CI NE,,Residential - Secondary Suite,NEW: SECONDARY SUITE (BASEMENT),C2626,SECONDARY SUITE,Discretionary,R-1N,Residential - Narrow Parcel One Dwelling,Released,2022-08-09T00:00:00.000,2022-09-09T00:00:00.000,2022-10-07T00:00:00.000,2024-09-09T00:00:00.000,Approval,Development Authority,SAD,SADDLE RIDGE,5,NE,51.135,-113.928,2,Titled Parcel;Building,173 SADDLEBROOK CI NE;173 SADDLEBROOK CI NE,"{""type"":""MultiPoint"",""coordinates"":[[-113.9284342,51.1346703],[-113.9282941,51.1346698]]}","MULTIPOINT ((-113.92843421262315 51.13467030249462),(-113.92829411654213 51.13466975821874))",,,,,
"{'type': 'Point', 'coordinates': [-114.1277455799236, 51.040829023083276]}",DP2022-05591,1416 28 ST SW,DESIGNHAUS STUDIO,Residential - Secondary Suite,NEW: SECONDARY SUITE (BASEMENT),C2626,SECONDARY SUITE,Permitted with a Relaxation,R-C2,Residential - Contextual One/Two Dwelling,Released,2022-08-09T00:00:00.000,2022-09-18T00:00:00.000,2022-10-18T00:00:00.000,2024-09-18T00:00:00.000,Approval,Development Authority,SHG,SHAGANAPPI,8,SW,51.041,-114.128,2,Titled Parcel;Building,1416 28 ST SW;1416 28 ST SW,"{""type"":""MultiPoint"",""coordinates"":[[-114.1277456,51.040829],[-114.1275645,51.0408338]]}","MULTIPOINT ((-114.1277455799236 51.040829023083276),(-114.1275644982203 51.04083380563541))",,,,,
"{'type': 'Point', 'coordinates': [-114.05954963283855, 50.86268630632208]}",DP2022-05588,21 CREEKSIDE BV SW,,Relaxation - New - Accessory Building,NEW: ACCESSORY RESIDENTIAL BUILDING (GARAGE) - DRIVEWAY LENGTH,C1020,ACCESSORY RESIDENTIAL BUILDING,Permitted with a Relaxation,R-Gm,Residential - Low Density Mixed Housing,Cancelled,2022-08-09T00:00:00.000,,,,,,PCK,PINE CREEK,13,SW,50.863,-114.060,2,Titled Parcel;Building,21 CREEKSIDE BV SW;21 CREEKSIDE BV SW,"{""type"":""MultiPoint"",""coordinates"":[[-114.0595496,50.8626863],[-114.0596778,50.8626786]]}","MULTIPOINT ((-114.05954963283855 50.86268630632208),(-114.05967783753096 50.862678581349314))",2022-09-19T00:00:00.000,,,,
"{'type': 'Point', 'coordinates': [-113.9307211453503, 50.90999577471353]}",DP2022-05592,1013 COPPERFIELD BV SE,,Residential - Secondary Suite,NEW: SECONDARY SUITE (BASEMENT),C2626,SECONDARY SUITE,Discretionary,R-1N,Residential - Narrow Parcel One Dwelling,Released,2022-08-09T00:00:00.000,2022-08-26T00:00:00.000,2022-09-27T00:00:00.000,2024-08-26T00:00:00.000,Approval,Development Authority,CPF,COPPERFIELD,12,SE,50.910,-113.931,2,Titled Parcel;Building,1013 COPPERFIELD BV SE;1013 COPPERFIELD BV SE,"{""type"":""MultiPoint"",""coordinates"":[[-113.9307211,50.9099958],[-113.930725,50.9098903]]}","MULTIPOINT ((-113.9307211453503 50.90999577471353),(-113.93072499898749 50.909890280019056))",,,,,
"{'type': 'Point', 'coordinates': [-113.96656489394583, 51.124160917672754]}",DP2022-05593,20 MARTHA'S MEADOW PL NE,,Residential - Secondary Suite,NEW: SECONDARY SUITE (BASEMENT),C2626,SECONDARY SUITE,Discretionary,R-C1N,Residential - Contextual Narrow Parcel One Dwelling,Released,2022-08-09T00:00:00.000,2022-09-09T00:00:00.000,2022-10-11T00:00:00.000,2024-09-09T00:00:00.000,Approval,Development Authority,MRT,MARTINDALE,5,NE,51.124,-113.967,2,Titled Parcel;Building,20 MARTHA'S MEADOW PL NE;20 MARTHA'S MEADOW PL NE,"{""type"":""MultiPoint"",""coordinates"":[[-113.9665649,51.1241609],[-113.9667213,51.1241821]]}","MULTIPOINT ((-113.96656489394583 51.124160917672754),(-113.96672125741755 51.12418206088713))",,,,,
"{'type': 'Point', 'coordinates': [-113.9689398654729, 51.1570949173372]}",DP2022-05594,392 SKYVIEW SHORES MR NE,LOBSANG ELECTRIC,Residential - Secondary Suite,NEW: SECONDARY SUITE (BASEMENT),C2626,SECONDARY SUITE,Discretionary,R-1N,Residential - Narrow Parcel One Dwelling,Released,2022-08-10T00:00:00.000,2022-09-26T00:00:00.000,2022-10-21T00:00:00.000,2024-09-26T00:00:00.000,Approval,Development Authority,SKR,SKYVIEW RANCH,5,NE,51.157,-113.969,1,Titled Parcel,392 SKYVIEW SHORES MR NE,"{""type"":""Point"",""coordinates"":[-113.9689399,51.1570949]}",POINT (-113.9689398654729 51.1570949173372),,,,,
"{'type': 'Point', 'coordinates': [-114.0541431631773, 51.16315886581205]}",DP2022-05595,71 COVENTRY VW NE,,Residential - Secondary Suite,NEW: SECONDARY SUITE (BASEMENT) - PARKING STALL,C2626,SECONDARY SUITE,Discretionary,R-1N,Residential - Narrow Parcel One Dwelling,Released,2022-08-10T00:00:00.000,2022-09-18T00:00:00.000,2022-10-17T00:00:00.000,2024-09-18T00:00:00.000,Approval,Development Authority,COV,COVENTRY HILLS,3,NE,51.163,-114.054,2,Titled Parcel;Building,71 COVENTRY VW NE;71 COVENTRY VW NE,"{""type"":""MultiPoint"",""coordinates"":[[-114.0541432,51.1631589],[-114.0540289,51.1632139]]}","MULTIPOINT ((-114.0541431631773 51.16315886581205),(-114.05402885058417 51.16321391673379))",,,,,
"{'type': 'Point', 'coordinates': [-113.93559044097094, 51.124390680016525]}",DP2022-05597,141R TARAWOOD PL NE,,Relaxation - Existing - Residential - FastTrack - Comp Follow-Up,RELAXATION: SINGLE DETACHED DWELLING (EXISTING) - BUILDING SETBACK FROM SIDE PROPERTYLINE,C2730,SINGLE DETACHED DWELLING,Permitted,R-1N,Residential - Narrow Parcel One Dwelling,Cancelled,2022-08-10T00:00:00.000,,,,,,TAR,TARADALE,5,NE,51.124,-113.936,3,Titled Parcel;Building;Building Suite,141 TARAWOOD PL NE;141 TARAWOOD PL NE;141R TARAWOOD PL NE,"{""type"":""MultiPoint"",""coordinates"":[[-113.9355904,51.1243907],[-113.9353965,51.1243908],[-113.9352748,51.1243754]]}","MULTIPOINT ((-113.93559044097094 51.124390680016525),(-113.93539653428229 51.124390797803386),(-113.935274832122 51.12437538524561))",2022-08-10T00:00:00.000,,,,
"{'type': 'Point', 'coordinates': [-113.97386168973814, 51.149297672524504]}",DP2022-05596,10690 42 ST NE,,Change of Use - With Change to Site Plan,CHANGES TO SITE PLAN: GENERAL INDUSTRIAL - MEDIUM (GENERATOR SCREENING AND TRAILER PARKING PAD),C1686,GENERAL INDUSTRIAL - MEDIUM,Permitted,I-G,Industrial - General,Released,2022-08-10T00:00:00.000,2022-10-03T00:00:00.000,2023-04-06T00:00:00.000,2024-10-03T00:00:00.000,Approval,Development Authority,ST3,STONEY 3,5,NE,51.149,-113.974,2,Titled Parcel;Building,10690 42 ST NE;10690 42 ST NE,"{""type"":""MultiPoint"",""coordinates"":[[-113.9738617,51.1492977],[-113.9723358,51.1494826]]}","MULTIPOINT ((-113.97386168973814 51.149297672524504),(-113.9723358197365 51.14948256071636))",,,,,
"{'type': 'Point', 'coordinates': [-114.20959409572096, 51.061454717909214]}",DP2022-05599,#2118 8561 8A AV SW,FIRST STEPS ACADEMY,Change of Use - Discretionary Use or Relaxations Required,CHANGE OF USE: CHILD CARE SERVICE (38 CHILDREN),C1310,CHILD CARE SERVICE,Discretionary,DC,Direct Control (1P2007),Released,2022-08-10T00:00:00.000,2022-09-09T00:00:00.000,2022-10-11T00:00:00.000,2024-09-09T00:00:00.000,Approval,Development Authority,WSP,WEST SPRINGS,6,SW,51.061,-114.210,3,Titled Parcel;Building;Building Suite,#2000 8561 8A AV SW;#2000 8561 8A AV SW;#2118 8561 8A AV SW,"{""type"":""MultiPoint"",""coordinates"":[[-114.2095941,51.0614547],[-114.2092946,51.0610797],[-114.2092952,51.0611593]]}","MULTIPOINT ((-114.20959409572096 51.061454717909214),(-114.20929463516325 51.0610797089153),(-114.20929516526606 51.06115931193878))",,,,,
"{'type': 'Point', 'coordinates': [-113.90526366019462, 50.951265207782114]}",DP2022-05598,11427 89 ST SE,,Relaxation - New - Residential,"RELAXATION: ACCESSORY RESIDENTIAL BUILDING (GARAGE) - BUILDING COVERAGE, BUILDING HEIGHT, EAVELINE HEIGHT",C1020,ACCESSORY RESIDENTIAL BUILDING,Permitted with a Relaxation,S-FUD,Special Purpose - Future Urban Development,Released,2022-08-10T00:00:00.000,2022-10-14T00:00:00.000,2022-11-15T00:00:00.000,2024-10-14T00:00:00.000,Approval,Development Authority,12A,RESIDUAL WARD 12 - SUB AREA 12A,12,SE,50.951,-113.905,1,Titled Parcel,11427 89 ST SE,"{""type"":""Point"",""coordinates"":[-113.9052637,50.9512652]}",POINT (-113.90526366019462 50.951265207782114),,,,,
"{'type': 'Point', 'coordinates': [-114.05437474529438, 51.16335129659783]}",DP2022-05603,83 COVENTRY VW NE,,Residential - Secondary Suite,NEW: SECONDARY SUITE (BASEMENT),C2626,SECONDARY SUITE,Discretionary,R-1N,Residential - Narrow Parcel One Dwelling,Released,2022-08-10T00:00:00.000,2022-09-18T00:00:00.000,2022-10-18T00:00:00.000,2024-09-18T00:00:00.000,Approval,Development Authority,COV,COVENTRY HILLS,3,NE,51.163,-114.054,2,Titled Parcel;Building,83 COVENTRY VW NE;83 COVENTRY VW NE,"{""type"":""MultiPoint"",""coordinates"":[[-114.0543747,51.1633513],[-114.054258,51.1634071]]}","MULTIPOINT ((-114.05437474529438 51.16335129659783),(-114.05425796002781 51.163407148960836))",,,,,
"{'type': 'Point', 'coordinates': [-113.98772030628123, 50.999664260548734]}",DP2022-05602,6111 30 ST SE,,Renovations - Non-Residential,EXTERIOR RENOVATIONS: GENERAL INDUSTRIAL - LIGHT (REFURBISH BUILDING FAÇADE),C1685,GENERAL INDUSTRIAL - LIGHT,Permitted,I-G,Industrial - General,Cancelled,2022-08-10T00:00:00.000,,,,,,FHI,FOOTHILLS,9,SE,51.000,-113.988,2,Titled Parcel;Building,6111 30 ST SE;6111 30 ST SE,"{""type"":""MultiPoint"",""coordinates"":[[-113.9877203,50.9996643],[-113.9879085,50.9992008]]}","MULTIPOINT ((-113.98772030628123 50.999664260548734),(-113.98790845611356 50.99920076592024))",2024-02-07T00:00:00.000,,,,
"{'type': 'Point', 'coordinates': [-114.04102619916347, 51.05017353425481]}",DP2022-05607,61 9 ST NE,,Change of Use - Discretionary Use or Relaxations Required,CHANGE OF USE: LIQUOR STORE,C1910,LIQUOR STORE,Discretionary,DC,Direct Control (1P2007),Released,2022-08-10T00:00:00.000,2023-02-16T00:00:00.000,2023-03-17T00:00:00.000,2024-02-16T00:00:00.000,Approval,Development Authority,BRD,BRIDGELAND/RIVERSIDE,9,NE,51.050,-114.041,3,Titled Parcel;Building;Building Suite,950 MCPHERSON SQ NE;950 MCPHERSON SQ NE;61 9 ST NE,"{""type"":""MultiPoint"",""coordinates"":[[-114.0410262,51.0501735],[-114.0407863,51.050585],[-114.0405853,51.0505504]]}","MULTIPOINT ((-114.04102619916347 51.05017353425481),(-114.04078625512507 51.050585041973044),(-114.04058528153023 51.05055038462332))",,,,,
"{'type': 'Point', 'coordinates': [-114.03237789849567, 51.04035495808985]}",DP2022-05609,#3 1335 9 AV SE,,Change of Use - Permitted Use,CHANGE OF USE: PERSONAL SERVICE BUSINESS/ESTABLISHMENT,B7115,PERSONAL SERVICE BUSINESS/ESTABLISHMENT,Permitted,DC,DIRECT CONTROL DISTRICT                                 ,Cancelled,2022-08-10T00:00:00.000,,,,,,ING,INGLEWOOD,9,SE,51.040,-114.032,3,Titled Parcel;Building;Building Suite,1335 9 AV SE;1335 9 AV SE;#3 1335 9 AV SE,"{""type"":""MultiPoint"",""coordinates"":[[-114.0323779,51.040355],[-114.0323908,51.0402989],[-114.0323808,51.0403759]]}","MULTIPOINT ((-114.03237789849567 51.04035495808985),(-114.03239080682124 51.04029887651406),(-114.03238076494608 51.04037589440041))",2022-08-30T00:00:00.000,,,,
"{'type': 'Point', 'coordinates': [-113.98062007253507, 51.015964269515884]}",DP2022-05608,303 ERIN WOODS GR SE,,Relaxation - New - Residential,RELAXATION: FENCE - HEIGHT,C1575,FENCE,Permitted with a Relaxation,R-MH,Residential - Manufactured Home,Cancelled,2022-08-10T00:00:00.000,,,,,,ERI,ERIN WOODS,9,SE,51.016,-113.981,2,Titled Parcel;Building,303 ERIN WOODS GR SE;303 ERIN WOODS GR SE,"{""type"":""MultiPoint"",""coordinates"":[[-113.9806201,51.0159643],[-113.9808218,51.0159597]]}","MULTIPOINT ((-113.98062007253507 51.015964269515884),(-113.98082175164963 51.015959735982804))",2022-09-22T00:00:00.000,,,,
"{'type': 'Point', 'coordinates': [-114.02486108208237, 51.08128245494023]}",DP2022-05610,1341 32 AV NE,DILLON CONSULTING,Signs - Permitted Use with Relaxation,NEW: SIGN - CLASS B (FASCIA SIGNS - 2) - LOCATED BELOW SIGNAGE AREA,C2680,SIGN - CLASS B,Permitted with a Relaxation,C-COR3 f1.0h12,Commercial - Corridor 3,Released,2022-08-10T00:00:00.000,2022-09-09T00:00:00.000,2022-10-11T00:00:00.000,2024-09-09T00:00:00.000,Approval,Development Authority,SAW,SOUTH AIRWAYS,10,NE,51.081,-114.025,3,Titled Parcel;Building;Entryway,1555 32 AV NE;1341 32 AV NE;1341 32 AV NE,"{""type"":""MultiPoint"",""coordinates"":[[-114.0248611,51.0812825],[-114.0255985,51.0808875],[-114.0255985,51.0808875]]}","MULTIPOINT ((-114.02486108208237 51.08128245494023),(-114.02559854805428 51.08088746018971),(-114.02559854805428 51.08088746018971))",,,,,
"{'type': 'Point', 'coordinates': [-114.05433605217104, 51.05276163991922]}",DP2022-05611,404 MEREDITH RD NE,,Change of Use - Discretionary Use or Relaxations Required,"CHANGE OF USE: CHILD CARE SERVICE (INCREASE TO EXISTING, 35 CHILDREN)",C1310,CHILD CARE SERVICE,Discretionary,M-C2,Multi-Residential - Contextual Medium Profile,Released,2022-08-10T00:00:00.000,2022-09-29T00:00:00.000,2022-10-28T00:00:00.000,2024-09-29T00:00:00.000,Approval,Development Authority,CRE,CRESCENT HEIGHTS,7,NE,51.053,-114.054,4,Titled Parcel;Titled Parcel;Titled Parcel;Titled Parcel,417 MARSH RD NE;427 MARSH RD NE;404 MEREDITH RD NE;423 MARSH RD NE,"{""type"":""MultiPoint"",""coordinates"":[[-114.0543361,51.0527616],[-114.0538479,51.0527619],[-114.0540623,51.0520381],[-114.0539565,51.0527618]]}","MULTIPOINT ((-114.05433605217104 51.05276163991922),(-114.05384792656525 51.05276186581113),(-114.0540622854451 51.05203809424003),(-114.05395649717946 51.05276181574373))",,,,,
"{'type': 'Point', 'coordinates': [-114.00005434458184, 51.09118970863662]}",DP2022-05612,#117 2611 HOPEWELL PL NE,,Change of Use - Discretionary Use or Relaxations Required,CHANGE OF USE: OFFICE (OFFICE),C2110,OFFICE,Discretionary,I-G,Industrial - General,Cancelled,2022-08-10T00:00:00.000,,,,,,HOR,HORIZON,10,NE,51.091,-114.000,3,Titled Parcel;Building;Entryway,2611 HOPEWELL PL NE;2611 HOPEWELL PL NE;#117 2611 HOPEWELL PL NE,"{""type"":""MultiPoint"",""coordinates"":[[-114.0000543,51.0911897],[-114.0001843,51.0904134],[-114.0001843,51.0904134]]}","MULTIPOINT ((-114.00005434458184 51.09118970863662),(-114.00018427172645 51.09041343322891),(-114.00018427172645 51.09041343322891))",2022-08-30T00:00:00.000,,,,
"{'type': 'Point', 'coordinates': [-114.14158739080243, 51.09896744275744]}",DP2022-05613,5111 NORTHLAND DR NW,DIALOG,Commercial - Other Areas,"NEW: VETERINARY CLINIC, RETAIL AND CONSUMER SERVICE (1 BUILDING)",C2515; C2990,RETAIL AND CONSUMER SERVICE; VETERINARY CLINIC,Discretionary,DC,Direct Control (1P2007),Released,2022-08-10T00:00:00.000,2022-12-07T00:00:00.000,2023-04-11T00:00:00.000,2025-12-07T00:00:00.000,Approval,Development Authority,BRE,BRENTWOOD,4,NW,51.099,-114.142,1,Titled Parcel,5111 NORTHLAND DR NW,"{""type"":""Point"",""coordinates"":[-114.1415874,51.0989674]}",POINT (-114.14158739080243 51.09896744275744),,,,,
"{'type': 'Point', 'coordinates': [-114.23122447851803, 51.15365924406856]}",DP2022-05615,248 ROYAL OAK HT NW,POOCH HAUS,Home Occupation Class 2,TEMPORARY USE: HOME OCCUPATION - CLASS 2 (PET BAKERY - 18 MONTHS),C1730,HOME OCCUPATION - CLASS 2,Discretionary,R-C1,Residential - Contextual One Dwelling,Released,2022-08-10T00:00:00.000,2022-08-25T00:00:00.000,2022-09-23T00:00:00.000,2023-08-25T00:00:00.000,Approval,Development Authority,ROY,ROYAL OAK,1,NW,51.154,-114.231,2,Titled Parcel;Building,248 ROYAL OAK HT NW;248 ROYAL OAK HT NW,"{""type"":""MultiPoint"",""coordinates"":[[-114.2312245,51.1536592],[-114.2312157,51.1537579]]}","MULTIPOINT ((-114.23122447851803 51.15365924406856),(-114.23121568030568 51.153757895131996))",,,,,
"{'type': 'Point', 'coordinates': [-113.96401896259418, 50.98214206950144]}",DP2022-05614,7910 48 ST SE,PERMIT MASTERS,Temporary Structure,TEMPORARY USE: GENERAL INDUSTRIAL - LIGHT (STORAGE TENT) - 5 YEARS,C1685,GENERAL INDUSTRIAL - LIGHT,Permitted,I-G,Industrial - General,Released,2022-08-10T00:00:00.000,2022-09-23T00:00:00.000,2022-09-23T00:00:00.000,2024-09-23T00:00:00.000,Approval,Development Authority,FHI,FOOTHILLS,9,SE,50.982,-113.964,1,Titled Parcel,7910 48 ST SE,"{""type"":""Point"",""coordinates"":[-113.964019,50.9821421]}",POINT (-113.96401896259418 50.98214206950144),,,,,
"{'type': 'Point', 'coordinates': [-114.21451049914985, 51.09256812791927]}",DP2022-05617,8711 34 AV NW,JOHN TRINH & ASSOCIATES,Residential - New Single / Semi / Duplex,"NEW: SEMI-DETACHED DWELLING, SECONDARY SUITE (BASEMENTS), ACCESSORY RESIDENTIAL BUILDING (GARAGE)",C1020; C2626; C2640,ACCESSORY RESIDENTIAL BUILDING; SECONDARY SUITE; SEMI-DETACHED DWELLING,Discretionary,R-C2,Residential - Contextual One/Two Dwelling,Released,2022-08-10T00:00:00.000,2022-09-16T00:00:00.000,2022-11-23T00:00:00.000,2024-09-16T00:00:00.000,Approval,Development Authority,BOW,BOWNESS,1,NW,51.093,-114.215,2,Titled Parcel;Building,8711 34 AV NW;8711 34 AV NW,"{""type"":""MultiPoint"",""coordinates"":[[-114.2145105,51.0925681],[-114.2146379,51.0925015]]}","MULTIPOINT ((-114.21451049914985 51.09256812791927),(-114.21463786931567 51.092501460490666))",,,,,
"{'type': 'Point', 'coordinates': [-114.0654016842492, 50.95076218780573]}",DP2022-05616,#355 100 ANDERSON RD SE,,Change of Use - With Change to Site Plan,CHANGES TO SITE PLAN: CHANGES TO SITE PLAN: OUTDOOR CAF� (SOUTH ELEVATION); EXTERIOR RENOVATION: RESTAURANT: LICENCED (SOUTH FA�ADE); CHANGE OF USE: RESTAURANT: LICENCED,C2130; C2485 ,OUTDOOR CAFE; RESTAURANT: LICENSED,Discretionary,C-R2 f2.0,Commercial - Regional 2,Released,2022-08-10T00:00:00.000,2022-10-21T00:00:00.000,2022-12-06T00:00:00.000,2024-10-21T00:00:00.000,Approval,Development Authority,WIL,WILLOW PARK,11,SE,50.951,-114.065,3,Titled Parcel;Building;Building Suite,100 ANDERSON RD SE;100 ANDERSON RD SE;#355 100 ANDERSON RD SE,"{""type"":""MultiPoint"",""coordinates"":[[-114.0654017,50.9507622],[-114.0661672,50.952583],[-114.0649861,50.9518331]]}","MULTIPOINT ((-114.0654016842492 50.95076218780573),(-114.06616722489731 50.95258295313279),(-114.06498614156946 50.951833096341176))",,,,,
"{'type': 'Point', 'coordinates': [-114.01363374136238, 50.85402083506531]}",DP2022-05618,291 LEGACY MT SE,,Relaxation - New - Residential,"NEW: ACCESSORY RESIDENTIAL BUILDING (PERGOLA) - BUILDING HEIGHT, SETBACK FROM SIDE PROPERTY LINE",C1020,ACCESSORY RESIDENTIAL BUILDING,Permitted with a Relaxation,R-1,Residential - One Dwelling,Released,2022-08-10T00:00:00.000,2022-09-15T00:00:00.000,2022-10-14T00:00:00.000,2024-09-15T00:00:00.000,Approval,Development Authority,LEG,LEGACY,14,SE,50.854,-114.014,2,Titled Parcel;Building,291 LEGACY MT SE;291 LEGACY MT SE,"{""type"":""MultiPoint"",""coordinates"":[[-114.0136337,50.8540208],[-114.0134624,50.8540158]]}","MULTIPOINT ((-114.01363374136238 50.85402083506531),(-114.01346235967507 50.854015847513566))",,,,,
"{'type': 'Point', 'coordinates': [-114.04851713777134, 51.07850171514898]}",DP2022-05620,3115 6 ST NE,DWAYNE SEAL CUSTOM DESIGNS,Residential - Additions over 10 sq metres,"ADDITION: SINGLE DETACHED DWELLING (MAIN FLOOR - FRONT AND LEFT, ATTACHED GARAGE), RETAINING WALL (EXISTING) - HEIGHT ",C2535; C2730,RETAINING WALL; SINGLE DETACHED DWELLING,Discretionary,R-C2,Residential - Contextual One/Two Dwelling,Released,2022-08-10T00:00:00.000,2022-12-14T00:00:00.000,2023-03-14T00:00:00.000,2024-12-14T00:00:00.000,Approval,Development Authority,WIN,WINSTON HEIGHTS/MOUNTVIEW,4,NE,51.079,-114.049,2,Titled Parcel;Building,3115 6 ST NE;3115 6 ST NE,"{""type"":""MultiPoint"",""coordinates"":[[-114.0485171,51.0785017],[-114.0485913,51.0784241]]}","MULTIPOINT ((-114.04851713777134 51.07850171514898),(-114.04859126571995 51.07842411240043))",,,,,
"{'type': 'Point', 'coordinates': [-114.00133530440492, 51.15562924007708]}",DP2022-05619,#120 11358 BARLOW TR NE,,Change of Use - With Change to Site Plan,"CHANGES TO SITE PLAN: BREWERY, WINERY AND DISTILLERY (SILO, 2 TANKS)",C1225,"BREWERY, WINERY AND DISTILLERY",Discretionary,I-C,Industrial - Commercial,Released,2022-08-10T00:00:00.000,2022-12-22T00:00:00.000,2023-02-07T00:00:00.000,2024-12-22T00:00:00.000,Approval,Development Authority,SGL,STONEGATE LANDING,5,NE,51.156,-114.001,4,Titled Parcel;Building;Building Suite;Building Suite,11358 BARLOW TR NE;11358 BARLOW TR NE;#120 11358 BARLOW TR NE;#130 11358 BARLOW TR NE,"{""type"":""MultiPoint"",""coordinates"":[[-114.0013353,51.1556292],[-114.0007774,51.1555922],[-114.0007654,51.1560278],[-114.0007604,51.1558762]]}","MULTIPOINT ((-114.00133530440492 51.15562924007708),(-114.00077742122963 51.15559219014206),(-114.00076537794236 51.156027770424465),(-114.00076037223312 51.155876179488686))",,,,,
"{'type': 'Point', 'coordinates': [-114.1436122081052, 51.03516807073534]}",DP2022-05622,3915 GLENWOOD AV SW,COCOON HAIR STUDIO,Home Occupation Class 2,TEMPORARY USE: HOME OCCUPATION - CLASS 2 (HAIR STYLIST -5 YEARS),C1730,HOME OCCUPATION - CLASS 2,Discretionary,R-C1,Residential - Contextual One Dwelling,Released,2022-08-10T00:00:00.000,2022-09-12T00:00:00.000,2022-10-12T00:00:00.000,2023-09-12T00:00:00.000,Approval,Development Authority,GDL,GLENDALE,6,SW,51.035,-114.144,2,Titled Parcel;Building,3915 GLENWOOD AV SW;3915 GLENWOOD AV SW,"{""type"":""MultiPoint"",""coordinates"":[[-114.1436122,51.0351681],[-114.1435542,51.0350926]]}","MULTIPOINT ((-114.1436122081052 51.03516807073534),(-114.14355418860684 51.03509264606401))",,,,,
"{'type': 'Point', 'coordinates': [-114.09692077562656, 51.160854353974656]}",DP2022-05621,35 HIDDEN CREEK CI NW,MUSHROOM LABS,Home Occupation Class 2,TEMPORARY USE: HOME OCCUPATION - CLASS 2 (HORTICULTURIST -3 YEARS),C1730,HOME OCCUPATION - CLASS 2,Discretionary,R-C1,Residential - Contextual One Dwelling,Released,2022-08-10T00:00:00.000,2022-11-02T00:00:00.000,2022-12-02T00:00:00.000,2023-11-02T00:00:00.000,Approval,Development Authority,HID,HIDDEN VALLEY,3,NW,51.161,-114.097,2,Titled Parcel;Building,35 HIDDEN CREEK CI NW;35 HIDDEN CREEK CI NW,"{""type"":""MultiPoint"",""coordinates"":[[-114.0969208,51.1608544],[-114.0971049,51.1608637]]}","MULTIPOINT ((-114.09692077562656 51.160854353974656),(-114.09710489002428 51.16086369426214))",,,,,
"{'type': 'Point', 'coordinates': [-114.18783777955548, 51.12717544732602]}",DP2022-05600,8 HAWKWOOD WY NW,ZOOM SURVEYS,Relaxation - Existing - Compliance Follow-Up,RELAXATION: DECK (EXISTING) - PROJECTION INTO REAR SETBACK,C1455,DECK,Discretionary,R-C1,Residential - Contextual One Dwelling,Released,2022-08-10T00:00:00.000,2022-08-16T00:00:00.000,2022-09-16T00:00:00.000,2024-08-16T00:00:00.000,Approval,Development Authority,HAW,HAWKWOOD,2,NW,51.127,-114.188,2,Titled Parcel;Building,8 HAWKWOOD WY NW;8 HAWKWOOD WY NW,"{""type"":""MultiPoint"",""coordinates"":[[-114.1878378,51.1271754],[-114.187736,51.1270907]]}","MULTIPOINT ((-114.18783777955548 51.12717544732602),(-114.18773600533437 51.12709071280986))",,,,,
"{'type': 'Point', 'coordinates': [-114.06055891926694, 51.04198348211817]}",DP2022-05624,1100 1 ST SE,FIVE STAR PERMITS,Signs - Permitted Use,NEW: SIGN - CLASS B (FASCIA SIGN),C2680,SIGN - CLASS B,Permitted,DC,DIRECT CONTROL DISTRICT                                 ,Released,2022-08-10T00:00:00.000,2022-08-19T00:00:00.000,2022-08-19T00:00:00.000,2025-08-19T00:00:00.000,Approval,Development Authority,BLN,BELTLINE,8,SE,51.042,-114.061,2,Titled Parcel;Building,1100 1 ST SE;1100 1 ST SE,"{""type"":""MultiPoint"",""coordinates"":[[-114.0605589,51.0419835],[-114.0597336,51.0415836]]}","MULTIPOINT ((-114.06055891926694 51.04198348211817),(-114.05973363331695 51.04158356679075))",,,,,
"{'type': 'Point', 'coordinates': [-114.21918129216935, 51.146192227074195]}",DP2022-05625,230 ROYAL BIRCH BA NW,YYC BASEMENT DEVELOPMENT AND HOME RENOVATIONS,Residential - Secondary Suite,NEW: SECONDARY SUITE (BASEMENT),C2626,SECONDARY SUITE,Discretionary,R-C1,Residential - Contextual One Dwelling,Released,2022-08-10T00:00:00.000,2022-09-12T00:00:00.000,2022-10-07T00:00:00.000,2024-09-12T00:00:00.000,Approval,Development Authority,ROY,ROYAL OAK,1,NW,51.146,-114.219,2,Titled Parcel;Building,230 ROYAL BIRCH BA NW;230 ROYAL BIRCH BA NW,"{""type"":""MultiPoint"",""coordinates"":[[-114.2191813,51.1461922],[-114.2190588,51.1461088]]}","MULTIPOINT ((-114.21918129216935 51.146192227074195),(-114.21905878721232 51.14610877246915))",,,,,
"{'type': 'Point', 'coordinates': [-114.04083290416312, 51.01896166903107]}",DP2022-05626,4023 9 ST SE,,Change of Use - Permitted Use,CHANGE OF USE: GENERAL INDUSTRIAL - LIGHT,C1685,GENERAL INDUSTRIAL - LIGHT,Permitted,I-G,Industrial - General,Cancelled,2022-08-10T00:00:00.000,,,,,,HIF,HIGHFIELD,9,SE,51.019,-114.041,2,Titled Parcel;Building,4025 9 ST SE;4023 9 ST SE,"{""type"":""MultiPoint"",""coordinates"":[[-114.0408329,51.0189617],[-114.0413074,51.0189291]]}","MULTIPOINT ((-114.04083290416312 51.01896166903107),(-114.04130737682483 51.01892911212019))",2022-08-29T00:00:00.000,,,,
"{'type': 'Point', 'coordinates': [-114.12598189338287, 51.06652164415125]}",DP2022-05627,1651 ST ANDREWS PL NW,SARA KARIMI AVVAL*,Relaxation - New - Residential,RELAXATION: ACCESSORY RESIDENTIAL BUILDING (GARAGE) - ROOFTOP DECK,C1020,ACCESSORY RESIDENTIAL BUILDING,Permitted with a Relaxation,R-C1,Residential - Contextual One Dwelling,Released,2022-08-10T00:00:00.000,2022-09-26T00:00:00.000,2022-10-21T00:00:00.000,2024-09-26T00:00:00.000,Approval,Development Authority,STA,ST. ANDREWS HEIGHTS,7,NW,51.067,-114.126,2,Titled Parcel;Building,1651 ST ANDREWS PL NW;1651 ST ANDREWS PL NW,"{""type"":""MultiPoint"",""coordinates"":[[-114.1259819,51.0665216],[-114.1260216,51.066619]]}","MULTIPOINT ((-114.12598189338287 51.06652164415125),(-114.12602160699034 51.06661903175492))",,,,,
"{'type': 'Point', 'coordinates': [-114.07251537897258, 50.902261877988145]}",DP2022-05628,58 SOMERVALE GR SW,SARA KARIMI AVVAL*,Residential - Secondary Suite,NEW: SECONDARY SUITE (BASEMENT),C2626,SECONDARY SUITE,Discretionary,R-C1N,Residential - Contextual Narrow Parcel One Dwelling,Released,2022-08-10T00:00:00.000,2022-09-19T00:00:00.000,2022-10-14T00:00:00.000,2024-09-19T00:00:00.000,Approval,Development Authority,SOM,SOMERSET,13,SW,50.902,-114.073,2,Titled Parcel;Building,58 SOMERVALE GR SW;58 SOMERVALE GR SW,"{""type"":""MultiPoint"",""coordinates"":[[-114.0725154,50.9022619],[-114.0725252,50.9023775]]}","MULTIPOINT ((-114.07251537897258 50.902261877988145),(-114.07252521195511 50.90237748270074))",,,,,
"{'type': 'Point', 'coordinates': [-114.14746034587368, 51.034318565425366]}",DP2022-05629,4112 GROVE HILL RD SW,,Residential - Additions over 10 sq metres,NEW: SINGLE DETACHED DWELLING,C2730,SINGLE DETACHED DWELLING,Discretionary,R-C1,Residential - Contextual One Dwelling,Released,2022-08-10T00:00:00.000,2022-10-26T00:00:00.000,2022-11-28T00:00:00.000,2024-10-26T00:00:00.000,Approval,Development Authority,GDL,GLENDALE,6,SW,51.034,-114.147,2,Titled Parcel;Building,4112 GROVE HILL RD SW;4112 GROVE HILL RD SW,"{""type"":""MultiPoint"",""coordinates"":[[-114.1474603,51.0343186],[-114.1474966,51.0344426]]}","MULTIPOINT ((-114.14746034587368 51.034318565425366),(-114.14749659692225 51.034442551333235))",,,,,
"{'type': 'Point', 'coordinates': [-114.14772379912489, 51.17394657900762]}",DP2022-05638,9 SAGE HILL PH NW,CALBRIDGE HOMES,Residential - Multi-Family,"NEW: ROWHOUSE BUILDING (5 BUILDINGS), ACCESSORY RESIDENTIAL BUILDING (GARAGES)",C1020; C2540,ACCESSORY RESIDENTIAL BUILDING; ROWHOUSE BUILDING,Permitted,R-G,Residential - Low Density Mixed Housing,Released,2022-08-11T00:00:00.000,2022-11-14T00:00:00.000,2023-01-16T00:00:00.000,2024-11-14T00:00:00.000,Approval,Development Authority,SGH,SAGE HILL,2,NW,51.174,-114.148,20,Titled Parcel;Titled Parcel;Titled Parcel;Titled Parcel;Titled Parcel;Titled Parcel;Titled Parcel;Titled Parcel;Titled Parcel;Titled Parcel;Titled Parcel;Titled Parcel;Titled Parcel;Titled Parcel;Titled Parcel;Titled Parcel;Titled Parcel;Titled Parcel;Titled Parcel;Titled Parcel,49 SAGE HILL PH NW;81 SAGE HILL PH NW;73 SAGE HILL PH NW;13 SAGE HILL PH NW;9 SAGE HILL PH NW;17 SAGE HILL PH NW;25 SAGE HILL PH NW;37 SAGE HILL PH NW;33 SAGE HILL PH NW;41 SAGE HILL PH NW;21 SAGE HILL PH NW;57 SAGE HILL PH NW;61 SAGE HILL PH NW;69 SAGE HILL PH NW;77 SAGE HILL PH NW;29 SAGE HILL PH NW;53 SAGE HILL PH NW;45 SAGE HILL PH NW;85 SAGE HILL PH NW;65 SAGE HILL PH NW,"{""type"":""MultiPoint"",""coordinates"":[[-114.1477238,51.1739466],[-114.1475827,51.1735108],[-114.1476451,51.1736096],[-114.1477254,51.174432],[-114.1477371,51.1744994],[-114.1477252,51.1743826],[-114.1477248,51.1742657],[-114.1477243,51.1741084],[-114.1477245,51.1741623],[-114.1477241,51.17405],[-114.147725,51.1743286],[-114.1477189,51.1738342],[-114.1477097,51.1737803],[-114.1476758,51.1736725],[-114.1476131,51.1735557],[-114.1477246,51.1742118],[-114.1477234,51.1738881],[-114.147724,51.173996],[-114.1475464,51.1734479],[-114.1476967,51.1737309]]}","MULTIPOINT ((-114.14772379912489 51.17394657900762),(-114.14758267814204 51.17351076442154),(-114.14764512858399 51.173609570569184),(-114.14772535023904 51.17443201216857),(-114.1477371062356 51.17449941886534),(-114.14772519225322 51.17438256990403),(-114.14772481883396 51.174265706368),(-114.14772431615815 51.17410839006577),(-114.14772448850363 51.174162327084154),(-114.14772412945113 51.17404995829529),(-114.14772501990556 51.174328632887686),(-114.14771887826039 51.17383421597446),(-114.14770968240366 51.173780290345846),(-114.14767577491314 51.17367245867071),(-114.14761308101276 51.17355567376718),(-114.14772464648746 51.17421176935056),(-114.14772342651464 51.17388814747024),(-114.14772395710676 51.17399602127587),(-114.14754639775033 51.17344788339947),(-114.14769671133983 51.17373086425197))",,,,,
"{'type': 'Point', 'coordinates': [-114.10378669123199, 50.918047246687514]}",DP2022-05640,120 EVERGREEN SQ SW,CALMING THE CHAOS MASSAGE THERAPY,Home Occupation Class 2,TEMPORARY USE: HOME OCCUPATION - CLASS 2 (MASSAGE THERAPIST - 18 MONTHS),C1730,HOME OCCUPATION - CLASS 2,Discretionary,R-1,Residential - One Dwelling,Released,2022-08-11T00:00:00.000,2022-09-16T00:00:00.000,2022-10-14T00:00:00.000,2024-09-16T00:00:00.000,Approval,Development Authority,EVE,EVERGREEN,13,SW,50.918,-114.104,2,Titled Parcel;Building,120 EVERGREEN SQ SW;120 EVERGREEN SQ SW,"{""type"":""MultiPoint"",""coordinates"":[[-114.1037867,50.9180472],[-114.1037914,50.9179305]]}","MULTIPOINT ((-114.10378669123199 50.918047246687514),(-114.10379139497863 50.917930508237006))",,,,,
"{'type': 'Point', 'coordinates': [-114.0710604362248, 50.9982791926894]}",DP2022-05641,#320 6100 MACLEOD TR SW,,Change of Use - Discretionary Use or Relaxations Required,CHANGE OF USE: RETAIL AND CONSUMER SERVICE,C2515,RETAIL AND CONSUMER SERVICE,Discretionary,DC,Direct Control (1P2007),Cancelled,2022-08-11T00:00:00.000,,,,,,MNI,MANCHESTER INDUSTRIAL,9,SW,50.998,-114.071,3,Titled Parcel;Building;Building Suite,6100 MACLEOD TR SW;6100 MACLEOD TR SW;#320 6100 MACLEOD TR SW,"{""type"":""MultiPoint"",""coordinates"":[[-114.0710604,50.9982792],[-114.0699849,50.9983544],[-114.0708585,50.9980813]]}","MULTIPOINT ((-114.0710604362248 50.9982791926894),(-114.0699848760415 50.99835441233235),(-114.07085849149222 50.9980813058591))",2022-08-31T00:00:00.000,,,,
"{'type': 'Point', 'coordinates': [-114.14100280027266, 51.095294822205574]}",DP2022-05642,#307 4820 NORTHLAND DR NW,PRIORITY PERMITS,Signs - Permitted Use,NEW: SIGN - CLASS B (FASCIA SIGN),C2680,SIGN - CLASS B,Permitted,DC,Direct Control (1P2007),Released,2022-08-11T00:00:00.000,2022-08-18T00:00:00.000,2022-08-18T00:00:00.000,2025-08-18T00:00:00.000,Approval,Development Authority,BRE,BRENTWOOD,4,NW,51.095,-114.141,3,Titled Parcel;Building;Building Suite,4820 NORTHLAND DR NW;4820 NORTHLAND DR NW;#307 4820 NORTHLAND DR NW,"{""type"":""MultiPoint"",""coordinates"":[[-114.1410028,51.0952948],[-114.1407182,51.0958043],[-114.1405989,51.0958093]]}","MULTIPOINT ((-114.14100280027266 51.095294822205574),(-114.14071818047644 51.09580427651512),(-114.14059891703333 51.09580934632086))",,,,,
"{'type': 'Point', 'coordinates': [-114.11916755870702, 51.033363107902446]}",DP2022-05643,2262 24A ST SW,ALLIE HAIR GOD,Home Occupation Class 2,TEMPORARY USE: HOME OCCUPATION - CLASS 2 (HAIR STYLIST - 3 YEARS),C1730,HOME OCCUPATION - CLASS 2,Discretionary,M-CG d72,Multi-Residential - Contextual Grade-Oriented  ,Released,2022-08-11T00:00:00.000,2022-09-19T00:00:00.000,2022-10-14T00:00:00.000,2023-09-19T00:00:00.000,Approval,Development Authority,RIC,RICHMOND,8,SW,51.033,-114.119,3,Titled Parcel;Building;Building Suite,2244 24A ST SW;2244 24A ST SW;2262 24A ST SW,"{""type"":""MultiPoint"",""coordinates"":[[-114.1191676,51.0333631],[-114.1189704,51.0333879],[-114.1189986,51.0333213]]}","MULTIPOINT ((-114.11916755870702 51.033363107902446),(-114.11897043164224 51.03338790470896),(-114.11899858995191 51.03332127094857))",,,,,
"{'type': 'Point', 'coordinates': [-114.13728820361787, 51.00074068765452]}",DP2022-05644,5903 34 ST SW,ARC SURVEYS,Relaxation - Existing - Compliance Follow-Up,RELAXATION: SINGLE DETACHED DWELLING (EXISTING) - BUILDING SETBACK FROM SIDE PROPERTY LINE,C2730,SINGLE DETACHED DWELLING,Discretionary,R-C1,Residential - Contextual One Dwelling,Released,2022-08-11T00:00:00.000,2022-09-18T00:00:00.000,2022-10-17T00:00:00.000,2024-09-18T00:00:00.000,Approval,Development Authority,LKV,LAKEVIEW,11,SW,51.001,-114.137,2,Titled Parcel;Building,5903 34 ST SW;5903 34 ST SW,"{""type"":""MultiPoint"",""coordinates"":[[-114.1372882,51.0007407],[-114.1374574,51.0007339]]}","MULTIPOINT ((-114.13728820361787 51.00074068765452),(-114.13745743975397 51.00073393510913))",,,,,
"{'type': 'Point', 'coordinates': [-114.14928368596952, 51.03229020208425]}",DP2022-05646,4500 25 AV SW,MORRISON HERSHFIELD,Change of Use - With Change to Site Plan,EXTERIOR RENOVATIONS: COMMUNITY RECREATION FACILITY (REFURBISH BUILDING FACADE),C1350,COMMUNITY RECREATION FACILITY,Discretionary,S-SPR,"Special Purpose - School, Park and Community Reserve",Released,2022-08-11T00:00:00.000,2022-08-26T00:00:00.000,2022-09-23T00:00:00.000,2024-08-26T00:00:00.000,Approval,Development Authority,GDL,GLENDALE,6,SW,51.032,-114.149,2,Titled Parcel;Building,4500 25 AV SW;4500 25 AV SW,"{""type"":""MultiPoint"",""coordinates"":[[-114.1492837,51.0322902],[-114.1498032,51.0329912]]}","MULTIPOINT ((-114.14928368596952 51.03229020208425),(-114.14980315484915 51.032991232947104))",,,,,
"{'type': 'Point', 'coordinates': [-114.07322703966469, 51.18410766832947]}",DP2022-05647,#4000 14540 1 ST NW,2053863 ALBERTA LTD.,Change of Use - With Change to Site Plan,REVISION: DWELLING UNIT (VOLUMETRIC PARKING STALL ENCROACHMENT (BUILDING A)),C1540,DWELLING UNIT,Discretionary,DC,Direct Control (1P2007),Released,2022-08-11T00:00:00.000,2022-09-27T00:00:00.000,2022-10-31T00:00:00.000,2025-09-27T00:00:00.000,Approval,Development Authority,LIV,LIVINGSTON,3,NW,51.184,-114.073,2,Titled Parcel;Building,14540 1 ST NW;#4000 14540 1 ST NW,"{""type"":""MultiPoint"",""coordinates"":[[-114.073227,51.1841077],[-114.0727196,51.1847985]]}","MULTIPOINT ((-114.07322703966469 51.18410766832947),(-114.07271963398685 51.18479853263668))",,,,,
"{'type': 'Point', 'coordinates': [-114.19489598881891, 51.093069931358]}",DP2022-05648,4615 70 ST NW,TRICOR DESIGN GROUP,Residential - New Single / Semi / Duplex,"NEW: SEMI-DETACHED DWELLING, ACCESSORY RESIDENTIAL BUILDING (GARAGE)",C1020; C2640,ACCESSORY RESIDENTIAL BUILDING; SEMI-DETACHED DWELLING,Discretionary,R-C2,Residential - Contextual One/Two Dwelling,Released,2022-08-11T00:00:00.000,2022-12-22T00:00:00.000,2023-03-06T00:00:00.000,2024-12-22T00:00:00.000,Approval,Development Authority,BOW,BOWNESS,1,NW,51.093,-114.195,2,Titled Parcel;Building,4615 70 ST NW;4615 70 ST NW,"{""type"":""MultiPoint"",""coordinates"":[[-114.194896,51.0930699],[-114.1950366,51.0930415]]}","MULTIPOINT ((-114.19489598881891 51.093069931358),(-114.1950366114604 51.09304150526815))",,,,,
"{'type': 'Point', 'coordinates': [-114.07114879157503, 50.956355025772666]}",DP2022-05649,#402 10816 MACLEOD TR SE,SARA KARIMI AVVAL*,Change of Use - Permitted Use,CHANGE OF USE: INSTRUCTIONAL FACILITY,C1835,INSTRUCTIONAL FACILITY,Permitted,C-C2 f3.0h46,Commercial - Community 2,Released,2022-08-11T00:00:00.000,2022-08-25T00:00:00.000,2022-08-25T00:00:00.000,2023-08-25T00:00:00.000,Approval,Development Authority,WIL,WILLOW PARK,11,SE,50.956,-114.071,3,Titled Parcel;Building;Building Suite,10816 MACLEOD TR SE;10816 MACLEOD TR SE;#402 10816 MACLEOD TR SE,"{""type"":""MultiPoint"",""coordinates"":[[-114.0711488,50.956355],[-114.0706498,50.956087],[-114.0707766,50.9563608]]}","MULTIPOINT ((-114.07114879157503 50.956355025772666),(-114.07064981186892 50.95608696301579),(-114.0707765783968 50.956360771691664))",,,,,
"{'type': 'Point', 'coordinates': [-114.1016724856438, 51.178737640806595]}",DP2022-05650,208 EVANSGLEN CI NW,,Residential - Secondary Suite,NEW: SECONDARY SUITE (BASEMENT),C2626,SECONDARY SUITE,Discretionary,R-1,Residential - One Dwelling,Released,2022-08-11T00:00:00.000,2022-09-12T00:00:00.000,2022-10-12T00:00:00.000,2024-09-12T00:00:00.000,Approval,Development Authority,EVN,EVANSTON,2,NW,51.179,-114.102,2,Titled Parcel;Building,208 EVANSGLEN CI NW;208 EVANSGLEN CI NW,"{""type"":""MultiPoint"",""coordinates"":[[-114.1016725,51.1787376],[-114.1014992,51.1787379]]}","MULTIPOINT ((-114.1016724856438 51.178737640806595),(-114.10149918967288 51.17873789914674))",,,,,
"{'type': 'Point', 'coordinates': [-114.04854888503978, 51.023232877419474]}",DP2022-05651,629 34 AV SE,,Signs - Discretionary Use - Third Party Signs,TEMPORARY USE: SIGN - CLASS F (THIRD PARTY ADVERTISING SIGN - 5 YEARS),C2720,SIGN - CLASS F,Discretionary,I-G,Industrial - General,Released,2022-08-11T00:00:00.000,2022-08-25T00:00:00.000,2022-09-23T00:00:00.000,2024-08-25T00:00:00.000,Approval,Development Authority,MNI,MANCHESTER INDUSTRIAL,9,SE,51.023,-114.049,1,Titled Parcel,629 34 AV SE,"{""type"":""Point"",""coordinates"":[-114.0485489,51.0232329]}",POINT (-114.04854888503978 51.023232877419474),,,,,
"{'type': 'Point', 'coordinates': [-114.04220129924175, 50.97140910533154]}",DP2022-05652,9200 BLACKFOOT TR SE,,Signs - Discretionary Use - Third Party Signs,"TEMPORARY USE: SIGN - CLASS F & G (THIRD PARTY ADVERTISING SIGN - NORTH FACE, DIGITAL THIRD PARTY ADVERTISING SIGN - SOUTH FACE) - 3 YEARS",C2721,SIGN - CLASS G,Discretionary,C-COR3 f1.0h12,Commercial - Corridor 3,Released,2022-08-11T00:00:00.000,2022-09-12T00:00:00.000,2022-10-07T00:00:00.000,2025-09-12T00:00:00.000,Approval,Development Authority,ACA,ACADIA,11,SE,50.971,-114.042,1,Titled Parcel,9200 BLACKFOOT TR SE,"{""type"":""Point"",""coordinates"":[-114.0422013,50.9714091]}",POINT (-114.04220129924175 50.97140910533154),,,,,
"{'type': 'Point', 'coordinates': [-113.96752521635094, 51.15897784560503]}",DP2022-05653,167 SKYVIEW SHORES CR NE,,Residential - Secondary Suite,NEW: SECONDARY SUITE,C2626,SECONDARY SUITE,Discretionary,R-1N,Residential - Narrow Parcel One Dwelling,Cancelled,2022-08-11T00:00:00.000,,,,,,SKR,SKYVIEW RANCH,5,NE,51.159,-113.968,2,Titled Parcel;Building,167 SKYVIEW SHORES CR NE;167 SKYVIEW SHORES CR NE,"{""type"":""MultiPoint"",""coordinates"":[[-113.9675252,51.1589778],[-113.96752,51.158855]]}","MULTIPOINT ((-113.96752521635094 51.15897784560503),(-113.96751995600268 51.15885495690316))",2023-05-10T00:00:00.000,,,,
"{'type': 'Point', 'coordinates': [-113.95244539904759, 51.07060744792491]}",DP2022-05654,2016 56 ST NE,,Residential - Secondary Suite,NEW: SECONDARY SUITE (BASEMENT),C2626,SECONDARY SUITE,Discretionary,R-C1,Residential - Contextual One Dwelling,Released,2022-08-11T00:00:00.000,2022-09-16T00:00:00.000,2022-10-14T00:00:00.000,2024-09-16T00:00:00.000,Approval,Development Authority,PIN,PINERIDGE,10,NE,51.071,-113.952,2,Titled Parcel;Building,2016 56 ST NE;2016 56 ST NE,"{""type"":""MultiPoint"",""coordinates"":[[-113.9524454,51.0706074],[-113.9523419,51.0706063]]}","MULTIPOINT ((-113.95244539904759 51.07060744792491),(-113.95234189593157 51.07060632701187))",,,,,
"{'type': 'Point', 'coordinates': [-114.24095076077114, 51.15308425556835]}",DP2022-05630,48 ROCKCLIFF TC NW,IBI GROUP,Development Design Guidelines,TEMPORARY USE: TEMPORARY RESIDENTIAL SALES CENTRE (3 UNITS) - 2 YEARS,C2840,TEMPORARY RESIDENTIAL SALES CENTRE,Discretionary,R-C1,Residential - Contextual One Dwelling,Released,2022-08-11T00:00:00.000,2022-09-16T00:00:00.000,2022-10-14T00:00:00.000,2024-09-16T00:00:00.000,Approval,Development Authority,ROC,ROCKY RIDGE,1,NW,51.153,-114.241,3,Titled Parcel;Titled Parcel;Titled Parcel,34 ROCKCLIFF TC NW;38 ROCKCLIFF TC NW;48 ROCKCLIFF TC NW,"{""type"":""MultiPoint"",""coordinates"":[[-114.2409508,51.1530843],[-114.2408058,51.1529452],[-114.2405911,51.1528153]]}","MULTIPOINT ((-114.24095076077114 51.15308425556835),(-114.24080575321365 51.15294521564238),(-114.24059113965512 51.15281530830076))",,,,,
"{'type': 'Point', 'coordinates': [-114.2107264085212, 51.15146155666328]}",DP2022-05631,#7231 8650 112 AV NW,GRACIE BARRA NORTHWEST CALGARY,Change of Use - Permitted Use,CHANGE OF USE: INSTRUCTIONAL FACILITY,C1835,INSTRUCTIONAL FACILITY,Permitted,C-C2 f0.5h18,Commercial - Community 2,Released,2022-08-11T00:00:00.000,2022-08-11T00:00:00.000,2022-08-11T00:00:00.000,2023-08-11T00:00:00.000,Approval,Development Authority,RYV,ROYAL VISTA,1,NW,51.151,-114.211,3,Titled Parcel;Building;Building Suite,8650 112 AV NW;#7000 8650 112 AV NW;#7231 8650 112 AV NW,"{""type"":""MultiPoint"",""coordinates"":[[-114.2107264,51.1514616],[-114.2114279,51.1521993],[-114.2114298,51.1521991]]}","MULTIPOINT ((-114.2107264085212 51.15146155666328),(-114.21142790351594 51.15219927030294),(-114.21142980358248 51.15219905111871))",,,,,
"{'type': 'Point', 'coordinates': [-114.1537670537535, 51.08637217356332]}",DP2022-05632,#E18 3625 SHAGANAPPI TR NW,,Change of Use - Permitted Use,CHANGE OF USE: INFORMATION AND SERVICE PROVIDER,C1820,INFORMATION AND SERVICE PROVIDER,Permitted,DC,Direct Control (1P2007),Released,2022-08-11T00:00:00.000,2022-08-17T00:00:00.000,2022-08-17T00:00:00.000,2023-08-17T00:00:00.000,Approval,Development Authority,VAR,VARSITY,1,NW,51.086,-114.154,3,Titled Parcel;Building;Building Suite,3625 SHAGANAPPI TR NW;3625 SHAGANAPPI TR NW;#E18 3625 SHAGANAPPI TR NW,"{""type"":""MultiPoint"",""coordinates"":[[-114.1537671,51.0863722],[-114.1553402,51.0847332],[-114.1546902,51.0851057]]}","MULTIPOINT ((-114.1537670537535 51.08637217356332),(-114.15534024901582 51.08473316366939),(-114.1546902317411 51.08510566778539))",,,,,
"{'type': 'Point', 'coordinates': [-114.21913828350606, 51.035366966104995]}",DP2022-05633,262 TREMBLANT WY SW,,Residential - Secondary Suite,NEW: SECONDARY SUITE (BASEMENT),C2626,SECONDARY SUITE,Discretionary,R-1,Residential - One Dwelling,Cancelled,2022-08-11T00:00:00.000,,,,,,SPH,SPRINGBANK HILL,6,SW,51.035,-114.219,2,Titled Parcel;Building,262 TREMBLANT WY SW;262 TREMBLANT WY SW,"{""type"":""MultiPoint"",""coordinates"":[[-114.2191383,51.035367],[-114.2194099,51.0353381]]}","MULTIPOINT ((-114.21913828350606 51.035366966104995),(-114.21940992876202 51.03533807576352))",2022-08-16T00:00:00.000,,,,
"{'type': 'Point', 'coordinates': [-114.0895405469726, 51.06797206781845]}",DP2022-05634,1240 17 AV NW,,Residential - Multi-Family,"NEW: ROWHOUSE BUILDING (1 BUILDING), ACCESSORY RESIDENTIAL BUILDING (GARAGE)",C1020; C2540,ACCESSORY RESIDENTIAL BUILDING; ROWHOUSE BUILDING,Discretionary,R-CG,Residential - Grade-Oriented Infill,Cancelled,2022-08-11T00:00:00.000,,,,,,CAP,CAPITOL HILL,7,NW,51.068,-114.090,1,Titled Parcel,1240 17 AV NW,"{""type"":""Point"",""coordinates"":[-114.0895405,51.0679721]}",POINT (-114.0895405469726 51.06797206781845),2022-08-22T00:00:00.000,,,,
"{'type': 'Point', 'coordinates': [-113.96095292472363, 51.109393724356025]}",DP2022-05635,19 CASTLEDALE PL NE,,Residential - Additions 10 sq metres and under,ADDITION: SINGLE DETACHED DWELLING (COVERED BASEMENT ENTRY),C2730,SINGLE DETACHED DWELLING,Discretionary,R-C1,Residential - Contextual One Dwelling,Released,2022-08-11T00:00:00.000,2023-08-23T00:00:00.000,2023-09-25T00:00:00.000,2025-08-23T00:00:00.000,Approval,Development Authority,CAS,CASTLERIDGE,5,NE,51.109,-113.961,2,Titled Parcel;Building,19 CASTLEDALE PL NE;19 CASTLEDALE PL NE,"{""type"":""MultiPoint"",""coordinates"":[[-113.9609529,51.1093937],[-113.9610888,51.1094018]]}","MULTIPOINT ((-113.96095292472363 51.109393724356025),(-113.96108875424343 51.10940177939616))",,,,,
"{'type': 'Point', 'coordinates': [-114.00504872299233, 51.06904234045612]}",DP2022-05637,#28 2333 18 AV NE,,Change of Use - Permitted Use,CHANGE OF USE: OFFICE,C2110,OFFICE,Permitted,I-C,Industrial - Commercial,Cancelled,2022-08-11T00:00:00.000,,,,,,SAW,SOUTH AIRWAYS,10,NE,51.069,-114.005,3,Titled Parcel;Building;Building Suite,2333 18 AV NE;2333 18 AV NE;#28 2333 18 AV NE,"{""type"":""MultiPoint"",""coordinates"":[[-114.0050487,51.0690423],[-114.0048004,51.0687878],[-114.0048396,51.068765]]}","MULTIPOINT ((-114.00504872299233 51.06904234045612),(-114.00480036044873 51.068787789707),(-114.0048396236598 51.068765026178205))",2022-08-31T00:00:00.000,,,,
"{'type': 'Point', 'coordinates': [-114.09152317360974, 51.05645648690551]}",DP2022-05639,454 12 ST NW,,Residential - Secondary Suite,"NEW: ACCESSORY RESIDENTIAL BUILDING (GARAGE), BACKYARD SUITE (ABOVE GARAGE)",C1175,BACKYARD SUITE,Discretionary,M-CG d72,Multi-Residential - Contextual Grade-Oriented  ,Released,2022-08-11T00:00:00.000,2022-09-09T00:00:00.000,2022-10-07T00:00:00.000,2024-09-09T00:00:00.000,Approval,Development Authority,HIL,HILLHURST,7,NW,51.056,-114.092,2,Titled Parcel;Building,454 12 ST NW;454 12 ST NW,"{""type"":""MultiPoint"",""coordinates"":[[-114.0915232,51.0564565],[-114.0914022,51.0564562]]}","MULTIPOINT ((-114.09152317360974 51.05645648690551),(-114.09140216961154 51.05645622199889))",,,,,
"{'type': 'Point', 'coordinates': [-114.10166001588435, 51.05008258650966]}",DP2022-05655,1819 BROADVIEW RD NW,STUDIO WOLF DESIGNS,Relaxation - New - Residential,RELAXATION: ACCESSORY RESIDENTIAL BUILDING (GARAGE) - BUILDING COVERAGE,C1020; C2050,ACCESSORY RESIDENTIAL BUILDING; MULTI-RESIDENTIAL DEVELOPMENT,Permitted with a Relaxation,M-CG d33,Multi-Residential - Contextual Grade-Oriented  ,Released,2022-08-12T00:00:00.000,2022-09-29T00:00:00.000,2022-10-28T00:00:00.000,2024-09-29T00:00:00.000,Approval,Development Authority,HIL,HILLHURST,7,NW,51.050,-114.102,1,Titled Parcel,1819 BROADVIEW RD NW,"{""type"":""Point"",""coordinates"":[-114.10166,51.0500826]}",POINT (-114.10166001588435 51.05008258650966),,,,,
"{'type': 'Point', 'coordinates': [-114.14945962922616, 51.025849494789114]}",DP2022-05656,3132 43 ST SW,SAVINO'S PIZZERIA (CGY-607) *TRL,Home Occupation Class 2,TEMPORARY USE: HOME OCCUPATION - CLASS 2 (FOOD TRUCK PARKING - 5 YEARS),C1730,HOME OCCUPATION - CLASS 2,Discretionary,R-C2,Residential - Contextual One/Two Dwelling,Released,2022-08-12T00:00:00.000,2022-10-28T00:00:00.000,2022-11-25T00:00:00.000,2023-10-28T00:00:00.000,Approval,Development Authority,GBK,GLENBROOK,6,SW,51.026,-114.149,2,Titled Parcel;Building,3132 43 ST SW;3132 43 ST SW,"{""type"":""MultiPoint"",""coordinates"":[[-114.1494596,51.0258495],[-114.1493538,51.0258511]]}","MULTIPOINT ((-114.14945962922616 51.025849494789114),(-114.14935382058741 51.02585106842689))",,,,,
"{'type': 'Point', 'coordinates': [-114.05789499929143, 50.90360954626237]}",DP2022-05657,#1000 15 SUNPARK PZ SE,,Signs - Permitted Use with Relaxation,"NEW: SIGN - CLASS B (FASCIA SIGN) - SIGN AREA, ILLUMINATION",C2680,SIGN - CLASS B,Permitted with a Relaxation,DC,Direct Control (1P2007),Released,2022-08-12T00:00:00.000,2022-10-07T00:00:00.000,2022-11-04T00:00:00.000,2025-10-07T00:00:00.000,Approval,Development Authority,SDC,SUNDANCE,14,SE,50.904,-114.058,2,Titled Parcel;Building,#1000 15 SUNPARK PZ SE;#1000 15 SUNPARK PZ SE,"{""type"":""MultiPoint"",""coordinates"":[[-114.057895,50.9036095],[-114.0585158,50.9035236]]}","MULTIPOINT ((-114.05789499929143 50.90360954626237),(-114.05851575439522 50.9035235805343))",,,,,
"{'type': 'Point', 'coordinates': [-113.94938843852091, 51.174132273153845]}",DP2022-05658,127 RED SKY GD NE,,Residential - Secondary Suite,NEW: SECONDARY SUITE (BASEMENT),C2626,SECONDARY SUITE,Discretionary,R-1N,Residential - Narrow Parcel One Dwelling,Released,2022-08-12T00:00:00.000,2022-09-09T00:00:00.000,2022-10-12T00:00:00.000,2024-09-09T00:00:00.000,Approval,Development Authority,RSN,REDSTONE,5,NE,51.174,-113.949,2,Titled Parcel;Building,127 RED SKY GD NE;127 RED SKY GD NE,"{""type"":""MultiPoint"",""coordinates"":[[-113.9493884,51.1741323],[-113.9492142,51.1741123]]}","MULTIPOINT ((-113.94938843852091 51.174132273153845),(-113.94921418017103 51.17411232178173))",,,,,
"{'type': 'Point', 'coordinates': [-114.20530808749263, 51.034983046066365]}",DP2022-05659,2117 81 ST SW,CASOLA KOPPE,Temporary Structure,TEMPORARY USE: TEMPORARY RESIDENTIAL SALES CENTRE (4 YEARS),C2840,TEMPORARY RESIDENTIAL SALES CENTRE,Discretionary,DC; S-SPR,"Direct Control (1P2007); Special Purpose - School, Park and Community Reserve",Released,2022-08-12T00:00:00.000,2022-12-16T00:00:00.000,2023-01-24T00:00:00.000,2025-12-16T00:00:00.000,Approval,Development Authority,SPH,SPRINGBANK HILL,6,SW,51.035,-114.205,3,Titled Parcel;Titled Parcel;Titled Parcel,2117 81 ST SW;2209 81 ST SW;2219 81 ST SW,"{""type"":""MultiPoint"",""coordinates"":[[-114.2053081,51.034983],[-114.2053259,51.0344976],[-114.2053267,51.0342773]]}","MULTIPOINT ((-114.20530808749263 51.034983046066365),(-114.2053259028064 51.034497567701024),(-114.2053266546564 51.03427731723429))",,,,,
"{'type': 'Point', 'coordinates': [-113.99779166393493, 51.039473941590096]}",DP2022-05660,2701 15 AV SE,ARC SURVEYS,Relaxation - Existing - Compliance Follow-Up,RELAXATION: DECK (EXISTING) - PROJECTION INTO SIDE SETBACK,C1455,DECK,Discretionary,R-C2,Residential - Contextual One/Two Dwelling,Released,2022-08-12T00:00:00.000,2022-08-21T00:00:00.000,2022-09-16T00:00:00.000,2024-08-21T00:00:00.000,Approval,Development Authority,ALB,ALBERT PARK/RADISSON HEIGHTS,9,SE,51.039,-113.998,2,Titled Parcel;Building,2701 15 AV SE;2701 15 AV SE,"{""type"":""MultiPoint"",""coordinates"":[[-113.9977917,51.0394739],[-113.997786,51.0393868]]}","MULTIPOINT ((-113.99779166393493 51.039473941590096),(-113.99778602151832 51.03938681291119))",,,,,
"{'type': 'Point', 'coordinates': [-114.2157592982773, 51.108108953054376]}",DP2022-05661,866 SCIMITAR BA NW,ARC SURVEYS,Relaxation - Existing - Compliance Follow-Up,RELAXATION: DECK (EXISTING) - PROJECTION INTO REAR SETBACK,C1455,DECK,Discretionary,R-C1,Residential - Contextual One Dwelling,Released,2022-08-12T00:00:00.000,2022-08-18T00:00:00.000,2022-09-19T00:00:00.000,2024-08-18T00:00:00.000,Approval,Development Authority,SCE,SCENIC ACRES,1,NW,51.108,-114.216,2,Titled Parcel;Building,866 SCIMITAR BA NW;866 SCIMITAR BA NW,"{""type"":""MultiPoint"",""coordinates"":[[-114.2157593,51.108109],[-114.215755,51.1079945]]}","MULTIPOINT ((-114.2157592982773 51.108108953054376),(-114.21575496691112 51.10799450484095))",,,,,
"{'type': 'Point', 'coordinates': [-114.17784929009137, 51.037154134867386]}",DP2022-05662,#3170 40 CHRISTIE PARK VW SW,CORE CONTRACTING,Change of Use - Permitted Use,REVISION: TAKE OUT FOOD SERVICE (CHANGE OF USE TO DP2020-1567),C2830,TAKE OUT FOOD SERVICE,Permitted,C-N2,Commercial - Neighbourhood 2,Released,2022-08-12T00:00:00.000,2022-08-19T00:00:00.000,2022-08-19T00:00:00.000,2023-08-19T00:00:00.000,Approval,Development Authority,CHR,CHRISTIE PARK,6,SW,51.037,-114.178,3,Titled Parcel;Building;Building Suite,#3000 40 CHRISTIE PARK VW SW;#3000 40 CHRISTIE PARK VW SW;#3170 40 CHRISTIE PARK VW SW,"{""type"":""MultiPoint"",""coordinates"":[[-114.1778493,51.0371541],[-114.1777154,51.0376135],[-114.1771345,51.0376343]]}","MULTIPOINT ((-114.17784929009137 51.037154134867386),(-114.17771539347963 51.0376134542432),(-114.177134497961 51.037634311335125))",,,,,
"{'type': 'Point', 'coordinates': [-113.96858000487764, 51.12371608614639]}",DP2022-05663,11 MARTHA'S HAVEN HE NE,ARC SURVEYS,Relaxation - Existing - Compliance Follow-Up,RELAXATION: SINGLE DETACHED DWELLING (EXISTING) - BUILDING SETBACK FROM SIDE PROPERTY LINE,C2730,SINGLE DETACHED DWELLING,Discretionary,R-C1N,Residential - Contextual Narrow Parcel One Dwelling,Released,2022-08-12T00:00:00.000,2022-08-15T00:00:00.000,2022-09-09T00:00:00.000,2024-08-15T00:00:00.000,Approval,Development Authority,MRT,MARTINDALE,5,NE,51.124,-113.969,2,Titled Parcel;Building,11 MARTHA'S HAVEN HE NE;11 MARTHA'S HAVEN HE NE,"{""type"":""MultiPoint"",""coordinates"":[[-113.96858,51.1237161],[-113.9685505,51.1236553]]}","MULTIPOINT ((-113.96858000487764 51.12371608614639),(-113.96855046206966 51.12365528146482))",,,,,
"{'type': 'Point', 'coordinates': [-114.13674142909319, 51.06165517375165]}",DP2022-05664,740 35 ST NW,,Residential - Contextual Dwelling,"NEW: CONTEXTUAL SINGLE DETACHED DWELLING, ACCESSORY RESIDENTIAL BUILDING (GARAGE)",C1370,CONTEXTUAL SINGLE DETACHED DWELLING,Permitted,R-C2,Residential - Contextual One/Two Dwelling,Cancelled,2022-08-12T00:00:00.000,,,,,,PKD,PARKDALE,7,NW,51.062,-114.137,1,Titled Parcel,740 35 ST NW,"{""type"":""Point"",""coordinates"":[-114.1367414,51.0616552]}",POINT (-114.13674142909319 51.06165517375165),2022-09-29T00:00:00.000,,,,
"{'type': 'Point', 'coordinates': [-114.080208641347, 50.97637086876502]}",DP2022-05665,720 86 AV SW,ARC SURVEYS,Relaxation - Existing - Compliance Follow-Up,RELAXATION: DECK (EXISTING) - PROJECTION INTO SIDE SETBACK,C1455,DECK,Discretionary,R-C1,Residential - Contextual One Dwelling,Released,2022-08-12T00:00:00.000,2022-08-16T00:00:00.000,2022-09-16T00:00:00.000,2024-08-16T00:00:00.000,Approval,Development Authority,HAY,HAYSBORO,11,SW,50.976,-114.080,2,Titled Parcel;Building,720 86 AV SW;720 86 AV SW,"{""type"":""MultiPoint"",""coordinates"":[[-114.0802086,50.9763709],[-114.0802114,50.9764568]]}","MULTIPOINT ((-114.080208641347 50.97637086876502),(-114.08021136678335 50.97645680976947))",,,,,
"{'type': 'Point', 'coordinates': [-114.06721922671164, 51.013600758526415]}",DP2022-05667,4505 STANLEY RD SW,,Relaxation - New - Residential,NEW: ACCESSORY RESIDENTIAL BUILDING (GARAGE) - BUILDING COVERAGE,C1020,ACCESSORY RESIDENTIAL BUILDING,Permitted with a Relaxation,R-C2,Residential - Contextual One/Two Dwelling,Released,2022-08-12T00:00:00.000,2022-09-16T00:00:00.000,2022-10-14T00:00:00.000,2024-09-16T00:00:00.000,Approval,Development Authority,PKH,PARKHILL,8,SW,51.014,-114.067,2,Titled Parcel;Building,4505 STANLEY RD SW;4505 STANLEY RD SW,"{""type"":""MultiPoint"",""coordinates"":[[-114.0672192,51.0136008],[-114.0673485,51.0136193]]}","MULTIPOINT ((-114.06721922671164 51.013600758526415),(-114.06734851079185 51.013619256974486))",,,,,
"{'type': 'Point', 'coordinates': [-113.99129079969076, 51.02377752862912]}",DP2022-05666,3436 28 ST SE,MARCEL DESIGN STUDIO,Residential - Multi-Family,"NEW: ROWHOUSE (1 BUILDING), SECONDARY SUITE (1 BUILDING, 3 UNITS), ACCESSORY RESIDENTIAL BUILDING (GARAGE)",C1020; C2540; C2626,ACCESSORY RESIDENTIAL BUILDING; ROWHOUSE BUILDING; SECONDARY SUITE,Permitted,R-CG,Residential - Grade-Oriented Infill,Released,2022-08-12T00:00:00.000,2023-02-14T00:00:00.000,2023-12-05T00:00:00.000,2025-02-14T00:00:00.000,Approval,Development Authority,DOV,DOVER,9,SE,51.024,-113.991,1,Titled Parcel,3436 28 ST SE,"{""type"":""Point"",""coordinates"":[-113.9912908,51.0237775]}",POINT (-113.99129079969076 51.02377752862912),,,,,
"{'type': 'Point', 'coordinates': [-113.97125135946474, 51.03922693053833]}",DP2022-05668,1702 43 ST SE,,Residential - Multi-Family,"NEW: MULTI-RESIDENTIAL DEVELOPMENT (1 BUILDING), SECONDARY SUITE (4 UNITS); ACCESSORY RESIDENTIAL BUILDING (GARAGE)",C1020; C2050; C2626,ACCESSORY RESIDENTIAL BUILDING; MULTI-RESIDENTIAL DEVELOPMENT; SECONDARY SUITE,Discretionary,M-C1,Multi-Residential - Contextual Low Profile,Released,2022-08-12T00:00:00.000,2023-07-10T00:00:00.000,2024-10-28T00:00:00.000,2025-07-10T00:00:00.000,Approval,Development Authority,FLN,FOREST LAWN,9,SE,51.039,-113.971,1,Titled Parcel,1702 43 ST SE,"{""type"":""Point"",""coordinates"":[-113.9712514,51.0392269]}",POINT (-113.97125135946474 51.03922693053833),,,,,
"{'type': 'Point', 'coordinates': [-113.91125585819721, 51.04143149808616]}",DP2022-05669,#1000 250 EAST HILLS SQ SE,PRIORITY PERMITS,Signs - Permitted Use with Relaxation,NEW: SIGN - CLASS B (FASCIA SIGNS - 2) - ILLUMINATION VISIBLE FROM RESIDENTIAL (EAST WALL); REVISION: SIGN - CLASS B (CHANGES TO DP2020-3792 - RELOCATION OF SIGNS),C2680,SIGN - CLASS B,Permitted with a Relaxation,DC,Direct Control (1P2007),Released,2022-08-12T00:00:00.000,2022-08-31T00:00:00.000,2022-10-04T00:00:00.000,2025-08-31T00:00:00.000,Approval,Development Authority,BVD,BELVEDERE,9,SE,51.041,-113.911,2,Titled Parcel;Building,250 EAST HILLS SQ SE;#1000 250 EAST HILLS SQ SE,"{""type"":""MultiPoint"",""coordinates"":[[-113.9112559,51.0414315],[-113.9112836,51.0418528]]}","MULTIPOINT ((-113.91125585819721 51.04143149808616),(-113.91128358702088 51.041852823305604))",,,,,
"{'type': 'Point', 'coordinates': [-114.09521544851381, 51.043417632501175]}",DP2022-05670,1510 11 AV SW,AERO SIGN & PRINT,Signs - Permitted Use,NEW: SIGN - CLASS B (FASCIA SIGN),C2680,SIGN - CLASS B,Permitted,C-COR1 f3.0h23,Commercial - Corridor 1,Released,2022-08-12T00:00:00.000,2022-08-19T00:00:00.000,2022-08-19T00:00:00.000,2024-08-19T00:00:00.000,Approval,Development Authority,SNA,SUNALTA,8,SW,51.043,-114.095,3,Titled Parcel;Building;Entryway,1506 11 AV SW;1506 11 AV SW;1510 11 AV SW,"{""type"":""MultiPoint"",""coordinates"":[[-114.0952154,51.0434176],[-114.0952115,51.043489],[-114.0953286,51.0434401]]}","MULTIPOINT ((-114.09521544851381 51.043417632501175),(-114.09521153059501 51.04348897825051),(-114.09532857827395 51.04344012250548))",,,,,
"{'type': 'Point', 'coordinates': [-114.11735978210457, 51.02059948076595]}",DP2022-05672,25 SOMME ME SW,,Relaxation - Existing - Compliance Follow-Up,RELAXATION: PRIVACY WALL(EXISTING)- HEIGHT,C9999,OTHER,Permitted with a Relaxation,R-C2,Residential - Contextual One/Two Dwelling,Cancelled,2022-08-12T00:00:00.000,,,,,,GAW,GARRISON WOODS,8,SW,51.021,-114.117,2,Titled Parcel;Building,25 SOMME ME SW;25 SOMME ME SW,"{""type"":""MultiPoint"",""coordinates"":[[-114.1173598,51.0205995],[-114.1173506,51.0205191]]}","MULTIPOINT ((-114.11735978210457 51.02059948076595),(-114.11735059975751 51.02051913938424))",2024-01-25T00:00:00.000,,,,
"{'type': 'Point', 'coordinates': [-114.03261899127314, 51.089699724683406]}",DP2022-05671,4215 12 ST NE,STEVEN HO ARCHITECT,Change of Use - With Change to Site Plan,"CHANGES TO SITE PLAN: OFFICE, GENERAL INDUSTRIAL - LIGHT, BUILDING SUPPLY CENTRE (MAIN FLOOR OUTDOOR CANOPY)",C1235; C1685; C2110,BUILDING SUPPLY CENTRE; GENERAL INDUSTRIAL - LIGHT; OFFICE,Discretionary,I-G,Industrial - General,Released,2022-08-12T00:00:00.000,2022-11-10T00:00:00.000,2022-12-16T00:00:00.000,2024-11-10T00:00:00.000,Approval,Development Authority,MCI,MCCALL,10,NE,51.090,-114.033,2,Titled Parcel;Building,4215 12 ST NE;4215 12 ST NE,"{""type"":""MultiPoint"",""coordinates"":[[-114.032619,51.0896997],[-114.0332028,51.0895165]]}","MULTIPOINT ((-114.03261899127314 51.089699724683406),(-114.03320279936055 51.089516512813425))",,,,,
"{'type': 'Point', 'coordinates': [-113.98365130043395, 51.08168054374713]}",DP2022-05673,3550 32 AV NE,,Signs - Permitted Use,NEW: SIGN - CLASS B (FASCIA SIGNS - 5),C2680,SIGN - CLASS B,Permitted,C-C2 f0.5h18,Commercial - Community 2,Released,2022-08-12T00:00:00.000,2022-08-19T00:00:00.000,2022-08-19T00:00:00.000,2024-08-19T00:00:00.000,Approval,Development Authority,HOR,HORIZON,10,NE,51.082,-113.984,2,Titled Parcel;Building,3550 32 AV NE;3550 32 AV NE,"{""type"":""MultiPoint"",""coordinates"":[[-113.9836513,51.0816805],[-113.9831076,51.0831935]]}","MULTIPOINT ((-113.98365130043395 51.08168054374713),(-113.98310761484579 51.083193500643155))",,,,,
"{'type': 'Point', 'coordinates': [-114.064016060639, 50.99479433788554]}",DP2022-05674,6307 CENTRE ST SW,,Signs - Discretionary Use,TEMPORARY USE: SIGN - CLASS E (DIGITAL MESSAGE SIGN - 3 YEARS),C2710,SIGN - CLASS E,Discretionary,C-COR3 f1.0h12,Commercial - Corridor 3,Released,2022-08-12T00:00:00.000,2022-08-26T00:00:00.000,2022-09-27T00:00:00.000,2024-08-26T00:00:00.000,Approval,Development Authority,MNI,MANCHESTER INDUSTRIAL,9,SW,50.995,-114.064,2,Titled Parcel;Building,6307 CENTRE ST SW;6307 CENTRE ST SW,"{""type"":""MultiPoint"",""coordinates"":[[-114.0640161,50.9947943],[-114.0644497,50.9948041]]}","MULTIPOINT ((-114.064016060639 50.99479433788554),(-114.06444970157533 50.99480405120242))",,,,,
"{'type': 'Point', 'coordinates': [-114.00894171524305, 50.986721579588824]}",DP2022-05675,7403 21 ST SE,,Residential - Secondary Suite,NEW: SECONDARY SUITE (BASEMENT) - PARKING STALL SIZE,C2626,SECONDARY SUITE,Permitted with a Relaxation,R-C2,Residential - Contextual One/Two Dwelling,Released,2022-08-12T00:00:00.000,2022-09-09T00:00:00.000,2022-10-07T00:00:00.000,2024-09-09T00:00:00.000,Approval,Development Authority,OGD,OGDEN,9,SE,50.987,-114.009,2,Titled Parcel;Building,7403 21 ST SE;7403 21 ST SE,"{""type"":""MultiPoint"",""coordinates"":[[-114.0089417,50.9867216],[-114.0090514,50.9867218]]}","MULTIPOINT ((-114.00894171524305 50.986721579588824),(-114.00905135669959 50.98672175094216))",,,,,
"{'type': 'Point', 'coordinates': [-113.95964087330579, 50.985195670264524]}",DP2022-05676,5210 76 AV SE,COM-TECH DRAFTING & DESIGN (2002),Industrial - Other Areas,"NEW: GENERAL INDUSTRIAL - LIGHT, LIQUOR STORE, GAS BAR, CONVENIENCE FOOD STORE, CANNABIS STORE, RESTAURANT: FOOD SERVICE ONLY, DRIVE THROUGH (4 BUILDINGS)",C1258; C1400; C1510; C1680; C1910; C2465; C9999,CANNABIS STORE; CONVENIENCE FOOD STORE; DRIVE THROUGH; GAS BAR; LIQUOR STORE; RESTAURANT: FOOD SERVICE ONLY; OTHER,Discretionary,DC,Direct Control (1P2007),Lapsed,2022-08-12T00:00:00.000,2023-01-09T00:00:00.000,,2025-01-09T00:00:00.000,Approval,Development Authority,FHI,FOOTHILLS,9,SE,50.985,-113.960,1,Titled Parcel,5210 76 AV SE,"{""type"":""Point"",""coordinates"":[-113.9596409,50.9851957]}",POINT (-113.95964087330579 50.985195670264524),2025-01-10T00:00:00.000,,,,
"{'type': 'Point', 'coordinates': [-114.11264199896802, 51.05190642329757]}",DP2022-05677,2239 WESTMOUNT RD NW,VEKTRA,Home Occupation Class 2,TEMPORARY USE: HOME OCCUPATION - CLASS 2 (LIGHTING WHOLESALER - 5 YEARS),C1730,HOME OCCUPATION - CLASS 2,Discretionary,R-C2,Residential - Contextual One/Two Dwelling,Released,2022-08-12T00:00:00.000,2022-09-16T00:00:00.000,2022-10-14T00:00:00.000,2024-09-16T00:00:00.000,Approval,Development Authority,WHL,WEST HILLHURST,7,NW,51.052,-114.113,3,Titled Parcel;Building;Entryway,2237 WESTMOUNT RD NW;2239 WESTMOUNT RD NW;2239 WESTMOUNT RD NW,"{""type"":""MultiPoint"",""coordinates"":[[-114.112642,51.0519064],[-114.1127504,51.051849],[-114.1127504,51.051849]]}","MULTIPOINT ((-114.11264199896802 51.05190642329757),(-114.11275041400108 51.05184900926739),(-114.11275041400108 51.05184900926739))",,,,,
"{'type': 'Point', 'coordinates': [-113.95357073325569, 51.169122340495456]}",DP2022-05678,28 RED EMBERS SQ NE,,Residential - Secondary Suite,NEW: SECONDARY SUITE (BASEMENT),C2626,SECONDARY SUITE,Discretionary,R-1,Residential - One Dwelling,Cancelled,2022-08-12T00:00:00.000,,,,,,RSN,REDSTONE,5,NE,51.169,-113.954,2,Titled Parcel;Building,28 RED EMBERS SQ NE;28 RED EMBERS SQ NE,"{""type"":""MultiPoint"",""coordinates"":[[-113.9535707,51.1691223],[-113.9533786,51.169108]]}","MULTIPOINT ((-113.95357073325569 51.169122340495456),(-113.9533785983142 51.16910802465301))",2022-08-17T00:00:00.000,,,,
"{'type': 'Point', 'coordinates': [-113.98365130043395, 51.08168054374713]}",DP2022-05679,3550 32 AV NE,FIVE STAR PERMITS,Signs - Permitted Use,NEW: SIGN - CLASS B (FASCIA SIGNS - 4),C2680,SIGN - CLASS B,Permitted,C-C2 f0.5h18,Commercial - Community 2,Released,2022-08-12T00:00:00.000,2022-08-22T00:00:00.000,2022-08-22T00:00:00.000,2024-08-22T00:00:00.000,Approval,Development Authority,HOR,HORIZON,10,NE,51.082,-113.984,2,Titled Parcel;Building,3550 32 AV NE;3550 32 AV NE,"{""type"":""MultiPoint"",""coordinates"":[[-113.9836513,51.0816805],[-113.9831076,51.0831935]]}","MULTIPOINT ((-113.98365130043395 51.08168054374713),(-113.98310761484579 51.083193500643155))",,,,,
"{'type': 'Point', 'coordinates': [-114.03511987693896, 51.0094397970249]}",DP2022-05680,5000 12A ST SE,SARAH WARD INTERIORS,Renovations - Non-Residential,"EXTERIOR RENOVATIONS: BREWERY, WINERY AND DISTILLERY, RESTAURANT: LICENSED (NEW GARAGE DOOR); REVISION: BREWERY, WINERY AND DISTILLERY, RESTAURANT: LICENSED (INCREASE TO EXISTING MEZZANINE)",C1225; C2130; C2485 ,"BREWERY, WINERY AND DISTILLERY; OUTDOOR CAFE; RESTAURANT: LICENSED",Discretionary,I-G,Industrial - General,Released,2022-08-12T00:00:00.000,2022-09-26T00:00:00.000,2022-10-21T00:00:00.000,2024-09-26T00:00:00.000,Approval,Development Authority,HIF,HIGHFIELD,9,SE,51.009,-114.035,2,Titled Parcel;Building,5000 12A ST SE;5000 12A ST SE,"{""type"":""MultiPoint"",""coordinates"":[[-114.0351199,51.0094398],[-114.0347427,51.0093612]]}","MULTIPOINT ((-114.03511987693896 51.0094397970249),(-114.03474268296019 51.00936121318106))",,,,,
"{'type': 'Point', 'coordinates': [-114.13236201138669, 51.07320867478443]}",DP2022-05681,3123 UPPER PL NW,,Residential - Secondary Suite,NEW: BACKYARD SUITE (GARAGE),C1175,BACKYARD SUITE,Discretionary,R-C1,Residential - Contextual One Dwelling,Cancelled,2022-08-12T00:00:00.000,,,,,,UNI,UNIVERSITY HEIGHTS,7,NW,51.073,-114.132,2,Titled Parcel;Building,3123 UPPER PL NW;3123 UPPER PL NW,"{""type"":""MultiPoint"",""coordinates"":[[-114.132362,51.0732087],[-114.1322114,51.0731721]]}","MULTIPOINT ((-114.13236201138669 51.07320867478443),(-114.13221137953992 51.073172140315684))",2024-01-25T00:00:00.000,,,,
"{'type': 'Point', 'coordinates': [-113.97277536615557, 51.08661292116406]}",DP2022-05682,380 WHITLOCK WY NE,,Home Occupation Class 2,TEMPORARY USE: HOME OCCUPATION - CLASS 2 (PERSONAL HOME HEALTH CARE PROVIDER),C1730,HOME OCCUPATION - CLASS 2,Discretionary,R-C1,Residential - Contextual One Dwelling,Cancelled,2022-08-12T00:00:00.000,,,,,,WHI,WHITEHORN,10,NE,51.087,-113.973,2,Titled Parcel;Building,380 WHITLOCK WY NE;380 WHITLOCK WY NE,"{""type"":""MultiPoint"",""coordinates"":[[-113.9727754,51.0866129],[-113.9727687,51.0865258]]}","MULTIPOINT ((-113.97277536615557 51.08661292116406),(-113.97276872304865 51.08652578275973))",2022-10-28T00:00:00.000,,,,
"{'type': 'Point', 'coordinates': [-114.13416553910265, 51.178062140842016]}",DP2022-05684,89 SAGE BLUFF RI NW,,Residential - Secondary Suite,NEW: SECONDARY SUITE (BASEMENT),C2626,SECONDARY SUITE,Discretionary,R-1N,Residential - Narrow Parcel One Dwelling,Released,2022-08-13T00:00:00.000,2022-10-05T00:00:00.000,2022-11-07T00:00:00.000,2024-10-05T00:00:00.000,Approval,Development Authority,SGH,SAGE HILL,2,NW,51.178,-114.134,2,Titled Parcel;Building,89 SAGE BLUFF RI NW;89 SAGE BLUFF RI NW,"{""type"":""MultiPoint"",""coordinates"":[[-114.1341655,51.1780621],[-114.1340103,51.178053]]}","MULTIPOINT ((-114.13416553910265 51.178062140842016),(-114.13401031028313 51.17805301457823))",,,,,
"{'type': 'Point', 'coordinates': [-114.217950400781, 51.13544835236939]}",DP2022-05685,102 ARBOUR STONE CR NW,,Residential - Secondary Suite,NEW: SECONDARY SUITE (BASEMENT),C2626,SECONDARY SUITE,Discretionary,R-C1,Residential - Contextual One Dwelling,Released,2022-08-14T00:00:00.000,2022-09-28T00:00:00.000,2022-10-31T00:00:00.000,2024-09-28T00:00:00.000,Approval,Development Authority,ARB,ARBOUR LAKE,2,NW,51.135,-114.218,2,Titled Parcel;Building,102 ARBOUR STONE CR NW;102 ARBOUR STONE CR NW,"{""type"":""MultiPoint"",""coordinates"":[[-114.2179504,51.1354484],[-114.2178716,51.1353544]]}","MULTIPOINT ((-114.217950400781 51.13544835236939),(-114.21787164310786 51.13535443186162))",,,,,
"{'type': 'Point', 'coordinates': [-114.07105802675414, 51.00102023940036]}",DP2022-05683,#2 5908 MACLEOD TR SW,,Change of Use - Discretionary Use or Relaxations Required,CHANGE OF USE: AUTO SERVICE - MINOR,C1160,AUTO SERVICE - MINOR,Discretionary,C-COR3 f1.0h12,Commercial - Corridor 3,Cancelled,2022-08-13T00:00:00.000,,,,,,MNI,MANCHESTER INDUSTRIAL,9,SW,51.001,-114.071,3,Titled Parcel;Building;Building Suite,5908 MACLEOD TR SW;5908 MACLEOD TR SW;#2 5908 MACLEOD TR SW,"{""type"":""MultiPoint"",""coordinates"":[[-114.071058,51.0010202],[-114.0704341,51.0010001],[-114.0704341,51.0010001]]}","MULTIPOINT ((-114.07105802675414 51.00102023940036),(-114.07043412458837 51.00100013839917),(-114.07043412458837 51.00100013839917))",2022-08-29T00:00:00.000,,,,
"{'type': 'Point', 'coordinates': [-114.03788187161767, 51.05422446533441]}",DP2022-05686,225 10 ST NE,TRICOR DESIGN GROUP,Residential - New Single / Semi / Duplex,"NEW: SEMI-DETACHED DWELLING, ACCESSORY RESIDENTIAL BUILDING (GARAGE)",C1020; C2640,ACCESSORY RESIDENTIAL BUILDING; SEMI-DETACHED DWELLING,Discretionary,DC,Direct Control (1P2007),Released,2022-08-14T00:00:00.000,2022-12-15T00:00:00.000,2023-02-28T00:00:00.000,2025-12-15T00:00:00.000,Approval,Development Authority,BRD,BRIDGELAND/RIVERSIDE,9,NE,51.054,-114.038,2,Titled Parcel;Building,225 10 ST NE;225 10 ST NE,"{""type"":""MultiPoint"",""coordinates"":[[-114.0378819,51.0542245],[-114.0379985,51.0542418]]}","MULTIPOINT ((-114.03788187161767 51.05422446533441),(-114.03799849024779 51.05424177763876))",,,,,
"{'type': 'Point', 'coordinates': [-114.13747271628979, 50.96422486792974]}",DP2022-05687,508 OAKRIDGE WY SW,,Residential - Secondary Suite,NEW: SECONDARY SUITE (BASEMENT),C2626,SECONDARY SUITE,Discretionary,R-C1,Residential - Contextual One Dwelling,Released,2022-08-14T00:00:00.000,2022-09-23T00:00:00.000,2022-10-21T00:00:00.000,2024-09-23T00:00:00.000,Approval,Development Authority,OAK,OAKRIDGE,11,SW,50.964,-114.137,2,Titled Parcel;Building,508 OAKRIDGE WY SW;508 OAKRIDGE WY SW,"{""type"":""MultiPoint"",""coordinates"":[[-114.1374727,50.9642249],[-114.1376541,50.9642442]]}","MULTIPOINT ((-114.13747271628979 50.96422486792974),(-114.13765408269776 50.96424417132932))",,,,,
"{'type': 'Point', 'coordinates': [-113.94248809889811, 51.10908449859656]}",DP2022-05726,244 FALMERE WY NE,GLOBAL RAYMAC SURVEYING & ENGINEERING,Relaxation - Existing - Compliance Follow-Up,RELAXATION: DECK (EXISTING) - PROJECTION INTO REAR SETBACK,C1455,DECK,Discretionary,R-C2,Residential - Contextual One/Two Dwelling,Released,2022-08-16T00:00:00.000,2022-08-21T00:00:00.000,2022-09-16T00:00:00.000,2024-08-21T00:00:00.000,Approval,Development Authority,FAL,FALCONRIDGE,5,NE,51.109,-113.942,2,Titled Parcel;Building,244 FALMERE WY NE;244 FALMERE WY NE,"{""type"":""MultiPoint"",""coordinates"":[[-113.9424881,51.1090845],[-113.9425257,51.1090059]]}","MULTIPOINT ((-113.94248809889811 51.10908449859656),(-113.94252573960047 51.1090059117386))",,,,,
"{'type': 'Point', 'coordinates': [-114.18899223166643, 51.09292096456106]}",DP2022-05706,6932 BOW CR NW,,Relaxation - New - Accessory Building,NEW: ACCESSORY RESIDENTIAL BUILDING (SHED LOCATED IN THE FLOODWAY),C1020,ACCESSORY RESIDENTIAL BUILDING,Permitted with a Relaxation,R-C1,Residential - Contextual One Dwelling,Released,2022-08-15T00:00:00.000,2022-09-19T00:00:00.000,2022-10-18T00:00:00.000,2024-09-19T00:00:00.000,Approval,Development Authority,BOW,BOWNESS,1,NW,51.093,-114.189,2,Titled Parcel;Building,6932 BOW CR NW;6932 BOW CR NW,"{""type"":""MultiPoint"",""coordinates"":[[-114.1889922,51.092921],[-114.1885159,51.0930557]]}","MULTIPOINT ((-114.18899223166643 51.09292096456106),(-114.1885159219538 51.0930556795599))",,,,,
"{'type': 'Point', 'coordinates': [-113.96856607941392, 50.92256587128238]}",DP2022-05700,292 PRESTWICK ESTATE WY SE,,Relaxation - New - Accessory Building,ADDITION: ACCESSORY RESIDENTIAL BUILDING (SHED) - BUILDING COVERAGE,C1020,ACCESSORY RESIDENTIAL BUILDING,Permitted with a Relaxation,R-1N,Residential - Narrow Parcel One Dwelling,Released,2022-08-15T00:00:00.000,2022-09-26T00:00:00.000,2022-10-21T00:00:00.000,2024-09-26T00:00:00.000,Approval,Development Authority,MCT,MCKENZIE TOWNE,12,SE,50.923,-113.969,2,Titled Parcel;Building,292 PRESTWICK ESTATE WY SE;292 PRESTWICK ESTATE WY SE,"{""type"":""MultiPoint"",""coordinates"":[[-113.9685661,50.9225659],[-113.9684941,50.9226529]]}","MULTIPOINT ((-113.96856607941392 50.92256587128238),(-113.96849412213034 50.92265287433796))",,,,,
"{'type': 'Point', 'coordinates': [-113.96468210800433, 51.102239175512665]}",DP2022-05701,56 CASTLEBURY WY NE,JOHN TRINH & ASSOCIATES,Residential - New Single / Semi / Duplex,NEW: SINGLE DETACHED DWELLING,C2730,SINGLE DETACHED DWELLING,Discretionary,R-C1,Residential - Contextual One Dwelling,Released,2022-08-15T00:00:00.000,2022-09-02T00:00:00.000,2022-10-03T00:00:00.000,2024-09-02T00:00:00.000,Approval,Development Authority,CAS,CASTLERIDGE,5,NE,51.102,-113.965,1,Titled Parcel,56 CASTLEBURY WY NE,"{""type"":""Point"",""coordinates"":[-113.9646821,51.1022392]}",POINT (-113.96468210800433 51.102239175512665),,,,,
"{'type': 'Point', 'coordinates': [-113.96657981317351, 51.14659894655501]}",DP2022-05702,804 CITYSCAPE SQ NE,,Signs - Permitted Use,NEW: SIGN - CLASS B (FASCIA SIGNS - 2),C2680,SIGN - CLASS B,Permitted,C-C1,Commercial - Community 1,Released,2022-08-15T00:00:00.000,2022-08-24T00:00:00.000,2022-08-24T00:00:00.000,2024-08-24T00:00:00.000,Approval,Development Authority,CSC,CITYSCAPE,5,NE,51.147,-113.967,3,Titled Parcel;Building;Building Suite,10474 CITYSCAPE DR NE;800 CITYSCAPE SQ NE;804 CITYSCAPE SQ NE,"{""type"":""MultiPoint"",""coordinates"":[[-113.9665798,51.1465989],[-113.9683482,51.1461147],[-113.968641,51.1461483]]}","MULTIPOINT ((-113.96657981317351 51.14659894655501),(-113.96834819285355 51.14611466655394),(-113.9686409813905 51.14614831249418))",,,,,
"{'type': 'Point', 'coordinates': [-114.08417426781388, 51.07979435992828]}",DP2022-05703,1015 30 AV NW,,Residential - New Single / Semi / Duplex,REVISION: SINGLE DETACHED DWELLING (HEIGHT),C2730,SINGLE DETACHED DWELLING,Discretionary,R-C1,Residential - Contextual One Dwelling,Cancelled,2022-08-15T00:00:00.000,,,,,,CAM,CAMBRIAN HEIGHTS,4,NW,51.080,-114.084,1,Titled Parcel,1015 30 AV NW,"{""type"":""Point"",""coordinates"":[-114.0841743,51.0797944]}",POINT (-114.08417426781388 51.07979435992828),2022-09-29T00:00:00.000,,,,
"{'type': 'Point', 'coordinates': [-114.2035871741726, 51.019447235776525]}",DP2022-05704,456 SPRINGBANK PL SW,NONA HOME,Home Occupation Class 2,TEMPORARY USE: HOME OCCUPATION - CLASS 2 (MAIL ORDER - 18 MONTHS),C1730,HOME OCCUPATION - CLASS 2,Discretionary,R-1,Residential - One Dwelling,Released,2022-08-15T00:00:00.000,2022-10-26T00:00:00.000,2022-11-28T00:00:00.000,2024-10-26T00:00:00.000,Approval,Development Authority,SPH,SPRINGBANK HILL,6,SW,51.019,-114.204,2,Titled Parcel;Building,456 SPRINGBANK PL SW;456 SPRINGBANK PL SW,"{""type"":""MultiPoint"",""coordinates"":[[-114.2035872,51.0194472],[-114.2037496,51.0194698]]}","MULTIPOINT ((-114.2035871741726 51.019447235776525),(-114.20374964194647 51.01946979565327))",,,,,
"{'type': 'Point', 'coordinates': [-114.03993766533333, 51.0140209991077]}",DP2022-05705,1120A 44 AV SE,,Change of Use - Permitted Use,CHANGE OF USE: GENERAL INDUSTRIAL - LIGHT,C1685,GENERAL INDUSTRIAL - LIGHT,Permitted,I-G,Industrial - General,Cancelled,2022-08-15T00:00:00.000,,,,,,HIF,HIGHFIELD,9,SE,51.014,-114.040,3,Titled Parcel;Building;Entryway,1120 44 AV SE;1120 44 AV SE;1120A 44 AV SE,"{""type"":""MultiPoint"",""coordinates"":[[-114.0399377,51.014021],[-114.0399301,51.0141853],[-114.0399301,51.0141853]]}","MULTIPOINT ((-114.03993766533333 51.0140209991077),(-114.03993013928542 51.014185307904825),(-114.03993013928542 51.014185307904825))",2022-08-29T00:00:00.000,,,,
"{'type': 'Point', 'coordinates': [-114.12829290206993, 50.91793732710414]}",DP2022-05707,131 EVERWOODS GR SW,,Residential - Secondary Suite,NEW: SECONDARY SUITE (BASEMENT),C2626,SECONDARY SUITE,Discretionary,R-1N,Residential - Narrow Parcel One Dwelling,Released,2022-08-15T00:00:00.000,2022-09-29T00:00:00.000,2022-10-28T00:00:00.000,2024-09-29T00:00:00.000,Approval,Development Authority,EVE,EVERGREEN,13,SW,50.918,-114.128,2,Titled Parcel;Building,131 EVERWOODS GR SW;131 EVERWOODS GR SW,"{""type"":""MultiPoint"",""coordinates"":[[-114.1282929,50.9179373],[-114.1284795,50.9179566]]}","MULTIPOINT ((-114.12829290206993 50.91793732710414),(-114.12847946040061 50.91795659418009))",,,,,
"{'type': 'Point', 'coordinates': [-113.94353637993233, 50.88595844900581]}",DP2022-05688,379 AUBURN CREST WY SE,HAIR STYLIST,Home Occupation Class 2,TEMPORARY USE: HOME OCCUPATION - CLASS 2 (HAIR STYLIST - 5 YEARS),C1730,HOME OCCUPATION - CLASS 2,Discretionary,R-1N,Residential - Narrow Parcel One Dwelling,Released,2022-08-15T00:00:00.000,2022-09-23T00:00:00.000,2022-10-24T00:00:00.000,2024-09-23T00:00:00.000,Approval,Development Authority,AUB,AUBURN BAY,12,SE,50.886,-113.944,2,Titled Parcel;Building,379 AUBURN CREST WY SE;379 AUBURN CREST WY SE,"{""type"":""MultiPoint"",""coordinates"":[[-113.9435364,50.8859584],[-113.9436463,50.8859384]]}","MULTIPOINT ((-113.94353637993233 50.88595844900581),(-113.94364632050493 50.885938400534265))",,,,,
"{'type': 'Point', 'coordinates': [-114.05998826020084, 51.0383752134185]}",DP2022-05689,217 15 AV SE,TULLOCH GEOMATICS ALBERTA,Relaxation - Existing - Compliance Follow-Up,"RELAXATION: SINGLE DETACHED DWELLING (EXISTING) - BUILDING SETBACK FROM SIDE PROPERTY LINE, BALCONY (EXISTING) - PROJECTION DEPTH, CANTILEVER (EXISTING) - PROJECTION INTO SIDE SETBACK",C9999,OTHER,Discretionary,CC-X,Centre City Mixed Use District,Released,2022-08-15T00:00:00.000,2022-08-26T00:00:00.000,2022-09-26T00:00:00.000,2025-08-26T00:00:00.000,Approval,Development Authority,BLN,BELTLINE,8,SE,51.038,-114.060,2,Titled Parcel;Building,217 15 AV SE;217 15 AV SE,"{""type"":""MultiPoint"",""coordinates"":[[-114.0599883,51.0383752],[-114.0600027,51.0383026]]}","MULTIPOINT ((-114.05998826020084 51.0383752134185),(-114.06000269600206 51.03830259584611))",,,,,
"{'type': 'Point', 'coordinates': [-114.0654016842492, 50.95076218780573]}",DP2022-05690,11007 BONAVENTURE DR SE,,Signs - Permitted Use,NEW: SIGN - CLASS B (FASCIA SIGNS - 6),C2680,SIGN - CLASS B,Permitted,C-R2 f2.0,Commercial - Regional 2,Released,2022-08-15T00:00:00.000,2022-09-23T00:00:00.000,2022-09-27T00:00:00.000,2024-09-23T00:00:00.000,Approval,Development Authority,WIL,WILLOW PARK,11,SE,50.951,-114.065,2,Titled Parcel;Building,100 ANDERSON RD SE;11007 BONAVENTURE DR SE,"{""type"":""MultiPoint"",""coordinates"":[[-114.0654017,50.9507622],[-114.061739,50.9534322]]}","MULTIPOINT ((-114.0654016842492 50.95076218780573),(-114.06173896777214 50.953432224159094))",,,,,
"{'type': 'Point', 'coordinates': [-113.98733361304016, 50.96812790540089]}",DP2022-05692,9551 SHEPARD RD SE,BURNCO ROCK PRODUCTS,Industrial - Other Areas,"NEW: ASPHALT, AGGREGATE AND CONCRETE PLANT (OFFICE TRAILER)",C1100,"ASPHALT, AGGREGATE AND CONCRETE PLANT",Discretionary,I-H,Industrial - Heavy,Released,2022-08-15T00:00:00.000,2022-10-18T00:00:00.000,2022-12-30T00:00:00.000,2024-10-18T00:00:00.000,Approval,Development Authority,SHI,SHEPARD INDUSTRIAL,12,SE,50.968,-113.987,2,Titled Parcel;Building,9551 SHEPARD RD SE;9551 SHEPARD RD SE,"{""type"":""MultiPoint"",""coordinates"":[[-113.9873336,50.9681279],[-113.9891954,50.9681966]]}","MULTIPOINT ((-113.98733361304016 50.96812790540089),(-113.98919544725143 50.968196649057624))",,,,,
"{'type': 'Point', 'coordinates': [-114.18665720847952, 51.05153297908312]}",DP2022-05694,18 STRADDOCK BA SW,ARC SURVEYS,Relaxation - Existing - Compliance Follow-Up,RELAXATION: EAVES (EXISTING) - PROJECTION INTO SIDE AND REAR SETBACK,C9999,OTHER,Permitted with a Relaxation,DC,Direct Control (1P2007),Released,2022-08-15T00:00:00.000,2022-08-21T00:00:00.000,2022-09-16T00:00:00.000,2024-08-21T00:00:00.000,Approval,Development Authority,STR,STRATHCONA PARK,6,SW,51.052,-114.187,2,Titled Parcel;Building,18 STRADDOCK BA SW;18 STRADDOCK BA SW,"{""type"":""MultiPoint"",""coordinates"":[[-114.1866572,51.051533],[-114.1867055,51.0516117]]}","MULTIPOINT ((-114.18665720847952 51.05153297908312),(-114.18670550470617 51.05161166998281))",,,,,
"{'type': 'Point', 'coordinates': [-114.11077937676298, 51.05007879404034]}",DP2022-05695,2203 BROADVIEW RD NW,,Residential - Secondary Suite,NEW: BACKYARD SUITE (BACKYARD SUITE),C1175,BACKYARD SUITE,Discretionary,R-CG,Residential - Grade-Oriented Infill,Cancelled,2022-08-15T00:00:00.000,,,,,,WHL,WEST HILLHURST,7,NW,51.050,-114.111,3,Titled Parcel;Titled Parcel;Building,2203 BROADVIEW RD NW;27 21 ST NW;2203 BROADVIEW RD NW,"{""type"":""MultiPoint"",""coordinates"":[[-114.1107794,51.0500788],[-114.1106321,51.0498901],[-114.1107719,51.0499897]]}","MULTIPOINT ((-114.11077937676298 51.05007879404034),(-114.11063206870237 51.04989014926542),(-114.11077187631216 51.0499897399101))",2024-02-12T00:00:00.000,,,,
"{'type': 'Point', 'coordinates': [-114.19083764159812, 51.12772632880598]}",DP2022-05693,72 HAWKWOOD CR NW,,Residential - Secondary Suite,NEW: SECONDARY SUITE (BASEMENT),C2626,SECONDARY SUITE,Discretionary,R-C1,Residential - Contextual One Dwelling,Released,2022-08-15T00:00:00.000,2022-10-17T00:00:00.000,2022-11-15T00:00:00.000,2024-10-17T00:00:00.000,Approval,Development Authority,HAW,HAWKWOOD,2,NW,51.128,-114.191,2,Titled Parcel;Building,72 HAWKWOOD CR NW;72 HAWKWOOD CR NW,"{""type"":""MultiPoint"",""coordinates"":[[-114.1908376,51.1277263],[-114.19084,51.1276104]]}","MULTIPOINT ((-114.19083764159812 51.12772632880598),(-114.19084002125074 51.12761043979179))",,,,,
"{'type': 'Point', 'coordinates': [-114.08798681827362, 51.00860304635439]}",DP2022-05696,1115 50 AV SW,ROCKWOOD CUSTOM HOMES,Residential - New Single / Semi / Duplex,NEW: SINGLE DETACHED DWELLING - BUILDING HEIGHT,C2730,SINGLE DETACHED DWELLING,Permitted with a Relaxation,S-FUD,Special Purpose - Future Urban Development,Released,2022-08-15T00:00:00.000,2022-11-07T00:00:00.000,2022-12-05T00:00:00.000,2024-11-07T00:00:00.000,Approval,Development Authority,GPK,GLENMORE PARK,11,SW,51.009,-114.088,1,Titled Parcel,1115 50 AV SW,"{""type"":""Point"",""coordinates"":[-114.0879868,51.008603]}",POINT (-114.08798681827362 51.00860304635439),,,,,
"{'type': 'Point', 'coordinates': [-113.98740769584921, 51.07801831689336]}",DP2022-05697,3404 26 AV NE,,Signs - Discretionary Use - Third Party Signs,TEMPORARY USE: SIGN - CLASS G (DIGITAL THIRD PARTY ADVERTISING SIGN) - 3 YEARS,C2721,SIGN - CLASS G,Discretionary,C-COR3 f1.0h12,Commercial - Corridor 3,Released,2022-08-15T00:00:00.000,2022-09-26T00:00:00.000,2022-10-21T00:00:00.000,2024-09-26T00:00:00.000,Approval,Development Authority,SUN,SUNRIDGE,10,NE,51.078,-113.987,1,Titled Parcel,3404 26 AV NE,"{""type"":""Point"",""coordinates"":[-113.9874077,51.0780183]}",POINT (-113.98740769584921 51.07801831689336),,,,,
"{'type': 'Point', 'coordinates': [-114.07457610015575, 51.03836690533858]}",DP2022-05699,602 17 AV SW,BEHRENDS BRONZE,Signs - Permitted Use,NEW: SIGN - CLASS B (FASCIA SIGN),C2680,SIGN - CLASS B,Permitted,C-COR1 f3.0h23,Commercial - Corridor 1,Released,2022-08-15T00:00:00.000,2022-08-26T00:00:00.000,2022-08-29T00:00:00.000,2024-08-26T00:00:00.000,Approval,Development Authority,BLN,BELTLINE,8,SW,51.038,-114.075,3,Titled Parcel;Building;Building Suite,1515 5 ST SW;1515 5 ST SW;602 17 AV SW,"{""type"":""MultiPoint"",""coordinates"":[[-114.0745761,51.0383669],[-114.0748005,51.0381851],[-114.0746691,51.037989]]}","MULTIPOINT ((-114.07457610015575 51.03836690533858),(-114.0748004671893 51.03818514214573),(-114.07466905817277 51.037988989033636))",,,,,
"{'type': 'Point', 'coordinates': [-114.06701544793111, 51.01930412562544]}",DP2022-05698,3926 1A ST SW,ELLERGODT DESIGN,Residential - New Single / Semi / Duplex,NEW: SINGLE DETACHED DWELLING,C2730,SINGLE DETACHED DWELLING,Discretionary,R-C2,Residential - Contextual One/Two Dwelling,Released,2022-08-15T00:00:00.000,2022-09-26T00:00:00.000,2022-10-24T00:00:00.000,2024-09-26T00:00:00.000,Approval,Development Authority,PKH,PARKHILL,8,SW,51.019,-114.067,1,Titled Parcel,3926 1A ST SW,"{""type"":""Point"",""coordinates"":[-114.0670154,51.0193041]}",POINT (-114.06701544793111 51.01930412562544),,,,,
"{'type': 'Point', 'coordinates': [-114.01306245679646, 51.08166481164302]}",DP2022-05732,3321 19 ST NE,,Change of Use - Permitted Use,CHANGE OF USE: OFFICE,C2110,OFFICE,Permitted,I-C,Industrial - Commercial,Cancelled,2022-08-16T00:00:00.000,,,,,,NAW,NORTH AIRWAYS,10,NE,51.082,-114.013,3,Titled Parcel;Building;Entryway,1920 32 AV NE;1920 32 AV NE;3321 19 ST NE,"{""type"":""MultiPoint"",""coordinates"":[[-114.0130625,51.0816648],[-114.0125741,51.0821598],[-114.0123438,51.0822229]]}","MULTIPOINT ((-114.01306245679646 51.08166481164302),(-114.01257411824602 51.082159809753264),(-114.01234378283448 51.082222860911756))",2022-08-29T00:00:00.000,,,,
"{'type': 'Point', 'coordinates': [-114.06268424631588, 51.096809079260794]}",DP2022-05733,5015 CENTRE ST NW,,Change of Use - Discretionary Use or Relaxations Required,TEMPORARY USE: DWELLING UNIT (2 YEARS),C1540,DWELLING UNIT,Discretionary,C-N2,Commercial - Neighbourhood 2,Released,2022-08-16T00:00:00.000,2022-10-07T00:00:00.000,2022-11-15T00:00:00.000,2024-10-07T00:00:00.000,Approval,Development Authority,THO,THORNCLIFFE,4,NW,51.097,-114.063,2,Titled Parcel;Building,5015 CENTRE ST NW;5015 CENTRE ST NW,"{""type"":""MultiPoint"",""coordinates"":[[-114.0626842,51.0968091],[-114.0628079,51.0967982]]}","MULTIPOINT ((-114.06268424631588 51.096809079260794),(-114.0628078530044 51.0967981893865))",,,,,
"{'type': 'Point', 'coordinates': [-114.07133715873167, 51.03685475739574]}",DP2022-05708,#150 1800 4 ST SW,PRIORITY PERMITS,Signs - Permitted Use,NEW: SIGN - CLASS B (FASCIA SIGNS - 2),C2680,SIGN - CLASS B,Permitted,DC,DIRECT CONTROL DISTRICT                                 ,Released,2022-08-16T00:00:00.000,2022-09-16T00:00:00.000,2022-09-16T00:00:00.000,2025-09-16T00:00:00.000,Approval,Development Authority,MIS,MISSION,8,SW,51.037,-114.071,3,Titled Parcel;Building;Building Suite,1800 4 ST SW;1800 4 ST SW;#150 1800 4 ST SW,"{""type"":""MultiPoint"",""coordinates"":[[-114.0713372,51.0368548],[-114.0707884,51.0369323],[-114.0707884,51.0369323]]}","MULTIPOINT ((-114.07133715873167 51.03685475739574),(-114.07078840696917 51.036932250052814),(-114.07078840696917 51.036932250052814))",,,,,
"{'type': 'Point', 'coordinates': [-113.94339367893737, 51.15817757646392]}",DP2022-05709,134 CORNERSTONE HT NE,,Commercial - Other Areas,NEW: PROTECTIVE AND EMERGENCY SERVICE (1 BUILDING),C2370,PROTECTIVE AND EMERGENCY SERVICE,Permitted,M-G,Multi-Residential - At Grade Housing,Cancelled,2022-08-16T00:00:00.000,,,,,,CNS,CORNERSTONE,5,NE,51.158,-113.943,1,Titled Parcel,134 CORNERSTONE HT NE,"{""type"":""Point"",""coordinates"":[-113.9433937,51.1581776]}",POINT (-113.94339367893737 51.15817757646392),2022-08-25T00:00:00.000,,,,
"{'type': 'Point', 'coordinates': [-114.12246048560655, 51.03380020179407]}",DP2022-05710,2227 25A ST SW,DESIGNHAUS STUDIO,Residential - Contextual Dwelling,"NEW: CONTEXTUAL SINGLE DETACHED DWELLING, ACCESSORY RESIDENTIAL BUILDING (GARAGE)",C1020; C1370,ACCESSORY RESIDENTIAL BUILDING; CONTEXTUAL SINGLE DETACHED DWELLING,Permitted,R-C2,Residential - Contextual One/Two Dwelling,Released,2022-08-16T00:00:00.000,2022-10-17T00:00:00.000,2022-10-19T00:00:00.000,2024-10-17T00:00:00.000,Approval,Development Authority,KIL,KILLARNEY/GLENGARRY,8,SW,51.034,-114.122,1,Titled Parcel,2227 25A ST SW,"{""type"":""Point"",""coordinates"":[-114.1224605,51.0338002]}",POINT (-114.12246048560655 51.03380020179407),,,,,
"{'type': 'Point', 'coordinates': [-114.17784929009137, 51.037154134867386]}",DP2022-05711,#3160 40 CHRISTIE PARK VW SW,BILL SAFEHOUSE,Change of Use - Permitted Use,REVISION: RESTAURANT: FOOD SERVICE ONLY (CHANGE OF USE TO DP2020-1567),C2465,RESTAURANT: FOOD SERVICE ONLY,Permitted,C-N2,Commercial - Neighbourhood 2,Released,2022-08-16T00:00:00.000,2022-08-24T00:00:00.000,2022-08-24T00:00:00.000,2023-08-24T00:00:00.000,Approval,Development Authority,CHR,CHRISTIE PARK,6,SW,51.037,-114.178,3,Titled Parcel;Building;Building Suite,#3000 40 CHRISTIE PARK VW SW;#3000 40 CHRISTIE PARK VW SW;#3160 40 CHRISTIE PARK VW SW,"{""type"":""MultiPoint"",""coordinates"":[[-114.1778493,51.0371541],[-114.1777154,51.0376135],[-114.1773593,51.0376311]]}","MULTIPOINT ((-114.17784929009137 51.037154134867386),(-114.17771539347963 51.0376134542432),(-114.17735934172914 51.03763112058937))",,,,,
"{'type': 'Point', 'coordinates': [-114.18437678689044, 51.05559999202217]}",DP2022-05712,6615 COACH HILL RD SW,RECTANGLE DESIGN,Residential - Contextual Dwelling,NEW: CONTEXTUAL SINGLE DETACHED DWELLING,C1370,CONTEXTUAL SINGLE DETACHED DWELLING,Permitted,R-C1,Residential - Contextual One Dwelling,Released,2022-08-16T00:00:00.000,2022-09-26T00:00:00.000,2022-09-26T00:00:00.000,2024-09-26T00:00:00.000,Approval,Development Authority,COA,COACH HILL,6,SW,51.056,-114.184,1,Titled Parcel,6615 COACH HILL RD SW,"{""type"":""Point"",""coordinates"":[-114.1843768,51.0556]}",POINT (-114.18437678689044 51.05559999202217),,,,,
"{'type': 'Point', 'coordinates': [-114.02208065707829, 50.880036788347724]}",DP2022-05713,442 CHAPARRAL RAVINE VW SE,D COHEN LAW OFFICE,Relaxation - Existing - Residential - FastTrack - Comp Follow-Up,RELAXATION: DECK (EXISTING) - PROJECTION INTO REAR SETBACK,C1455,DECK,Permitted with a Relaxation,R-1N,Residential - Narrow Parcel One Dwelling,Released,2022-08-16T00:00:00.000,2022-08-26T00:00:00.000,2022-09-26T00:00:00.000,2024-08-26T00:00:00.000,Approval,Development Authority,CHA,CHAPARRAL,14,SE,50.880,-114.022,2,Titled Parcel;Building,442 CHAPARRAL RAVINE VW SE;442 CHAPARRAL RAVINE VW SE,"{""type"":""MultiPoint"",""coordinates"":[[-114.0220807,50.8800368],[-114.0219623,50.8799177]]}","MULTIPOINT ((-114.02208065707829 50.880036788347724),(-114.02196231458322 50.87991771130894))",,,,,
"{'type': 'Point', 'coordinates': [-113.95946915201951, 51.037647015078505]}",DP2022-05715,#170 5115 17 AV SE,FIVE STAR PERMITS,Signs - Discretionary Use,"NEW: SIGN - CLASS C (FREESTANDING SIGN), SIGN - CLASS E (DIGITAL MESSAGE SIGN) 3 YEARS",C2690; C2710,SIGN - CLASS C; SIGN - CLASS E,Discretionary,C-C2 f0.5h18,Commercial - Community 2,Released,2022-08-16T00:00:00.000,2022-09-18T00:00:00.000,2022-10-20T00:00:00.000,2024-09-18T00:00:00.000,Approval,Development Authority,FLI,FOREST LAWN INDUSTRIAL,9,SE,51.038,-113.959,11,Titled Parcel;Building;Building Suite;Building Suite;Building Suite;Building Suite;Building Suite;Building Suite;Building Suite;Building Suite;Building Suite,5115 17 AV SE;5115 17 AV SE;#120 5115 17 AV SE;#130 5115 17 AV SE;#160 5115 17 AV SE;#155 5115 17 AV SE;#150 5115 17 AV SE;#165 5115 17 AV SE;#100 5115 17 AV SE;#175 5115 17 AV SE;#170 5115 17 AV SE,"{""type"":""MultiPoint"",""coordinates"":[[-113.9594692,51.037647],[-113.9599611,51.0359329],[-113.9598508,51.0359332],[-113.9596426,51.0359339],[-113.9592086,51.0359798],[-113.9592184,51.0360496],[-113.9592141,51.036146],[-113.9592143,51.0358993],[-113.9604675,51.0359335],[-113.9592144,51.0357287],[-113.9592129,51.0358268]]}","MULTIPOINT ((-113.95946915201951 51.037647015078505),(-113.95996106300147 51.03593290304208),(-113.95985079195023 51.035933188843245),(-113.95964262561135 51.0359338902641),(-113.95920858826416 51.03597980304296),(-113.95921835067868 51.036049647794364),(-113.95921405998227 51.03614601638356),(-113.95921427652105 51.03589934679148),(-113.96046753258621 51.035933471004725),(-113.95921442631843 51.03572870346028),(-113.9592129286355 51.03582684400962))",,,,,
"{'type': 'Point', 'coordinates': [-114.06336527768318, 50.93593999588214]}",DP2022-05714,59 LAKE BONAVENTURE PL SE,,Relaxation - Existing - Compliance Follow-Up,"RELAXATION: EAVES (EXISTING) - PROJECTION INTO SIDE SETBACK, ACCESSORY RESIDENTIAL BUILDING (EXISTING) - PROJECTION INTO SIDE SETBACK",C1020; C9999,ACCESSORY RESIDENTIAL BUILDING; OTHER,Discretionary,R-C1,Residential - Contextual One Dwelling,Released,2022-08-16T00:00:00.000,2022-09-23T00:00:00.000,2022-10-21T00:00:00.000,2024-09-23T00:00:00.000,Approval,Development Authority,LKB,LAKE BONAVISTA,14,SE,50.936,-114.063,2,Titled Parcel;Building,59 LAKE BONAVENTURE PL SE;59 LAKE BONAVENTURE PL SE,"{""type"":""MultiPoint"",""coordinates"":[[-114.0633653,50.93594],[-114.0635577,50.9360452]]}","MULTIPOINT ((-114.06336527768318 50.93593999588214),(-114.06355774614042 50.9360452079998))",,,,,
"{'type': 'Point', 'coordinates': [-114.11708813327299, 51.004890092508575]}",DP2022-05717,#20A 2439 54 AV SW,AERO SIGN & PRINT,Signs - Permitted Use,NEW: SIGN - CLASS B (FASCIA SIGN),C2680,SIGN - CLASS B,Permitted,C-C1,Commercial - Community 1,Released,2022-08-16T00:00:00.000,2022-08-25T00:00:00.000,2022-08-25T00:00:00.000,2024-08-25T00:00:00.000,Approval,Development Authority,NGM,NORTH GLENMORE PARK,11,SW,51.005,-114.117,3,Titled Parcel;Building;Building Suite,2439 54 AV SW;2439 54 AV SW;#20A 2439 54 AV SW,"{""type"":""MultiPoint"",""coordinates"":[[-114.1170881,51.0048901],[-114.1167712,51.0047401],[-114.1167705,51.0047098]]}","MULTIPOINT ((-114.11708813327299 51.004890092508575),(-114.11677122808267 51.00474005526385),(-114.11677051094144 51.00470979631777))",,,,,
"{'type': 'Point', 'coordinates': [-114.02941533817406, 51.05799359348028]}",DP2022-05716,619 13A ST NE,,Relaxation - New - Residential,RELAXATION: RETAINING WALL - HEIGHT,C2535,RETAINING WALL,Discretionary,R-C2,Residential - Contextual One/Two Dwelling,Released,2022-08-16T00:00:00.000,2022-10-06T00:00:00.000,2022-11-04T00:00:00.000,2024-10-06T00:00:00.000,Approval,Development Authority,REN,RENFREW,9,NE,51.058,-114.029,1,Titled Parcel,619 13A ST NE,"{""type"":""Point"",""coordinates"":[-114.0294153,51.0579936]}",POINT (-114.02941533817406 51.05799359348028),,,,,
"{'type': 'Point', 'coordinates': [-113.96657981317351, 51.14659894655501]}",DP2022-05718,#210 100 CITYSCAPE SQ NE,AERO SIGN & PRINT,Signs - Permitted Use with Relaxation,NEW: SIGN - CLASS B (FASCIA SIGNS - 2) - ILLUMINATION FACING RESIDENTIAL,C2680,SIGN - CLASS B,Permitted with a Relaxation,C-C1,Commercial - Community 1,Released,2022-08-16T00:00:00.000,2022-08-26T00:00:00.000,2022-09-23T00:00:00.000,2024-08-26T00:00:00.000,Approval,Development Authority,CSC,CITYSCAPE,5,NE,51.147,-113.967,3,Titled Parcel;Building;Building Suite,10474 CITYSCAPE DR NE;100 CITYSCAPE SQ NE;#210 100 CITYSCAPE SQ NE,"{""type"":""MultiPoint"",""coordinates"":[[-113.9665798,51.1465989],[-113.9667383,51.1463348],[-113.9668217,51.1464949]]}","MULTIPOINT ((-113.96657981317351 51.14659894655501),(-113.96673830115107 51.146334824048004),(-113.96682173694832 51.14649485320971))",,,,,
"{'type': 'Point', 'coordinates': [-113.96657981317351, 51.14659894655501]}",DP2022-05719,110 CITYSCAPE SQ NE,AERO SIGN & PRINT,Signs - Permitted Use with Relaxation,NEW: SIGN - CLASS B (FASCIA SIGNS - 2) - ILLUMINATION FACING RESIDENTIAL,C2680,SIGN - CLASS B,Permitted with a Relaxation,C-C1,Commercial - Community 1,Released,2022-08-16T00:00:00.000,2022-08-26T00:00:00.000,2022-09-23T00:00:00.000,2024-08-26T00:00:00.000,Approval,Development Authority,CSC,CITYSCAPE,5,NE,51.147,-113.967,3,Titled Parcel;Building;Building Suite,10474 CITYSCAPE DR NE;100 CITYSCAPE SQ NE;110 CITYSCAPE SQ NE,"{""type"":""MultiPoint"",""coordinates"":[[-113.9665798,51.1465989],[-113.9667383,51.1463348],[-113.9668167,51.1463063]]}","MULTIPOINT ((-113.96657981317351 51.14659894655501),(-113.96673830115107 51.146334824048004),(-113.96681674129974 51.146306349370164))",,,,,
"{'type': 'Point', 'coordinates': [-113.98569956101532, 50.900432346039715]}",DP2022-05720,8 MCKENNA PL SE,SUMMIT LEGAL GROUP,Relaxation - Existing - Residential,"RELAXATION: SINGLE DETACHED DWELLING (EXISTING) - BUILDING SETBACK FROM SIDE PROPERTY LINE, DECK (EXISTING) - HEIGHT",C1455; C2730,DECK; SINGLE DETACHED DWELLING,Discretionary,R-C1,Residential - Contextual One Dwelling,Released,2022-08-16T00:00:00.000,2022-08-31T00:00:00.000,2022-10-04T00:00:00.000,2024-08-31T00:00:00.000,Approval,Development Authority,MCK,MCKENZIE LAKE,14,SE,50.900,-113.986,2,Titled Parcel;Building,8 MCKENNA PL SE;8 MCKENNA PL SE,"{""type"":""MultiPoint"",""coordinates"":[[-113.9856996,50.9004323],[-113.9856009,50.900448]]}","MULTIPOINT ((-113.98569956101532 50.900432346039715),(-113.985600922076 50.900448003410325))",,,,,
"{'type': 'Point', 'coordinates': [-114.0377142212154, 51.042304140239274]}",DP2022-05721,1101 9 AV SE,FIVE STAR PERMITS,Signs - Permitted Use,NEW: SIGN - CLASS B (FASCIA SIGN),C2680,SIGN - CLASS B,Permitted,DC,Direct Control (1P2007),Released,2022-08-16T00:00:00.000,2022-08-25T00:00:00.000,2022-08-25T00:00:00.000,2025-08-25T00:00:00.000,Approval,Development Authority,ING,INGLEWOOD,9,SE,51.042,-114.038,2,Titled Parcel;Building,1101 9 AV SE;1101 9 AV SE,"{""type"":""MultiPoint"",""coordinates"":[[-114.0377142,51.0423041],[-114.0376346,51.042106]]}","MULTIPOINT ((-114.0377142212154 51.042304140239274),(-114.03763463313477 51.0421059961236))",,,,,
"{'type': 'Point', 'coordinates': [-114.11039291100091, 51.02962299705722]}",DP2022-05728,2116 27 AV SW,TRICOR DESIGN GROUP,Residential - New Single / Semi / Duplex,"NEW: SEMI-DETACHED DWELLING, ACCESSORY RESIDENTIAL BUILDING (GARAGE)",C1020; C2640,ACCESSORY RESIDENTIAL BUILDING; SEMI-DETACHED DWELLING,Discretionary,M-CG d72,Multi-Residential - Contextual Grade-Oriented  ,Released,2022-08-16T00:00:00.000,2022-10-24T00:00:00.000,2022-12-05T00:00:00.000,2024-10-24T00:00:00.000,Approval,Development Authority,RIC,RICHMOND,8,SW,51.030,-114.110,1,Titled Parcel,2116 27 AV SW,"{""type"":""Point"",""coordinates"":[-114.1103929,51.029623]}",POINT (-114.11039291100091 51.02962299705722),,,,,
"{'type': 'Point', 'coordinates': [-114.15106184576365, 51.15442580393279]}",DP2022-05729,152 SHERWOOD RI NW,,Relaxation - Existing - Residential - FastTrack - Comp Follow-Up,RELAXATION: DECK (EXISTING) - PROJECTION INTO REAR SETBACK,C1455,DECK,Permitted with a Relaxation,R-1,Residential - One Dwelling,Released,2022-08-16T00:00:00.000,2022-08-19T00:00:00.000,2022-09-27T00:00:00.000,2023-08-19T00:00:00.000,Approval,Development Authority,SHW,SHERWOOD,2,NW,51.154,-114.151,2,Titled Parcel;Building,152 SHERWOOD RI NW;152 SHERWOOD RI NW,"{""type"":""MultiPoint"",""coordinates"":[[-114.1510618,51.1544258],[-114.1509885,51.154304]]}","MULTIPOINT ((-114.15106184576365 51.15442580393279),(-114.15098848936172 51.15430395512153))",,,,,
"{'type': 'Point', 'coordinates': [-114.06410361356453, 51.06168359500136]}",DP2022-05730,128 10 AV NW,,Relaxation - New - Accessory Building,NEW: ACCESSORY RESIDENTIAL BUILDING - BUILDING COVERAGE,C1020,ACCESSORY RESIDENTIAL BUILDING,Permitted with a Relaxation,R-C2,Residential - Contextual One/Two Dwelling,Released,2022-08-16T00:00:00.000,2022-11-21T00:00:00.000,2022-12-16T00:00:00.000,2024-11-21T00:00:00.000,Approval,Development Authority,CRE,CRESCENT HEIGHTS,7,NW,51.062,-114.064,1,Titled Parcel,128 10 AV NW,"{""type"":""Point"",""coordinates"":[-114.0641036,51.0616836]}",POINT (-114.06410361356453 51.06168359500136),,,,,
"{'type': 'Point', 'coordinates': [-114.07437717894142, 51.093635718338234]}",DP2022-05731,107 HARTFORD RD NW,,Residential - Contextual Dwelling,"NEW: CONTEXTUAL SINGLE DETACHED DWELLING (NORTH LOT), SECONDARY SUITE (BASEMENT), ACCESSORY RESIDENTIAL BUILDING (GARAGE)",C1020; C1370; C2626,ACCESSORY RESIDENTIAL BUILDING; CONTEXTUAL SINGLE DETACHED DWELLING; SECONDARY SUITE,Permitted,R-C2,Residential - Contextual One/Two Dwelling,Cancelled,2022-08-16T00:00:00.000,2022-10-26T00:00:00.000,,2024-10-26T00:00:00.000,Approval,Development Authority,HIW,HIGHWOOD,4,NW,51.094,-114.074,1,Titled Parcel,107 HARTFORD RD NW,"{""type"":""Point"",""coordinates"":[-114.0743772,51.0936357]}",POINT (-114.07437717894142 51.093635718338234),2023-12-05T00:00:00.000,,,,
"{'type': 'Point', 'coordinates': [-113.9626413500461, 51.10466796526285]}",DP2022-05762,119 CASTLEBROOK DR NE,,Residential - Secondary Suite,NEW: SECONDARY SUITE (SECONDARY SUITE),C2626,SECONDARY SUITE,Discretionary,R-C1,Residential - Contextual One Dwelling,Cancelled,2022-08-17T00:00:00.000,,,,,,CAS,CASTLERIDGE,5,NE,51.105,-113.963,2,Titled Parcel;Building,119 CASTLEBROOK DR NE;119 CASTLEBROOK DR NE,"{""type"":""MultiPoint"",""coordinates"":[[-113.9626414,51.104668],[-113.9627632,51.104622]]}","MULTIPOINT ((-113.9626413500461 51.10466796526285),(-113.96276320164576 51.10462200413763))",2022-08-23T00:00:00.000,,,,
"{'type': 'Point', 'coordinates': [-114.062259778434, 51.01883591675076]}",DP2022-05738,#320 3916 MACLEOD TR SE,U NAIL AND LASH STUDIO,Change of Use - Permitted Use,CHANGE OF USE: RETAIL AND CONSUMER SERVICE (WITHIN EXISTING HEALTH CARE SERVICE),C1695; C2515,HEALTH CARE SERVICE; RETAIL AND CONSUMER SERVICE,Permitted,C-COR3 f3.0h46,Commercial - Corridor 3,Released,2022-08-17T00:00:00.000,2022-08-26T00:00:00.000,2022-08-26T00:00:00.000,2023-08-26T00:00:00.000,Approval,Development Authority,MNI,MANCHESTER INDUSTRIAL,9,SE,51.019,-114.062,3,Titled Parcel;Building;Building Suite,3916 MACLEOD TR SE;3916 MACLEOD TR SE;#320 3916 MACLEOD TR SE,"{""type"":""MultiPoint"",""coordinates"":[[-114.0622598,51.0188359],[-114.0620508,51.0186733],[-114.0619366,51.0187143]]}","MULTIPOINT ((-114.062259778434 51.01883591675076),(-114.06205075954243 51.018673277052486),(-114.06193662207646 51.018714286026324))",,,,,
"{'type': 'Point', 'coordinates': [-113.94614295090103, 50.86687392257673]}",DP2022-05735,20689 MAIN ST SE,,Residential - Secondary Suite,NEW: SECONDARY SUITE (BASEMENT),C2626,SECONDARY SUITE,Permitted with a Relaxation,R-Gm,Residential - Low Density Mixed Housing,Cancelled,2022-08-17T00:00:00.000,,,,,,SET,SETON,12,SE,50.867,-113.946,2,Titled Parcel;Building,20689 MAIN ST SE;20689 MAIN ST SE,"{""type"":""MultiPoint"",""coordinates"":[[-113.946143,50.8668739],[-113.9462547,50.8668473]]}","MULTIPOINT ((-113.94614295090103 50.86687392257673),(-113.94625472820195 50.86684733670071))",2022-08-23T00:00:00.000,,,,
"{'type': 'Point', 'coordinates': [-113.93847289899998, 51.15552317140081]}",DP2022-05734,#1010 1155 CORNERSTONE BV NE,,Change of Use - Permitted Use,REVISION: RESTAURANT: FOOD SERVICE ONLY (CHANGE OF USE TO DP2021-0744),C2465,RESTAURANT: FOOD SERVICE ONLY,Permitted,C-C2  f4.0h30,Commercial - Community 2,Released,2022-08-17T00:00:00.000,2022-08-23T00:00:00.000,2022-08-23T00:00:00.000,2023-08-23T00:00:00.000,Approval,Development Authority,CNS,CORNERSTONE,5,NE,51.156,-113.938,3,Titled Parcel;Building;Building Suite,1155 CORNERSTONE BV NE;#1000 1155 CORNERSTONE BV NE;#1010 1155 CORNERSTONE BV NE,"{""type"":""MultiPoint"",""coordinates"":[[-113.9384729,51.1555232],[-113.9400497,51.1552584],[-113.940081,51.1550617]]}","MULTIPOINT ((-113.93847289899998 51.15552317140081),(-113.9400496818146 51.15525839347491),(-113.94008102743196 51.15506173586826))",,,,,
"{'type': 'Point', 'coordinates': [-113.92433687596528, 50.95912556332595]}",DP2022-05736,10768 74 ST SE,MERMAC CONSTRUCTION,Signs - Permitted Use,NEW: SIGN - CLASS B (FASCIA SIGNS - 2),C2680,SIGN - CLASS B,Permitted,I-G,Industrial - General,Released,2022-08-17T00:00:00.000,2022-08-30T00:00:00.000,2022-08-30T00:00:00.000,2024-08-30T00:00:00.000,Approval,Development Authority,ESH,EAST SHEPARD INDUSTRIAL,12,SE,50.959,-113.924,2,Titled Parcel;Building,10768 74 ST SE;10768 74 ST SE,"{""type"":""MultiPoint"",""coordinates"":[[-113.9243369,50.9591256],[-113.9238784,50.9592066]]}","MULTIPOINT ((-113.92433687596528 50.95912556332595),(-113.92387842401075 50.95920661475759))",,,,,
"{'type': 'Point', 'coordinates': [-114.19688959119924, 51.084822860758564]}",DP2022-05737,7606 35 AV NW,ARC SURVEYS,Relaxation - Existing - Compliance Follow-Up,RELAXATION: ACCESSORY RESIDENTIAL BUILDING (EXISTING) - BUILDING SETBACK FROM SIDE PROPERTY LINE,C1020,ACCESSORY RESIDENTIAL BUILDING,Permitted with a Relaxation,R-C2,Residential - Contextual One/Two Dwelling,Released,2022-08-17T00:00:00.000,2022-08-31T00:00:00.000,2022-10-04T00:00:00.000,2024-08-31T00:00:00.000,Approval,Development Authority,BOW,BOWNESS,1,NW,51.085,-114.197,2,Titled Parcel;Building,7608 35 AV NW;7606 35 AV NW,"{""type"":""MultiPoint"",""coordinates"":[[-114.1968896,51.0848229],[-114.1967859,51.0849327]]}","MULTIPOINT ((-114.19688959119924 51.084822860758564),(-114.19678593605525 51.084932727373484))",,,,,
"{'type': 'Point', 'coordinates': [-114.01470039441035, 50.96556175614678]}",DP2022-05739,290 RIVERVIEW CI SE,ARC SURVEYS,Relaxation - Existing - Compliance Follow-Up,RELAXATION: DECK (EXISTING) - PROJECTION INTO SIDE SETBACK,C1455,DECK,Discretionary,R-C1,Residential - Contextual One Dwelling,Released,2022-08-17T00:00:00.000,2022-09-26T00:00:00.000,2022-10-21T00:00:00.000,2024-09-26T00:00:00.000,Approval,Development Authority,RIV,RIVERBEND,11,SE,50.966,-114.015,2,Titled Parcel;Building,290 RIVERVIEW CI SE;290 RIVERVIEW CI SE,"{""type"":""MultiPoint"",""coordinates"":[[-114.0147004,50.9655618],[-114.0148681,50.965609]]}","MULTIPOINT ((-114.01470039441035 50.96556175614678),(-114.01486812820096 50.965608958628486))",,,,,
"{'type': 'Point', 'coordinates': [-114.08418722574665, 50.90198162263818]}",DP2022-05740,108 SOMERCREST CL SW,ARC SURVEYS,Relaxation - Existing - Compliance Follow-Up,RELAXATION: DECK (EXISTING) - PROJECTION INTO REAR SETBACK,C1455,DECK,Discretionary,R-C1,Residential - Contextual One Dwelling,Released,2022-08-17T00:00:00.000,2022-08-26T00:00:00.000,2022-09-27T00:00:00.000,2024-08-26T00:00:00.000,Approval,Development Authority,SOM,SOMERSET,13,SW,50.902,-114.084,2,Titled Parcel;Building,108 SOMERCREST CL SW;108 SOMERCREST CL SW,"{""type"":""MultiPoint"",""coordinates"":[[-114.0841872,50.9019816],[-114.0843929,50.9020075]]}","MULTIPOINT ((-114.08418722574665 50.90198162263818),(-114.08439286430094 50.902007518080815))",,,,,
"{'type': 'Point', 'coordinates': [-114.12948438305379, 51.022290228231576]}",DP2022-05741,3610 SARCEE RD SW,,Change of Use - Discretionary Use or Relaxations Required,CHANGE OF USE: CHILD CARE SERVICE (18 CHILDREN),C1310,CHILD CARE SERVICE,Discretionary,S-CI,Special Purpose - Community Institution,Released,2022-08-17T00:00:00.000,2022-08-29T00:00:00.000,2022-09-26T00:00:00.000,2023-08-29T00:00:00.000,Approval,Development Authority,RUT,RUTLAND PARK,8,SW,51.022,-114.129,2,Titled Parcel;Building,3610 SARCEE RD SW;3610 SARCEE RD SW,"{""type"":""MultiPoint"",""coordinates"":[[-114.1294844,51.0222902],[-114.1297457,51.0218584]]}","MULTIPOINT ((-114.12948438305379 51.022290228231576),(-114.12974566059864 51.02185842933594))",,,,,
"{'type': 'Point', 'coordinates': [-114.21142071174016, 51.11500233269777]}",DP2022-05742,136 SCENIC ACRES DR NW,ARC SURVEYS,Relaxation - Existing - Compliance Follow-Up,RELAXATION: DECK (EXISTING) - PROJECTION INTO SIDE SETBACK,C1455,DECK,Discretionary,R-C1,Residential - Contextual One Dwelling,Released,2022-08-17T00:00:00.000,2022-08-21T00:00:00.000,2022-09-16T00:00:00.000,2024-08-21T00:00:00.000,Approval,Development Authority,SCE,SCENIC ACRES,1,NW,51.115,-114.211,2,Titled Parcel;Building,136 SCENIC ACRES DR NW;136 SCENIC ACRES DR NW,"{""type"":""MultiPoint"",""coordinates"":[[-114.2114207,51.1150023],[-114.2115754,51.1150338]]}","MULTIPOINT ((-114.21142071174016 51.11500233269777),(-114.21157543259352 51.11503384023005))",,,,,
"{'type': 'Point', 'coordinates': [-114.12123734656466, 51.17986067332771]}",DP2022-05743,757 EVANSTON DR NW,,Residential - Secondary Suite,NEW: SECONDARY SUITE (BASEMENT),C2626,SECONDARY SUITE,Discretionary,R-1N,Residential - Narrow Parcel One Dwelling,Released,2022-08-17T00:00:00.000,2022-09-12T00:00:00.000,2022-10-14T00:00:00.000,2024-09-12T00:00:00.000,Approval,Development Authority,EVN,EVANSTON,2,NW,51.180,-114.121,2,Titled Parcel;Building,757 EVANSTON DR NW;757 EVANSTON DR NW,"{""type"":""MultiPoint"",""coordinates"":[[-114.1212373,51.1798607],[-114.1212098,51.1799681]]}","MULTIPOINT ((-114.12123734656466 51.17986067332771),(-114.12120981030675 51.179968090763325))",,,,,
"{'type': 'Point', 'coordinates': [-113.92364573541943, 50.91257539496206]}",DP2022-05744,336 COPPERHEAD WY SE,VESTA PROPERTIES COPPERFIELD,Residential - Secondary Suite,NEW: SECONDARY SUITE (BASEMENT),C2626,SECONDARY SUITE,Discretionary,R-1N,Residential - Narrow Parcel One Dwelling,Released,2022-08-17T00:00:00.000,2022-09-18T00:00:00.000,2022-10-18T00:00:00.000,2024-09-18T00:00:00.000,Approval,Development Authority,CPF,COPPERFIELD,12,SE,50.913,-113.924,1,Titled Parcel,336 COPPERHEAD WY SE,"{""type"":""Point"",""coordinates"":[-113.9236457,50.9125754]}",POINT (-113.92364573541943 50.91257539496206),,,,,
"{'type': 'Point', 'coordinates': [-114.20941256124154, 51.04756141484876]}",DP2022-05746,256 ASPEN SUMMIT HE SW,,Relaxation - Existing - Compliance Follow-Up,RELAXATION: DECK (EXISTING) - PROJECTION INTO REAR SETBACK AREA,C1455,DECK,Permitted with a Relaxation,R-2,Residential - One/Two Dwelling,Released,2022-08-17T00:00:00.000,2022-08-26T00:00:00.000,2022-09-23T00:00:00.000,2024-08-26T00:00:00.000,Approval,Development Authority,ASP,ASPEN WOODS,6,SW,51.048,-114.209,2,Titled Parcel;Building,256 ASPEN SUMMIT HE SW;256 ASPEN SUMMIT HE SW,"{""type"":""MultiPoint"",""coordinates"":[[-114.2094126,51.0475614],[-114.2094309,51.0477159]]}","MULTIPOINT ((-114.20941256124154 51.04756141484876),(-114.20943091356466 51.04771587965602))",,,,,
"{'type': 'Point', 'coordinates': [-113.93554689028731, 51.11535359077346]}",DP2022-05745,65 TARALEA CI NE,OLSEN NORTH LAND SURVEYING,Relaxation - Existing - Residential - FastTrack - Comp Follow-Up,RELAXATION: ACCESSORY RESIDENTIAL BUILDING (EXISTING GARAGE) - DRIVEWAY LENGTH; DECK (EXISTING) - HEIGHT,C1020,ACCESSORY RESIDENTIAL BUILDING,Permitted with a Relaxation,R-1N,Residential - Narrow Parcel One Dwelling,Released,2022-08-17T00:00:00.000,2022-08-31T00:00:00.000,2022-10-04T00:00:00.000,2024-08-31T00:00:00.000,Approval,Development Authority,TAR,TARADALE,5,NE,51.115,-113.936,2,Titled Parcel;Building,65 TARALEA CI NE;65 TARALEA CI NE,"{""type"":""MultiPoint"",""coordinates"":[[-113.9355469,51.1153536],[-113.9353949,51.1153478]]}","MULTIPOINT ((-113.93554689028731 51.11535359077346),(-113.93539489128904 51.11534777151917))",,,,,
"{'type': 'Point', 'coordinates': [-114.0440274933816, 50.945298117044366]}",DP2022-05747,916 120 AV SE,NEW MAPLE GEOMATICS,Relaxation - Existing - Compliance Follow-Up,RELAXATION: DECK (EXISTING) - PROJECTION INTO SIDE & REAR SETBACK,C1455,DECK,Discretionary,R-C1,Residential - Contextual One Dwelling,Released,2022-08-17T00:00:00.000,2022-08-26T00:00:00.000,2022-09-26T00:00:00.000,2024-08-26T00:00:00.000,Approval,Development Authority,LKB,LAKE BONAVISTA,14,SE,50.945,-114.044,2,Titled Parcel;Building,916 120 AV SE;916 120 AV SE,"{""type"":""MultiPoint"",""coordinates"":[[-114.0440275,50.9452981],[-114.0439863,50.9453936]]}","MULTIPOINT ((-114.0440274933816 50.945298117044366),(-114.04398630170675 50.945393587189486))",,,,,
"{'type': 'Point', 'coordinates': [-114.07717133313936, 50.8590530079028]}",DP2022-05748,1275 CREEKSIDE BV SW,TRUMAN HOMES 1995,Commercial - Other Areas,"NEW: LIQUOR STORE, OUTDOOR CAFE, CHILD CARE SERVICE, RETAIL AND CONSUMER SERVICE, HEALTH CARE SERVICE, RESTAURANT: LICENSED (4 PHASES, 4 BUILDINGS)",C1310; C1695; C1910; C2130; C2485 ; C2515,CHILD CARE SERVICE; HEALTH CARE SERVICE; LIQUOR STORE; OUTDOOR CAFE; RESTAURANT: LICENSED; RETAIL AND CONSUMER SERVICE,Discretionary,C-N2,Commercial - Neighbourhood 2,Released,2022-08-17T00:00:00.000,2023-02-16T00:00:00.000,2023-04-26T00:00:00.000,2025-02-16T00:00:00.000,Approval,Development Authority,PCK,PINE CREEK,13,SW,50.859,-114.077,1,Titled Parcel,1275 CREEKSIDE BV SW,"{""type"":""Point"",""coordinates"":[-114.0771713,50.859053]}",POINT (-114.07717133313936 50.8590530079028),,,,,
"{'type': 'Point', 'coordinates': [-114.07588513367591, 50.85904935621759]}",DP2022-05749,1215 CREEKSIDE BV SW,TRUMAN HOMES 1995,Residential - Multi-Family,"NEW: MULTI-RESIDENTIAL DEVELOPMENT (9 PHASES, 6 BUILDINGS)",C2050,MULTI-RESIDENTIAL DEVELOPMENT,Discretionary,M-G d80,Multi-Residential - At Grade Housing,Released,2022-08-17T00:00:00.000,2023-01-16T00:00:00.000,2023-03-16T00:00:00.000,2025-01-16T00:00:00.000,Approval,Development Authority,PCK,PINE CREEK,13,SW,50.859,-114.076,1,Titled Parcel,1215 CREEKSIDE BV SW,"{""type"":""Point"",""coordinates"":[-114.0758851,50.8590494]}",POINT (-114.07588513367591 50.85904935621759),,,,,
"{'type': 'Point', 'coordinates': [-114.15984783111368, 51.1565078076228]}",DP2022-05750,11670 SARCEE TR NW,,Change of Use - Permitted Use,CHANGE OF USE: RESTAURANT: FOOD SERVICE ONLY,C2465,RESTAURANT: FOOD SERVICE ONLY,Permitted,C-R3 f1.0h18,Commercial - Regional 3,Released,2022-08-17T00:00:00.000,2022-08-23T00:00:00.000,2022-08-23T00:00:00.000,2023-08-23T00:00:00.000,Approval,Development Authority,SHW,SHERWOOD,2,NW,51.157,-114.160,3,Titled Parcel;Building;Entryway,11650 SARCEE TR NW;11670 SARCEE TR NW;11670 SARCEE TR NW,"{""type"":""MultiPoint"",""coordinates"":[[-114.1598478,51.1565078],[-114.1592668,51.1571638],[-114.1592738,51.1571129]]}","MULTIPOINT ((-114.15984783111368 51.1565078076228),(-114.15926679374152 51.15716383171208),(-114.15927380898306 51.15711292323453))",,,,,
"{'type': 'Point', 'coordinates': [-113.94884233071616, 51.0886559092699]}",DP2022-05751,51 TEMPLERIDGE PL NE,,Relaxation - Existing - Compliance Follow-Up,"RELAXATION: ACCESSORY RESIDENTIAL BUILDING (EXISTING GARAGE) - BUILDING SETBACK FROM REAR PROPERTY LINE, DRIVEWAY LENGTH",C1020,ACCESSORY RESIDENTIAL BUILDING,Discretionary,R-C1,Residential - Contextual One Dwelling,Cancelled,2022-08-17T00:00:00.000,,,,,,TEM,TEMPLE,10,NE,51.089,-113.949,2,Titled Parcel;Building,51 TEMPLERIDGE PL NE;51 TEMPLERIDGE PL NE,"{""type"":""MultiPoint"",""coordinates"":[[-113.9488423,51.0886559],[-113.9488418,51.0885815]]}","MULTIPOINT ((-113.94884233071616 51.0886559092699),(-113.94884179904302 51.088581474603444))",2024-01-25T00:00:00.000,,,,
"{'type': 'Point', 'coordinates': [-114.10150787176477, 50.91331823337277]}",DP2022-05752,30 EVERWILLOW CL SW,,Home Occupation Class 2,TEMPORARY USE: HOME OCCUPATION - CLASS 2 (AUTOMOTIVE REPAIR),C1730,HOME OCCUPATION - CLASS 2,Discretionary,R-1,Residential - One Dwelling,Cancelled,2022-08-17T00:00:00.000,,,,,,EVE,EVERGREEN,13,SW,50.913,-114.102,2,Titled Parcel;Building,30 EVERWILLOW CL SW;30 EVERWILLOW CL SW,"{""type"":""MultiPoint"",""coordinates"":[[-114.1015079,50.9133182],[-114.1015051,50.9134381]]}","MULTIPOINT ((-114.10150787176477 50.91331823337277),(-114.10150511785696 50.913438143575924))",2022-09-21T00:00:00.000,,,,
"{'type': 'Point', 'coordinates': [-113.93953594131311, 51.163398577380214]}",DP2022-05753,54 CORNERSTONE CI NE,BEAUTY OF NATURE,Home Occupation Class 2,"TEMPORARY USE: HOME OCCUPATION - CLASS 2 (MASSAGE THERAPY, ESTHETICS - 5 YEARS)",C1730,HOME OCCUPATION - CLASS 2,Discretionary,R-G,Residential - Low Density Mixed Housing,Released,2022-08-17T00:00:00.000,2022-09-09T00:00:00.000,2022-10-11T00:00:00.000,2024-09-09T00:00:00.000,Approval,Development Authority,CNS,CORNERSTONE,5,NE,51.163,-113.940,2,Titled Parcel;Building,54 CORNERSTONE CI NE;54 CORNERSTONE CI NE,"{""type"":""MultiPoint"",""coordinates"":[[-113.9395359,51.1633986],[-113.9393978,51.1635074]]}","MULTIPOINT ((-113.93953594131311 51.163398577380214),(-113.93939783088976 51.163507378362986))",,,,,
"{'type': 'Point', 'coordinates': [-113.94208308557238, 50.90000456336674]}",DP2022-05754,445 MAHOGANY CO SE,VISTA GEOMATICS,Relaxation - Existing - Compliance Follow-Up,RELAXATION: LANDING (EXISTING) - PROJECTION INTO SIDE SETBACK,C1865,LANDING,Permitted with a Relaxation,R-1N,Residential - Narrow Parcel One Dwelling,Released,2022-08-17T00:00:00.000,2022-08-26T00:00:00.000,2022-09-26T00:00:00.000,2024-08-26T00:00:00.000,Approval,Development Authority,MAH,MAHOGANY,12,SE,50.900,-113.942,2,Titled Parcel;Building,445 MAHOGANY CO SE;445 MAHOGANY CO SE,"{""type"":""MultiPoint"",""coordinates"":[[-113.9420831,50.9000046],[-113.9420807,50.8998895]]}","MULTIPOINT ((-113.94208308557238 50.90000456336674),(-113.94208072627866 50.89988946376333))",,,,,
"{'type': 'Point', 'coordinates': [-114.21934227846207, 51.1397395535262]}",DP2022-05756,327 ROYAL CREST BA NW,THIRD ROCK GEOMATICS,Relaxation - Existing - Compliance Follow-Up,RELAXATION: DECK (EXISTING) - PROJECTION INTO REAR SETBACK,C1455,DECK,Discretionary,R-C1,Residential - Contextual One Dwelling,Released,2022-08-17T00:00:00.000,2022-08-26T00:00:00.000,2022-09-27T00:00:00.000,2024-08-26T00:00:00.000,Approval,Development Authority,ROY,ROYAL OAK,1,NW,51.140,-114.219,2,Titled Parcel;Building,327 ROYAL CREST BA NW;327 ROYAL CREST BA NW,"{""type"":""MultiPoint"",""coordinates"":[[-114.2193423,51.1397396],[-114.2191957,51.1397944]]}","MULTIPOINT ((-114.21934227846207 51.1397395535262),(-114.2191956951581 51.1397943951944))",,,,,
"{'type': 'Point', 'coordinates': [-114.1581311560849, 51.180463872812346]}",DP2022-05755,455 SAGE VALLEY DR NW,,Change of Use - With Change to Site Plan,"CHANGES TO SITE PLAN: DRIVE THROUGH, RESTAURANT: FOOD SERVICE ONLY (DRIVE AISLE, PARKING AND EXTERIOR RENOVATIONS); NEW: SIGN - CLASS B & E (FASCIA SIGNS - 3, DIGITAL MESSAGE SIGN - 1, PAINTED WALL SIGN - 1)",C1510; C2465; C2680; C2710,DRIVE THROUGH; RESTAURANT: FOOD SERVICE ONLY; SIGN - CLASS B; SIGN - CLASS E,Discretionary,C-C2 f0.5h18,Commercial - Community 2,Released,2022-08-17T00:00:00.000,2022-12-05T00:00:00.000,2022-12-29T00:00:00.000,2024-12-05T00:00:00.000,Approval,Development Authority,SGH,SAGE HILL,2,NW,51.180,-114.158,1,Titled Parcel,455 SAGE VALLEY DR NW,"{""type"":""Point"",""coordinates"":[-114.1581312,51.1804639]}",POINT (-114.1581311560849 51.180463872812346),,,,,
"{'type': 'Point', 'coordinates': [-114.07856501872537, 51.15222376786434]}",DP2022-05757,41 PANORAMA HILLS MR NW,JONES GEOMATICS,Relaxation - Existing - Compliance Follow-Up,RELAXATION: EAVES (EXISTING) - PROJECTION INTO SIDE SETBACK,C2730,SINGLE DETACHED DWELLING,Permitted with a Relaxation,R-1,Residential - One Dwelling,Released,2022-08-17T00:00:00.000,2022-08-25T00:00:00.000,2022-09-23T00:00:00.000,2024-08-25T00:00:00.000,Approval,Development Authority,PAN,PANORAMA HILLS,3,NW,51.152,-114.079,2,Titled Parcel;Building,41 PANORAMA HILLS MR NW;41 PANORAMA HILLS MR NW,"{""type"":""MultiPoint"",""coordinates"":[[-114.078565,51.1522238],[-114.0785262,51.1521147]]}","MULTIPOINT ((-114.07856501872537 51.15222376786434),(-114.0785261547318 51.15211467857534))",,,,,
"{'type': 'Point', 'coordinates': [-114.07028285103347, 51.13178825135231]}",DP2022-05758,264 BEDDINGTON CI NE,,Relaxation - Existing - Compliance Follow-Up,RELAXATION: DECK (EXISTING) - PROJECTION INTO REAR SETBACK,C1455,DECK,Discretionary,R-C1,Residential - Contextual One Dwelling,Cancelled,2022-08-17T00:00:00.000,,,,,,BED,BEDDINGTON HEIGHTS,4,NE,51.132,-114.070,2,Titled Parcel;Building,264 BEDDINGTON CI NE;264 BEDDINGTON CI NE,"{""type"":""MultiPoint"",""coordinates"":[[-114.0702829,51.1317883],[-114.0704654,51.1318376]]}","MULTIPOINT ((-114.07028285103347 51.13178825135231),(-114.07046543365205 51.13183756631047))",2022-08-31T00:00:00.000,,,,
"{'type': 'Point', 'coordinates': [-113.99361610498394, 50.93869712428572]}",DP2022-05760,15 DOUGLAS PARK PL SE,LT LASH STUDIO,Home Occupation Class 2,TEMPORARY USE: HOME OCCUPATION - CLASS 2 (AESTHETICS - 18 MONTHS),C1730,HOME OCCUPATION - CLASS 2,Discretionary,R-C1,Residential - Contextual One Dwelling,Released,2022-08-17T00:00:00.000,2022-09-16T00:00:00.000,2022-10-14T00:00:00.000,2024-09-16T00:00:00.000,Approval,Development Authority,DDG,DOUGLASDALE/GLEN,11,SE,50.939,-113.994,2,Titled Parcel;Building,15 DOUGLAS PARK PL SE;15 DOUGLAS PARK PL SE,"{""type"":""MultiPoint"",""coordinates"":[[-113.9936161,50.9386971],[-113.9935286,50.9387809]]}","MULTIPOINT ((-113.99361610498394 50.93869712428572),(-113.99352857588154 50.93878093227873))",,,,,
"{'type': 'Point', 'coordinates': [-114.08203929476149, 51.13011501128357]}",DP2022-05761,91 BERMUDA CL NW,,Residential - Secondary Suite,NEW: SECONDARY SUITE (BASEMENT),C2626,SECONDARY SUITE,Discretionary,R-C1,Residential - Contextual One Dwelling,Released,2022-08-17T00:00:00.000,2022-09-23T00:00:00.000,2022-10-21T00:00:00.000,2024-09-23T00:00:00.000,Approval,Development Authority,BED,BEDDINGTON HEIGHTS,4,NW,51.130,-114.082,2,Titled Parcel;Building,91 BERMUDA CL NW;91 BERMUDA CL NW,"{""type"":""MultiPoint"",""coordinates"":[[-114.0820393,51.130115],[-114.0821522,51.1300205]]}","MULTIPOINT ((-114.08203929476149 51.13011501128357),(-114.08215217945578 51.13002053222382))",,,,,
"{'type': 'Point', 'coordinates': [-113.9626413500461, 51.10466796526285]}",DP2022-05763,119 CASTLEBROOK DR NE,,Residential - Secondary Suite,NEW: SECONDARY SUITE (SECONDARY SUITE),C2626,SECONDARY SUITE,Discretionary,R-C1,Residential - Contextual One Dwelling,Cancelled,2022-08-17T00:00:00.000,,,,,,CAS,CASTLERIDGE,5,NE,51.105,-113.963,2,Titled Parcel;Building,119 CASTLEBROOK DR NE;119 CASTLEBROOK DR NE,"{""type"":""MultiPoint"",""coordinates"":[[-113.9626414,51.104668],[-113.9627632,51.104622]]}","MULTIPOINT ((-113.9626413500461 51.10466796526285),(-113.96276320164576 51.10462200413763))",2022-08-18T00:00:00.000,,,,
"{'type': 'Point', 'coordinates': [-114.22005415044808, 51.13053024256038]}",DP2022-05764,67 ARBOUR MEADOWS CL NW,,Residential - Secondary Suite,NEW: SECONDARY SUITE (BASEMENT),C2626,SECONDARY SUITE,Discretionary,R-C1N,Residential - Contextual Narrow Parcel One Dwelling,Released,2022-08-18T00:00:00.000,2022-09-26T00:00:00.000,2022-10-21T00:00:00.000,2024-09-26T00:00:00.000,Approval,Development Authority,ARB,ARBOUR LAKE,2,NW,51.131,-114.220,2,Titled Parcel;Building,67 ARBOUR MEADOWS CL NW;67 ARBOUR MEADOWS CL NW,"{""type"":""MultiPoint"",""coordinates"":[[-114.2200542,51.1305302],[-114.2199507,51.1304669]]}","MULTIPOINT ((-114.22005415044808 51.13053024256038),(-114.21995066851494 51.130466916602664))",,,,,
"{'type': 'Point', 'coordinates': [-113.97313387858063, 50.864572823031075]}",DP2022-05817,202 CRANBROOK SQ SE,TK ENTERPRISES,Home Occupation Class 2,TEMPORARY USE: HOME OCCUPATION - CLASS 2 (ESTHETICS - 3 YEARS),C1730,HOME OCCUPATION - CLASS 2,Discretionary,M-1,Multi-Residential - Low Profile,Released,2022-08-18T00:00:00.000,2022-09-09T00:00:00.000,2022-10-11T00:00:00.000,2024-09-09T00:00:00.000,Approval,Development Authority,CRA,CRANSTON,12,SE,50.865,-113.973,2,Titled Parcel;Building,200 CRANBROOK SQ SE;202 CRANBROOK SQ SE,"{""type"":""MultiPoint"",""coordinates"":[[-113.9731339,50.8645728],[-113.973158,50.8646076]]}","MULTIPOINT ((-113.97313387858063 50.864572823031075),(-113.97315803654674 50.86460758397577))",,,,,
"{'type': 'Point', 'coordinates': [-113.94866012655373, 50.98934088315034]}",DP2022-05765,#6 5543 72 AV SE,,Signs - Permitted Use,NEW: SIGN - CLASS B (FASCIA SIGN),C2680,SIGN - CLASS B,Permitted,I-G,Industrial - General,Cancelled,2022-08-18T00:00:00.000,,,,,,GPI,GREAT PLAINS,9,SE,50.989,-113.949,3,Titled Parcel;Building;Building Suite,5543 72 AV SE;5543 72 AV SE;#6 5543 72 AV SE,"{""type"":""MultiPoint"",""coordinates"":[[-113.9486601,50.9893409],[-113.9486223,50.9881191],[-113.9490997,50.9881027]]}","MULTIPOINT ((-113.94866012655373 50.98934088315034),(-113.94862229105014 50.98811913194119),(-113.94909968663566 50.988102664790205))",2022-09-09T00:00:00.000,,,,
"{'type': 'Point', 'coordinates': [-113.97969916016339, 51.15113719836175]}",DP2022-05766,#1249 3730 108 AV NE,DESIGNHAUS STUDIO,Renovations - Non-Residential,REVISION: OFFICE (MEZZANINE - 2ND FLOOR),C2110,OFFICE,Permitted,DC,Direct Control (1P2007),Released,2022-08-18T00:00:00.000,2022-09-12T00:00:00.000,2022-09-12T00:00:00.000,2025-09-12T00:00:00.000,Approval,Development Authority,ST3,STONEY 3,5,NE,51.151,-113.980,3,Titled Parcel;Building;Building Suite,3730 108 AV NE;#1000 3730 108 AV NE;#1249 3730 108 AV NE,"{""type"":""MultiPoint"",""coordinates"":[[-113.9796992,51.1511372],[-113.980374,51.1512754],[-113.9809444,51.1512973]]}","MULTIPOINT ((-113.97969916016339 51.15113719836175),(-113.98037397855022 51.151275438249776),(-113.98094440643608 51.15129726934173))",,,,,
"{'type': 'Point', 'coordinates': [-114.1742361399345, 51.08138839361597]}",DP2022-05767,6119 32 AV NW,MAX TAYEFI ARCHITECT,Residential - Multi-Family,NEW: MULTI-RESIDENTIAL DEVELOPMENT (1 BUILDING),C2050,MULTI-RESIDENTIAL DEVELOPMENT,Discretionary,M-C1,Multi-Residential - Contextual Low Profile,Released,2022-08-18T00:00:00.000,2023-02-17T00:00:00.000,2023-08-08T00:00:00.000,2025-02-17T00:00:00.000,Approval,Development Authority,BOW,BOWNESS,1,NW,51.081,-114.174,1,Titled Parcel,6119 32 AV NW,"{""type"":""Point"",""coordinates"":[-114.1742361,51.0813884]}",POINT (-114.1742361399345 51.08138839361597),,,,,
"{'type': 'Point', 'coordinates': [-113.9916418734073, 50.97822173910711]}",DP2022-05768,8415 31 ST SE,,Signs - Discretionary Use - Third Party Signs,TEMPORARY USE: SIGN - CLASS F (THIRD PARTY ADVERTISING SIGN) - 5 YEARS,C2720,SIGN - CLASS F,Discretionary,I-G,Industrial - General,Released,2022-08-18T00:00:00.000,2022-08-26T00:00:00.000,2022-09-23T00:00:00.000,2024-08-26T00:00:00.000,Approval,Development Authority,SFH,SOUTH FOOTHILLS,12,SE,50.978,-113.992,2,Titled Parcel;Building,8415 31 ST SE;8415 31 ST SE,"{""type"":""MultiPoint"",""coordinates"":[[-113.9916419,50.9782217],[-113.989805,50.9782589]]}","MULTIPOINT ((-113.9916418734073 50.97822173910711),(-113.98980504456311 50.9782589010666))",,,,,
"{'type': 'Point', 'coordinates': [-114.0945157979236, 51.0386725159535]}",DP2022-05769,1520 14 ST SW,SEVEN DAY PERMITS,Commercial - Downtown,ADDITION: RESTAURANT: LICENSED (OUTDOOR CAF�),C2485 ,RESTAURANT: LICENSED,Discretionary,CC-COR,Centre City Commercial Corridor District,Released,2022-08-18T00:00:00.000,2022-10-26T00:00:00.000,2022-12-13T00:00:00.000,2025-10-26T00:00:00.000,Approval,Development Authority,BLN,BELTLINE,8,SW,51.039,-114.095,2,Titled Parcel;Building,1520 14 ST SW;1520 14 ST SW,"{""type"":""MultiPoint"",""coordinates"":[[-114.0945158,51.0386725],[-114.094352,51.0386742]]}","MULTIPOINT ((-114.0945157979236 51.0386725159535),(-114.09435195379884 51.038674194575485))",,,,,
"{'type': 'Point', 'coordinates': [-114.0717122704509, 50.88573891217148]}",DP2022-05771,202 SILVERADO RANGE PL SW,,Relaxation - Existing - Compliance Follow-Up,"RELAXATION: DECK (EXISTING) - PROJECTION INTO REAR SETBACK, ACCESSORY RESIDENTIAL BUILDING (EXISTING SHED) - LOCATED IN ACTUAL FRONT SETBACK",C1020; C1455,ACCESSORY RESIDENTIAL BUILDING; DECK,Discretionary,R-2M,Residential - Low Density Multiple Dwelling,Released,2022-08-18T00:00:00.000,2022-08-31T00:00:00.000,2022-10-03T00:00:00.000,2024-08-31T00:00:00.000,Approval,Development Authority,SVO,SILVERADO,13,SW,50.886,-114.072,1,Titled Parcel,202 SILVERADO RANGE PL SW,"{""type"":""Point"",""coordinates"":[-114.0717123,50.8857389]}",POINT (-114.0717122704509 50.88573891217148),,,,,
"{'type': 'Point', 'coordinates': [-114.0811874505453, 50.9690055576315]}",DP2022-05770,631 94 AV SW,GLOBAL RAYMAC SURVEYING & ENGINEERING,Relaxation - Existing - Compliance Follow-Up,RELAXATION: ACCESSORY RESIDENTIAL BUILDING (EXISTING SHED) - SEPARATION FROM MAIN RESIDENTIAL BUILDING,C1020,ACCESSORY RESIDENTIAL BUILDING,Permitted with a Relaxation,R-C1,Residential - Contextual One Dwelling,Released,2022-08-18T00:00:00.000,2022-08-31T00:00:00.000,2022-10-04T00:00:00.000,2024-08-31T00:00:00.000,Approval,Development Authority,HAY,HAYSBORO,11,SW,50.969,-114.081,2,Titled Parcel;Building,631 94 AV SW;631 94 AV SW,"{""type"":""MultiPoint"",""coordinates"":[[-114.0811875,50.9690056],[-114.0811973,50.9688636]]}","MULTIPOINT ((-114.0811874505453 50.9690055576315),(-114.08119725462919 50.96886357408151))",,,,,
"{'type': 'Point', 'coordinates': [-113.95785424041651, 50.86860482015285]}",DP2022-05772,58B SETON MR SE,,Relaxation - Existing - Compliance Follow-Up,RELAXATION: DECK (EXISTING) - PROJECTION INTO REAR SETBACK,C1455,DECK,Permitted with a Relaxation,R-G,Residential - Low Density Mixed Housing,Released,2022-08-18T00:00:00.000,2022-08-19T00:00:00.000,2022-09-27T00:00:00.000,2023-08-19T00:00:00.000,Approval,Development Authority,SET,SETON,12,SE,50.869,-113.958,3,Titled Parcel;Building;Building Suite,58 SETON MR SE;58 SETON MR SE;58B SETON MR SE,"{""type"":""MultiPoint"",""coordinates"":[[-113.9578542,50.8686048],[-113.9577611,50.8685088],[-113.957717,50.8685118]]}","MULTIPOINT ((-113.95785424041651 50.86860482015285),(-113.95776110201083 50.868508809179886),(-113.95771702981939 50.86851181386547))",,,,,
"{'type': 'Point', 'coordinates': [-113.94970929146814, 51.13212416877879]}",DP2022-05773,87 SADDLERIDGE CL NE,ZOOM SURVEYS,Relaxation - Existing - Compliance Follow-Up,RELAXATION: DECK (EXISTING) - PROJECTION INTO REAR SETBACK,C1455,DECK,Permitted with a Relaxation,R-1N,Residential - Narrow Parcel One Dwelling,Released,2022-08-18T00:00:00.000,2022-08-31T00:00:00.000,2022-10-04T00:00:00.000,2024-08-31T00:00:00.000,Approval,Development Authority,SAD,SADDLE RIDGE,5,NE,51.132,-113.950,1,Titled Parcel,87 SADDLERIDGE CL NE,"{""type"":""Point"",""coordinates"":[-113.9497093,51.1321242]}",POINT (-113.94970929146814 51.13212416877879),,,,,
"{'type': 'Point', 'coordinates': [-113.93981468634277, 50.9198017781165]}",DP2022-05774,177 BRIGHTONWOODS GD SE,,Relaxation - Existing - Compliance Follow-Up,RELAXATION: DECK (EXISTING) - PROJECTION INTO REAR SETBACK,C1455,DECK,Permitted with a Relaxation,R-1N,Residential - Narrow Parcel One Dwelling,Released,2022-08-18T00:00:00.000,2022-08-22T00:00:00.000,2022-09-23T00:00:00.000,2024-08-22T00:00:00.000,Approval,Development Authority,NEB,NEW BRIGHTON,12,SE,50.920,-113.940,1,Titled Parcel,177 BRIGHTONWOODS GD SE,"{""type"":""Point"",""coordinates"":[-113.9398147,50.9198018]}",POINT (-113.93981468634277 50.9198017781165),,,,,
"{'type': 'Point', 'coordinates': [-113.95443369320459, 51.122844336951744]}",DP2022-05775,6 MARTINVALLEY CR NE,GENESIS GEOMATICS,Relaxation - Existing - Compliance Follow-Up,RELAXATION: DECK (EXISTING) - PROJECTION INTO SIDE SETBACK,C1455,DECK,Discretionary,R-C1N,Residential - Contextual Narrow Parcel One Dwelling,Released,2022-08-18T00:00:00.000,2022-12-07T00:00:00.000,2023-01-06T00:00:00.000,2024-12-07T00:00:00.000,Approval,Development Authority,MRT,MARTINDALE,5,NE,51.123,-113.954,1,Titled Parcel,6 MARTINVALLEY CR NE,"{""type"":""Point"",""coordinates"":[-113.9544337,51.1228443]}",POINT (-113.95443369320459 51.122844336951744),,,,,
"{'type': 'Point', 'coordinates': [-114.24056322784023, 51.09152269282499]}",DP2022-05776,105 VALLEY BROOK CO NW,AXIOM GEOMATICS,Relaxation - Existing - Residential - FastTrack - Comp Follow-Up,RELAXATION: ACCESSORY RESIDENTIAL BUILDING (EXISTING PERGOLA) - SEPARATION FROM MAIN RESIDENTIAL BUILDING,C1020,ACCESSORY RESIDENTIAL BUILDING,Permitted with a Relaxation,R-C1,Residential - Contextual One Dwelling,Released,2022-08-18T00:00:00.000,2022-08-25T00:00:00.000,2022-09-23T00:00:00.000,2024-08-25T00:00:00.000,Approval,Development Authority,VAL,VALLEY RIDGE,1,NW,51.092,-114.241,1,Titled Parcel,105 VALLEY BROOK CO NW,"{""type"":""Point"",""coordinates"":[-114.2405632,51.0915227]}",POINT (-114.24056322784023 51.09152269282499),,,,,
"{'type': 'Point', 'coordinates': [-114.13923976343466, 51.04584565463038]}",DP2022-05778,3535 7 AV SW,DESIGNS BY MAILLOT,Residential - Contextual Dwelling,"NEW: CONTEXTUAL SINGLE DETACHED DWELLING (WEST LOT), ACCESSORY RESIDENTIAL BUILDING (GARAGE)",C1020; C1370,ACCESSORY RESIDENTIAL BUILDING; CONTEXTUAL SINGLE DETACHED DWELLING,Permitted,R-C2,Residential - Contextual One/Two Dwelling,Released,2022-08-18T00:00:00.000,2022-09-27T00:00:00.000,2023-01-30T00:00:00.000,2024-09-27T00:00:00.000,Approval,Development Authority,SPR,SPRUCE CLIFF,6,SW,51.046,-114.139,1,Titled Parcel,3535 7 AV SW,"{""type"":""Point"",""coordinates"":[-114.1392398,51.0458457]}",POINT (-114.13923976343466 51.04584565463038),,,,,
"{'type': 'Point', 'coordinates': [-114.13923976343466, 51.04584565463038]}",DP2022-05779,3535 7 AV SW,DESIGNS BY MAILLOT,Residential - Contextual Dwelling,"NEW: CONTEXTUAL SINGLE DETACHED DWELLING (EAST LOT), ACCESSORY RESIDENTIAL BUILDING (GARAGE)",C1020; C1370,ACCESSORY RESIDENTIAL BUILDING; CONTEXTUAL SINGLE DETACHED DWELLING,Permitted,R-C2,Residential - Contextual One/Two Dwelling,Released,2022-08-18T00:00:00.000,2022-10-26T00:00:00.000,2023-03-21T00:00:00.000,2024-10-26T00:00:00.000,Approval,Development Authority,SPR,SPRUCE CLIFF,6,SW,51.046,-114.139,1,Titled Parcel,3535 7 AV SW,"{""type"":""Point"",""coordinates"":[-114.1392398,51.0458457]}",POINT (-114.13923976343466 51.04584565463038),,,,,
"{'type': 'Point', 'coordinates': [-114.0969077038541, 51.1789664225883]}",DP2022-05780,56 EVANSGLEN PA NW,VISTA GEOMATICS,Relaxation - Existing - Residential - FastTrack - Comp Follow-Up,RELAXATION: DECK (EXISTING) - PROJECTION INTO REAR SETBACK,C1455,DECK,Permitted with a Relaxation,R-1,Residential - One Dwelling,Released,2022-08-18T00:00:00.000,2022-08-19T00:00:00.000,2022-09-27T00:00:00.000,2023-08-19T00:00:00.000,Approval,Development Authority,EVN,EVANSTON,2,NW,51.179,-114.097,2,Titled Parcel;Building,56 EVANSGLEN PA NW;56 EVANSGLEN PA NW,"{""type"":""MultiPoint"",""coordinates"":[[-114.0969077,51.1789664],[-114.097127,51.1789891]]}","MULTIPOINT ((-114.0969077038541 51.1789664225883),(-114.09712700118233 51.178989074146386))",,,,,
"{'type': 'Point', 'coordinates': [-114.04884734482224, 51.05338740079507]}",DP2022-05781,650 1 AV NE,I J K INVESTMENTS INC.,Residential - Multi-Family,ADDITION: MULTI-RESIDENTIAL DEVELOPMENT (EXISTING GARAGE ADDITION),C9999,OTHER,Discretionary,MU-2 f3.0h16,Mixed Use - Active Frontage,Released,2022-08-18T00:00:00.000,2022-11-10T00:00:00.000,2022-12-16T00:00:00.000,2024-11-10T00:00:00.000,Approval,Development Authority,BRD,BRIDGELAND/RIVERSIDE,9,NE,51.053,-114.049,2,Titled Parcel;Building,650 1 AV NE;650 1 AV NE,"{""type"":""MultiPoint"",""coordinates"":[[-114.0488473,51.0533874],[-114.048805,51.0535077]]}","MULTIPOINT ((-114.04884734482224 51.05338740079507),(-114.0488050380321 51.05350773688324))",,,,,
"{'type': 'Point', 'coordinates': [-114.20700282093703, 51.151778345866475]}",DP2022-05782,#5000 4 ROYAL VISTA WY NW,,Change of Use - With Change to Site Plan,CHANGES TO SITE PLAN: MULTI-USE COMMERCIAL (LANDSCAPING),C1160; C2515,AUTO SERVICE - MINOR; RETAIL AND CONSUMER SERVICE,Discretionary,DC,Direct Control (1P2007),Cancelled,2022-08-18T00:00:00.000,,,,,,RYV,ROYAL VISTA,1,NW,51.152,-114.207,2,Titled Parcel;Building,4 ROYAL VISTA WY NW;#5000 4 ROYAL VISTA WY NW,"{""type"":""MultiPoint"",""coordinates"":[[-114.2070028,51.1517783],[-114.2069557,51.1522525]]}","MULTIPOINT ((-114.20700282093703 51.151778345866475),(-114.20695571440456 51.15225245874014))",2023-08-28T00:00:00.000,,,,
"{'type': 'Point', 'coordinates': [-113.9895970124366, 50.87594331031501]}",DP2022-05783,204 CRANBROOK PT SE,JONES GEOMATICS,Relaxation - Existing - Residential - FastTrack - Comp Follow-Up,RELAXATION: AIR CONDITIONING EQUIPMENT (EXISTING) - PROJECTION INTO SIDE SETBACK,C1045,AIR CONDITIONING EQUIPMENT,Permitted with a Relaxation,R-1,Residential - One Dwelling,Released,2022-08-18T00:00:00.000,2022-08-31T00:00:00.000,2022-10-04T00:00:00.000,2024-08-31T00:00:00.000,Approval,Development Authority,CRA,CRANSTON,12,SE,50.876,-113.990,2,Titled Parcel;Building,204 CRANBROOK PT SE;204 CRANBROOK PT SE,"{""type"":""MultiPoint"",""coordinates"":[[-113.989597,50.8759433],[-113.9893929,50.8759636]]}","MULTIPOINT ((-113.9895970124366 50.87594331031501),(-113.98939286636138 50.875963627310384))",,,,,
"{'type': 'Point', 'coordinates': [-114.18014243098291, 51.055204582935275]}",DP2022-05785,160 COACHWOOD CR SW,TAYLOR LAW,Relaxation - Existing - Compliance Follow-Up,RELAXATION: DECK (EXISTING) - PROJECTION INTO SIDE SETBACK,C1455,DECK,Discretionary,R-C1,Residential - Contextual One Dwelling,Released,2022-08-18T00:00:00.000,2022-09-16T00:00:00.000,2022-10-18T00:00:00.000,2024-09-16T00:00:00.000,Approval,Development Authority,COA,COACH HILL,6,SW,51.055,-114.180,2,Titled Parcel;Building,160 COACHWOOD CR SW;160 COACHWOOD CR SW,"{""type"":""MultiPoint"",""coordinates"":[[-114.1801424,51.0552046],[-114.1799756,51.0551741]]}","MULTIPOINT ((-114.18014243098291 51.055204582935275),(-114.17997558239196 51.0551740501432))",,,,,
"{'type': 'Point', 'coordinates': [-114.227133780203, 51.13799329414792]}",DP2022-05787,16 ROYAL RD NW,LIZA'S HANDCRAFTED CAKES,Home Occupation Class 2,TEMPORARY USE: HOME OCCUPATION - CLASS 2 (BAKING - 3 YEARS),C1730,HOME OCCUPATION - CLASS 2,Discretionary,R-C1,Residential - Contextual One Dwelling,Released,2022-08-18T00:00:00.000,2022-09-09T00:00:00.000,2022-10-07T00:00:00.000,2024-09-09T00:00:00.000,Approval,Development Authority,ROY,ROYAL OAK,1,NW,51.138,-114.227,2,Titled Parcel;Building,16 ROYAL RD NW;16 ROYAL RD NW,"{""type"":""MultiPoint"",""coordinates"":[[-114.2271338,51.1379933],[-114.2269253,51.1379512]]}","MULTIPOINT ((-114.227133780203 51.13799329414792),(-114.22692530634478 51.137951186970305))",,,,,
"{'type': 'Point', 'coordinates': [-114.04102619916347, 51.05017353425481]}",DP2022-05777,65 9 ST NE,COLLABOR8 ARCHITECTURE + DESIGN AND MAXAM DESIGN INTERNATIONAL,Change of Use - Permitted Use,CHANGE OF USE: RESTAURANT: FOOD SERVICE ONLY,C2465,RESTAURANT: FOOD SERVICE ONLY,Permitted,DC,Direct Control (1P2007),Released,2022-08-18T00:00:00.000,2022-08-19T00:00:00.000,2022-08-19T00:00:00.000,2023-08-19T00:00:00.000,Approval,Development Authority,BRD,BRIDGELAND/RIVERSIDE,9,NE,51.050,-114.041,3,Titled Parcel;Building;Building Suite,950 MCPHERSON SQ NE;950 MCPHERSON SQ NE;65 9 ST NE,"{""type"":""MultiPoint"",""coordinates"":[[-114.0410262,51.0501735],[-114.0407863,51.050585],[-114.040591,51.0506453]]}","MULTIPOINT ((-114.04102619916347 51.05017353425481),(-114.04078625512507 51.050585041973044),(-114.04059102666412 51.050645287149244))",,,,,
"{'type': 'Point', 'coordinates': [-114.01349769853867, 50.8879221486047]}",DP2022-05796,127 CHAPARRAL VALLEY WY SE,,Relaxation - Existing - Compliance Follow-Up,RELAXATION: DECK (EXISTING) - PROJECTION INTO REAR SETBACK,C1455,DECK,Permitted with a Relaxation,R-1,Residential - One Dwelling,Released,2022-08-18T00:00:00.000,2022-08-29T00:00:00.000,2022-09-26T00:00:00.000,2024-08-29T00:00:00.000,Approval,Development Authority,CHA,CHAPARRAL,14,SE,50.888,-114.013,2,Titled Parcel;Building,127 CHAPARRAL VALLEY WY SE;127 CHAPARRAL VALLEY WY SE,"{""type"":""MultiPoint"",""coordinates"":[[-114.0134977,50.8879221],[-114.0132872,50.8879254]]}","MULTIPOINT ((-114.01349769853867 50.8879221486047),(-114.01328723786337 50.88792544509961))",,,,,
"{'type': 'Point', 'coordinates': [-114.09277530368078, 51.08284925907427]}",DP2022-05789,#3 728 NORTHMOUNT DR NW,,Signs - Discretionary Use,NEW: SIGN - CLASS B (FASCIA SIGNS - 2),C2680; C2690,SIGN - CLASS B; SIGN - CLASS C,Permitted,C-COR2 f3.0h46,Commercial - Corridor 2,Released,2022-08-18T00:00:00.000,2022-09-27T00:00:00.000,2022-09-28T00:00:00.000,2024-09-27T00:00:00.000,Approval,Development Authority,RMT,ROSEMONT,4,NW,51.083,-114.093,12,Titled Parcel;Building;Building Suite;Building Suite;Building Suite;Building Suite;Building Suite;Building Suite;Building Suite;Building Suite;Building Suite;Building Suite,728 NORTHMOUNT DR NW;728 NORTHMOUNT DR NW;#7 728 NORTHMOUNT DR NW;#8 728 NORTHMOUNT DR NW;#3 728 NORTHMOUNT DR NW;#5 728 NORTHMOUNT DR NW;#9L 728 NORTHMOUNT DR NW;#6 728 NORTHMOUNT DR NW;#2 728 NORTHMOUNT DR NW;#4 728 NORTHMOUNT DR NW;#9 728 NORTHMOUNT DR NW;#5031 728 NORTHMOUNT DR NW,"{""type"":""MultiPoint"",""coordinates"":[[-114.0927753,51.0828493],[-114.092435,51.082294],[-114.0924008,51.0822988],[-114.0924641,51.0822593],[-114.0921891,51.0824303],[-114.092435,51.082294],[-114.092435,51.082294],[-114.0923582,51.0823252],[-114.0921444,51.0824573],[-114.0922737,51.0823778],[-114.0926262,51.0822024],[-114.092435,51.082294]]}","MULTIPOINT ((-114.09277530368078 51.08284925907427),(-114.09243501481811 51.082294002533935),(-114.09240081395768 51.08229879409829),(-114.09246410367273 51.08225928836649),(-114.09218911920506 51.08243029141302),(-114.09243501481811 51.082294002533935),(-114.09243501481811 51.082294002533935),(-114.09235823562082 51.082325239414054),(-114.09214435810473 51.08245730472104),(-114.09227369177194 51.08237776093821),(-114.09262622180665 51.08220241719327),(-114.09243501481811 51.082294002533935))",,,,,
"{'type': 'Point', 'coordinates': [-113.958638799942, 51.13451890019825]}",DP2022-05786,9125 52 ST NE,PRINT PROMOZ,Home Occupation Class 2,TEMPORARY USE: HOME OCCUPATION - CLASS 2 (GRAPHIC DESIGNING - 18 MONTHS),C1730,HOME OCCUPATION - CLASS 2,Discretionary,R-2M,Residential - Low Density Multiple Dwelling,Released,2022-08-18T00:00:00.000,2022-09-23T00:00:00.000,2022-10-21T00:00:00.000,2024-09-23T00:00:00.000,Approval,Development Authority,SAD,SADDLE RIDGE,5,NE,51.135,-113.959,2,Titled Parcel;Building,9125 52 ST NE;9125 52 ST NE,"{""type"":""MultiPoint"",""coordinates"":[[-113.9586388,51.1345189],[-113.9587614,51.1345103]]}","MULTIPOINT ((-113.958638799942 51.13451890019825),(-113.95876137238623 51.13451025953166))",,,,,
"{'type': 'Point', 'coordinates': [-114.08474738233856, 51.040249769435526]}",DP2022-05788,1010 14 AV SW,NEOTERIC ARCHITECTURE,Renovations - Non-Residential,CHANGES TO SITE PLAN: OFFICE (AIR CONDITIONING UNIT),C2110,OFFICE,Discretionary,DC,Direct Control (1P2007),Released,2022-08-18T00:00:00.000,2023-01-13T00:00:00.000,2023-02-10T00:00:00.000,2026-01-13T00:00:00.000,Approval,Development Authority,BLN,BELTLINE,8,SW,51.040,-114.085,2,Titled Parcel;Building,1010 14 AV SW;1010 14 AV SW,"{""type"":""MultiPoint"",""coordinates"":[[-114.0847474,51.0402498],[-114.084739,51.0403694]]}","MULTIPOINT ((-114.08474738233856 51.040249769435526),(-114.08473898804243 51.04036943797685))",,,,,
"{'type': 'Point', 'coordinates': [-114.06409037044682, 51.02183827505446]}",DP2022-05790,3620 PARKHILL ST SW,GLOBAL RAYMAC SURVEYING & ENGINEERING,Relaxation - Existing - Compliance Follow-Up,"RELAXATION: DECK (EXISTING) - PROJECTION INTO FRONT SETBACK, PROJECTION INTO SIDE SETBACK AREA",C1455,DECK,Discretionary,R-C2,Residential - Contextual One/Two Dwelling,Released,2022-08-18T00:00:00.000,2022-11-25T00:00:00.000,2022-12-27T00:00:00.000,2024-11-25T00:00:00.000,Approval,Development Authority,PKH,PARKHILL,8,SW,51.022,-114.064,2,Titled Parcel;Building,3620 PARKHILL ST SW;3620 PARKHILL ST SW,"{""type"":""MultiPoint"",""coordinates"":[[-114.0640904,51.0218383],[-114.0639718,51.0218442]]}","MULTIPOINT ((-114.06409037044682 51.02183827505446),(-114.06397180288215 51.021844210341314))",,,,,
"{'type': 'Point', 'coordinates': [-114.06452100845901, 51.16073999733638]}",DP2022-05791,130 COUNTRY VILLAGE RD NE,CANADIAN SIGN PROFESSIONALS / ASAP PRINT DEPOT / MAD MONKEY,Signs - Permitted Use,NEW: SIGN - CLASS B (FASCIA SIGN),C2680,SIGN - CLASS B,Permitted,C-R3 f0.5h18,Commercial - Regional 3,Released,2022-08-18T00:00:00.000,2022-08-26T00:00:00.000,2022-08-26T00:00:00.000,2024-08-26T00:00:00.000,Approval,Development Authority,COV,COVENTRY HILLS,3,NE,51.161,-114.065,3,Titled Parcel;Building;Entryway,130 COUNTRY VILLAGE RD NE;#300 130 COUNTRY VILLAGE RD NE;130 COUNTRY VILLAGE RD NE,"{""type"":""MultiPoint"",""coordinates"":[[-114.064521,51.16074],[-114.0639609,51.1620038],[-114.0639609,51.1620038]]}","MULTIPOINT ((-114.06452100845901 51.16073999733638),(-114.06396093757489 51.16200384962345),(-114.06396093757489 51.16200384962345))",,,,,
"{'type': 'Point', 'coordinates': [-114.07169808906347, 51.031226556827896]}",DP2022-05792,2401 4 ST SW,JACKSON MCCORMICK DESIGN GROUP,Temporary Structure,TEMPORARY USE: RESTAURANT - LICENSED (SEA CANS - 5 YEARS),B7851,RESTAURANT - LICENSED,Discretionary,DC,DIRECT CONTROL DISTRICT                                 ,Released,2022-08-18T00:00:00.000,2022-10-04T00:00:00.000,2022-11-04T00:00:00.000,2025-10-04T00:00:00.000,Approval,Development Authority,CLI,CLIFF BUNGALOW,8,SW,51.031,-114.072,2,Titled Parcel;Building,2401 4 ST SW;2401 4 ST SW,"{""type"":""MultiPoint"",""coordinates"":[[-114.0716981,51.0312266],[-114.0719062,51.031306]]}","MULTIPOINT ((-114.07169808906347 51.031226556827896),(-114.07190622833554 51.031305988283854))",,,,,
"{'type': 'Point', 'coordinates': [-114.07943971552561, 51.0391563803797]}",DP2022-05793,1411 7 ST SW,PERMIT SOLUTIONS,Signs - Discretionary Use,NEW: SIGN - CLASS D (CANOPY SIGN),C2700,SIGN - CLASS D,Discretionary,CC-MH,Centre City Multi-Residential High Rise District,Released,2022-08-18T00:00:00.000,2022-09-09T00:00:00.000,2022-10-11T00:00:00.000,2024-09-09T00:00:00.000,Approval,Development Authority,BLN,BELTLINE,8,SW,51.039,-114.079,2,Titled Parcel;Building,1411 7 ST SW;1411 7 ST SW,"{""type"":""MultiPoint"",""coordinates"":[[-114.0794397,51.0391564],[-114.0795937,51.0393075]]}","MULTIPOINT ((-114.07943971552561 51.0391563803797),(-114.07959369991623 51.03930754602616))",,,,,
"{'type': 'Point', 'coordinates': [-113.9626413500461, 51.10466796526285]}",DP2022-05795,119 CASTLEBROOK DR NE,,Residential - Secondary Suite,NEW: SECONDARY SUITE (BASEMENT),C2626,SECONDARY SUITE,Discretionary,R-C1,Residential - Contextual One Dwelling,Released,2022-08-18T00:00:00.000,2022-09-09T00:00:00.000,2022-10-11T00:00:00.000,2024-09-09T00:00:00.000,Approval,Development Authority,CAS,CASTLERIDGE,5,NE,51.105,-113.963,2,Titled Parcel;Building,119 CASTLEBROOK DR NE;119 CASTLEBROOK DR NE,"{""type"":""MultiPoint"",""coordinates"":[[-113.9626414,51.104668],[-113.9627632,51.104622]]}","MULTIPOINT ((-113.9626413500461 51.10466796526285),(-113.96276320164576 51.10462200413763))",,,,,
"{'type': 'Point', 'coordinates': [-114.07200676311571, 50.992965635305836]}",DP2022-05794,6815 MACLEOD TR SW,LEADING OUTDOOR,Signs - Discretionary Use - Third Party Signs,TEMPORARY USE: SIGN - CLASS G (DIGITAL THIRD PARTY ADVERTISING SIGN - 3 YEARS),C2721,SIGN - CLASS G,Discretionary,C-COR3 f1.0h12,Commercial - Corridor 3,Released,2022-08-18T00:00:00.000,2023-02-13T00:00:00.000,2023-03-10T00:00:00.000,2025-02-13T00:00:00.000,Approval,Development Authority,KIN,KINGSLAND,11,SW,50.993,-114.072,1,Titled Parcel,6815 MACLEOD TR SW,"{""type"":""Point"",""coordinates"":[-114.0720068,50.9929656]}",POINT (-114.07200676311571 50.992965635305836),,,,,
"{'type': 'Point', 'coordinates': [-114.1387590525785, 51.03763916615534]}",DP2022-05797,3611 17 AV SW,PRIORITY PERMITS,Signs - Discretionary Use,NEW: SIGN - CLASS E (DIGITAL MESSAGE SIGN - 3 YEARS),C2710,SIGN - CLASS E,Discretionary,MU-2 f5.0h26,Mixed Use - Active Frontage,Released,2022-08-18T00:00:00.000,2022-09-12T00:00:00.000,2022-10-12T00:00:00.000,2024-09-12T00:00:00.000,Approval,Development Authority,KIL,KILLARNEY/GLENGARRY,8,SW,51.038,-114.139,1,Titled Parcel,3611 17 AV SW,"{""type"":""Point"",""coordinates"":[-114.1387591,51.0376392]}",POINT (-114.1387590525785 51.03763916615534),,,,,
"{'type': 'Point', 'coordinates': [-113.90570811372856, 51.04118443101275]}",DP2022-05798,108 BELVEDERE AV SE,ALLISTON AT HOME,Residential - Multi-Family,"NEW: ROWHOUSE BUILDING (1 BUILDING), ACCESSORY RESIDENTIAL BUILDING (GARAGE)",C1020; C2540,ACCESSORY RESIDENTIAL BUILDING; ROWHOUSE BUILDING,Permitted,R-Gm,Residential - Low Density Mixed Housing,Released,2022-08-18T00:00:00.000,2022-09-20T00:00:00.000,2022-10-18T00:00:00.000,2024-09-20T00:00:00.000,Approval,Development Authority,BVD,BELVEDERE,9,SE,51.041,-113.906,6,Titled Parcel;Titled Parcel;Titled Parcel;Titled Parcel;Titled Parcel;Titled Parcel,124 BELVEDERE AV SE;108 BELVEDERE AV SE;120 BELVEDERE AV SE;112 BELVEDERE AV SE;116 BELVEDERE AV SE;128 BELVEDERE AV SE,"{""type"":""MultiPoint"",""coordinates"":[[-113.9057081,51.0411844],[-113.9060019,51.0411127],[-113.9057777,51.0411665],[-113.9059139,51.0411352],[-113.9058441,51.0411486],[-113.9056177,51.0412068]]}","MULTIPOINT ((-113.90570811372856 51.04118443101275),(-113.90600189126057 51.04111274972514),(-113.90577772238751 51.04116650766794),(-113.90591385038799 51.041135153237505),(-113.90584412260364 51.041148581696945),(-113.90561773401654 51.04120683241494))",,,,,
"{'type': 'Point', 'coordinates': [-114.15752306324399, 51.079109327122346]}",DP2022-05799,4720 MONTALBAN DR NW,THIRD ROCK GEOMATICS,Relaxation - Existing - Compliance Follow-Up,"RELAXATION: SINGLE DETACHED DWELLING (EXISTING) - BUILDING SETBACK FROM SIDE PROPERTY LINE, DECK (EXISTING) - PROJECTION INTO SIDE SETBACK",C1455; C2730,DECK; SINGLE DETACHED DWELLING,Discretionary,R-C1,Residential - Contextual One Dwelling,Released,2022-08-18T00:00:00.000,2022-08-26T00:00:00.000,2022-09-23T00:00:00.000,2024-08-26T00:00:00.000,Approval,Development Authority,MON,MONTGOMERY,7,NW,51.079,-114.158,2,Titled Parcel;Building,4720 MONTALBAN DR NW;4720 MONTALBAN DR NW,"{""type"":""MultiPoint"",""coordinates"":[[-114.1575231,51.0791093],[-114.1574132,51.079156]]}","MULTIPOINT ((-114.15752306324399 51.079109327122346),(-114.15741317620594 51.07915595181317))",,,,,
"{'type': 'Point', 'coordinates': [-114.26487307254595, 51.08665550673125]}",DP2022-05801,327 CRESTHAVEN PL SW,VISTA GEOMATICS,Relaxation - Existing - Compliance Follow-Up,RELAXATION: DECK (EXISTING) - PROJECTION INTO REAR SETBACK,C1455,DECK,Discretionary,R-C1,Residential - Contextual One Dwelling,Released,2022-08-18T00:00:00.000,2022-08-26T00:00:00.000,2022-09-23T00:00:00.000,2024-08-26T00:00:00.000,Approval,Development Authority,CRM,CRESTMONT,1,SW,51.087,-114.265,1,Titled Parcel,327 CRESTHAVEN PL SW,"{""type"":""Point"",""coordinates"":[-114.2648731,51.0866555]}",POINT (-114.26487307254595 51.08665550673125),,,,,
"{'type': 'Point', 'coordinates': [-114.02320570372854, 51.07700419300859]}",DP2022-05802,#106 1530 27 AV NE,,Change of Use - Discretionary Use or Relaxations Required,CHANGE OF USE: OTHER,C9999,OTHER,Discretionary,I-G,Industrial - General,Cancelled,2022-08-18T00:00:00.000,,,,,,SAW,SOUTH AIRWAYS,10,NE,51.077,-114.023,3,Titled Parcel;Building;Building Suite,1530 27 AV NE;1530 27 AV NE;#106 1530 27 AV NE,"{""type"":""MultiPoint"",""coordinates"":[[-114.0232057,51.0770042],[-114.0229333,51.0775401],[-114.0229333,51.0775401]]}","MULTIPOINT ((-114.02320570372854 51.07700419300859),(-114.02293330134925 51.07754011276777),(-114.02293330134925 51.07754011276777))",2022-09-09T00:00:00.000,,,,
"{'type': 'Point', 'coordinates': [-114.06870553481647, 50.94513173357718]}",DP2022-05803,#610 12100 MACLEOD TR SE,,Change of Use - Permitted Use,CHANGE OF USE: RESTAURANT: LICENSED,C2485 ,RESTAURANT: LICENSED,Permitted,C-C2 f0.25h16,Commercial - Community 2,Cancelled,2022-08-18T00:00:00.000,,,,,,LKB,LAKE BONAVISTA,14,SE,50.945,-114.069,3,Titled Parcel;Building;Entryway,12101 LAKE FRASER DR SE;#600 12100 MACLEOD TR SE;#610 12100 MACLEOD TR SE,"{""type"":""MultiPoint"",""coordinates"":[[-114.0687055,50.9451317],[-114.069574,50.9456153],[-114.069749,50.9455569]]}","MULTIPOINT ((-114.06870553481647 50.94513173357718),(-114.06957403864466 50.94561525298709),(-114.06974902646381 50.94555687616132))",2022-08-25T00:00:00.000,,,,
"{'type': 'Point', 'coordinates': [-114.13094387182929, 50.9356371917349]}",DP2022-05804,127 WOODHAVEN PL SW,ARC SURVEYS,Relaxation - Existing - Compliance Follow-Up,RELAXATION: SINGLE DETACHED DWELLING (EXISTING) - BUILDING SETBACK FROM REAR PROPERTY LINE,C2730,SINGLE DETACHED DWELLING,Discretionary,R-C1,Residential - Contextual One Dwelling,Released,2022-08-18T00:00:00.000,2022-08-31T00:00:00.000,2022-10-04T00:00:00.000,2024-08-31T00:00:00.000,Approval,Development Authority,WBN,WOODBINE,13,SW,50.936,-114.131,2,Titled Parcel;Building,127 WOODHAVEN PL SW;127 WOODHAVEN PL SW,"{""type"":""MultiPoint"",""coordinates"":[[-114.1309439,50.9356372],[-114.130857,50.9357478]]}","MULTIPOINT ((-114.13094387182929 50.9356371917349),(-114.1308569976482 50.935747784052516))",,,,,
"{'type': 'Point', 'coordinates': [-114.12099654525683, 50.96149668450534]}",DP2022-05806,125 OAKMOOR PZ SW,MINLED TRADING,Signs - Permitted Use,NEW: SIGN - CLASS B (FASCIA SIGN),C2680,SIGN - CLASS B,Permitted,DC,Direct Control (1P2007),Released,2022-08-18T00:00:00.000,2022-08-26T00:00:00.000,2022-08-26T00:00:00.000,2025-08-26T00:00:00.000,Approval,Development Authority,OAK,OAKRIDGE,11,SW,50.961,-114.121,2,Titled Parcel;Building,2580 SOUTHLAND DR SW;125 OAKMOOR PZ SW,"{""type"":""MultiPoint"",""coordinates"":[[-114.1209965,50.9614967],[-114.1219795,50.9621485]]}","MULTIPOINT ((-114.12099654525683 50.96149668450534),(-114.12197953693558 50.96214847018419))",,,,,
"{'type': 'Point', 'coordinates': [-113.97123572651992, 50.92676379980032]}",DP2022-05807,4 PRESTWICK CL SE,,Relaxation - Existing - Compliance Follow-Up,RELAXATION: DECK (EXISTING) - PROJECTION INTO SIDE SETBACK,C1455,DECK,Permitted with a Relaxation,R-1N,Residential - Narrow Parcel One Dwelling,Cancelled,2022-08-18T00:00:00.000,,,,,,MCT,MCKENZIE TOWNE,12,SE,50.927,-113.971,1,Titled Parcel,4 PRESTWICK CL SE,"{""type"":""Point"",""coordinates"":[-113.9712357,50.9267638]}",POINT (-113.97123572651992 50.92676379980032),2024-01-25T00:00:00.000,,,,
"{'type': 'Point', 'coordinates': [-114.19635147599001, 51.08645559057887]}",DP2022-05808,7525 37 AV NW,,Relaxation - New - Accessory Building,RELAXATION: ACCESSORY RESIDENTIAL BUILDING (GARAGE) - PARCEL COVERAGE,C1020,ACCESSORY RESIDENTIAL BUILDING,Permitted with a Relaxation,R-C2,Residential - Contextual One/Two Dwelling,Released,2022-08-18T00:00:00.000,2022-09-22T00:00:00.000,2022-10-21T00:00:00.000,2024-09-22T00:00:00.000,Approval,Development Authority,BOW,BOWNESS,1,NW,51.086,-114.196,2,Titled Parcel;Building,7525 37 AV NW;7525 37 AV NW,"{""type"":""MultiPoint"",""coordinates"":[[-114.1963515,51.0864556],[-114.1963562,51.0863486]]}","MULTIPOINT ((-114.19635147599001 51.08645559057887),(-114.19635624715282 51.08634861436756))",,,,,
"{'type': 'Point', 'coordinates': [-114.01026295693272, 51.15306133318624]}",DP2022-05805,20 FREEPORT LD NE,KCP ENERGY,Commercial - Other Areas,"NEW: AUTOMOTIVE SALES, AUTOMOTIVE SERVICE (2 PARKING STRUCTURES EQUIPPED WITH SOLAR PANELS)",B1505; B1560,AUTOMOTIVE SALES; AUTOMOTIVE SERVICE,Discretionary,DC,DIRECT CONTROL DISTRICT                                 ,Released,2022-08-18T00:00:00.000,2022-11-17T00:00:00.000,2022-12-22T00:00:00.000,2025-11-17T00:00:00.000,Approval,Development Authority,ST2,STONEY 2,5,NE,51.153,-114.010,1,Titled Parcel,20 FREEPORT LD NE,"{""type"":""Point"",""coordinates"":[-114.010263,51.1530613]}",POINT (-114.01026295693272 51.15306133318624),,,,,
"{'type': 'Point', 'coordinates': [-114.05722730764734, 51.185883027917974]}",DP2022-05800,58 HOWSE MT NE,,Home Occupation Class 2,TEMPORARY USE: HOME OCCUPATION - CLASS 2 (DANCE LESSONS - 18 MONTHS),C1730,HOME OCCUPATION - CLASS 2,Discretionary,R-G,Residential - Low Density Mixed Housing,Released,2022-08-18T00:00:00.000,2022-10-06T00:00:00.000,2022-11-15T00:00:00.000,2024-10-06T00:00:00.000,Approval,Development Authority,LIV,LIVINGSTON,3,NE,51.186,-114.057,2,Titled Parcel;Building,58 HOWSE MT NE;58 HOWSE MT NE,"{""type"":""MultiPoint"",""coordinates"":[[-114.0572273,51.185883],[-114.0570827,51.1858187]]}","MULTIPOINT ((-114.05722730764734 51.185883027917974),(-114.05708274208757 51.18581873360197))",,,,,
"{'type': 'Point', 'coordinates': [-114.04180443971691, 50.95591223245822]}",DP2022-05810,10919 WILLOWGLEN PL SE,AXIOM GEOMATICS,Relaxation - Existing - Compliance Follow-Up,RELAXATION: ACCESSORY RESIDENTIAL BUILDING (EXISTING SHED) - BUILDING SETBACK FROM SIDE & REAR PROPERTY LINE,C1020,ACCESSORY RESIDENTIAL BUILDING,Permitted with a Relaxation,R-C1,Residential - Contextual One Dwelling,Released,2022-08-18T00:00:00.000,2023-12-07T00:00:00.000,2024-01-05T00:00:00.000,2025-12-07T00:00:00.000,Approval,Development Authority,WIL,WILLOW PARK,11,SE,50.956,-114.042,1,Titled Parcel,10919 WILLOWGLEN PL SE,"{""type"":""Point"",""coordinates"":[-114.0418044,50.9559122]}",POINT (-114.04180443971691 50.95591223245822),,,,,
"{'type': 'Point', 'coordinates': [-114.07105888494945, 51.00061204790995]}",DP2022-05809,#300 5920 MACLEOD TR SW,,Change of Use - Permitted Use,CHANGE OF USE: INSTRUCTIONAL FACILITY (WITHIN EXISTING HEALTH CARE SERVICE),C1835,INSTRUCTIONAL FACILITY,Permitted,C-COR3 f2.8h46,Commercial - Corridor 3,Cancelled,2022-08-18T00:00:00.000,,,,,,MNI,MANCHESTER INDUSTRIAL,9,SW,51.001,-114.071,3,Titled Parcel;Building;Building Suite,5920 MACLEOD TR SW;5920 MACLEOD TR SW;#300 5920 MACLEOD TR SW,"{""type"":""MultiPoint"",""coordinates"":[[-114.0710589,51.000612],[-114.0707499,51.000603],[-114.0707499,51.000603]]}","MULTIPOINT ((-114.07105888494945 51.00061204790995),(-114.07074985156927 51.00060298493953),(-114.07074985156927 51.00060298493953))",2022-08-25T00:00:00.000,,,,
"{'type': 'Point', 'coordinates': [-114.11520221801958, 51.026858498128625]}",DP2022-05811,2416 30 AV SW,ZOOM SURVEYS,Relaxation - Existing - Compliance Follow-Up,RELAXATION: DECK (EXISTING) - PROJECTION INTO SIDE SETBACK,C1455,DECK,Discretionary,R-C2,Residential - Contextual One/Two Dwelling,Released,2022-08-18T00:00:00.000,2022-08-25T00:00:00.000,2022-09-23T00:00:00.000,2024-08-25T00:00:00.000,Approval,Development Authority,RIC,RICHMOND,8,SW,51.027,-114.115,1,Titled Parcel,2416 30 AV SW,"{""type"":""Point"",""coordinates"":[-114.1152022,51.0268585]}",POINT (-114.11520221801958 51.026858498128625),,,,,
"{'type': 'Point', 'coordinates': [-113.96868013378594, 50.927758820388334]}",DP2022-05813,387 PRESTWICK CL SE,KELLAM BERG ENGINEERING & SURVEYS LTD,Relaxation - Existing - Residential - FastTrack - Comp Follow-Up,RELAXATION: AIR CONDITIONING EQUIPMENT (EXISTING) - PROJECTION INTO SIDE SETBACK,C1045,AIR CONDITIONING EQUIPMENT,Permitted,R-1N,Residential - Narrow Parcel One Dwelling,Released,2022-08-18T00:00:00.000,2022-08-31T00:00:00.000,2022-10-03T00:00:00.000,2024-08-31T00:00:00.000,Approval,Development Authority,MCT,MCKENZIE TOWNE,12,SE,50.928,-113.969,2,Titled Parcel;Building,387 PRESTWICK CL SE;387 PRESTWICK CL SE,"{""type"":""MultiPoint"",""coordinates"":[[-113.9686801,50.9277588],[-113.968585,50.9277615]]}","MULTIPOINT ((-113.96868013378594 50.927758820388334),(-113.96858502471868 50.92776154575482))",,,,,
"{'type': 'Point', 'coordinates': [-113.98453185661394, 50.88782596313028]}",DP2022-05814,92 CRANWELL CR SE,,Home Occupation Class 2,TEMPORARY USE: HOME OCCUPATION - CLASS 2 (GIFT BASKET MANUFACTURING) 3 YEARS,C1730,HOME OCCUPATION - CLASS 2,Discretionary,R-1N,Residential - Narrow Parcel One Dwelling,Released,2022-08-18T00:00:00.000,2022-09-09T00:00:00.000,2022-10-07T00:00:00.000,2023-09-09T00:00:00.000,Approval,Development Authority,CRA,CRANSTON,12,SE,50.888,-113.985,2,Titled Parcel;Building,92 CRANWELL CR SE;92 CRANWELL CR SE,"{""type"":""MultiPoint"",""coordinates"":[[-113.9845319,50.887826],[-113.9845267,50.887922]]}","MULTIPOINT ((-113.98453185661394 50.88782596313028),(-113.98452672245382 50.88792199337233))",,,,,
"{'type': 'Point', 'coordinates': [-114.13192770099887, 51.09754690433665]}",DP2022-05815,3204 BEARSPAW DR NW,CORE GEOMATICS GROUP,Relaxation - Existing - Compliance Follow-Up,RELAXATION: ACCESSORY RESIDENTIAL BUILDING (EXISTING GARAGE) - DRIVEWAY LENGTH,C1020,ACCESSORY RESIDENTIAL BUILDING,Permitted with a Relaxation,R-C1,Residential - Contextual One Dwelling,Released,2022-08-18T00:00:00.000,2022-09-01T00:00:00.000,2022-10-04T00:00:00.000,2024-09-01T00:00:00.000,Approval,Development Authority,BRE,BRENTWOOD,4,NW,51.098,-114.132,2,Titled Parcel;Building,3204 BEARSPAW DR NW;3204 BEARSPAW DR NW,"{""type"":""MultiPoint"",""coordinates"":[[-114.1319277,51.0975469],[-114.1318232,51.097612]]}","MULTIPOINT ((-114.13192770099887 51.09754690433665),(-114.1318231794458 51.09761198147807))",,,,,
"{'type': 'Point', 'coordinates': [-114.06890021544459, 50.91666727871713]}",DP2022-05816,15208 SHAW RD SE,FIVE STAR PERMITS,Signs - Permitted Use,NEW: SIGN - CLASS B (FASCIA SIGNS - 2),C2680,SIGN - CLASS B,Permitted,C-COR3 f1.0h12,Commercial - Corridor 3,Released,2022-08-18T00:00:00.000,2022-08-26T00:00:00.000,2022-08-26T00:00:00.000,2024-08-26T00:00:00.000,Approval,Development Authority,MID,MIDNAPORE,14,SE,50.917,-114.069,2,Titled Parcel;Building,15208 SHAW RD SE;15208 SHAW RD SE,"{""type"":""MultiPoint"",""coordinates"":[[-114.0689002,50.9166673],[-114.0685633,50.9167976]]}","MULTIPOINT ((-114.06890021544459 50.91666727871713),(-114.06856334422098 50.916797552340185))",,,,,
"{'type': 'Point', 'coordinates': [-114.06576564149398, 50.993715469676985]}",DP2022-05818,7005 FAIRMOUNT DR SE,,Signs - Permitted Use with Relaxation,NEW: SIGN - CLASS B (CANOPY SIGN) - SIGN AREA,C2680,SIGN - CLASS B,Permitted with a Relaxation,I-C,Industrial - Commercial,Released,2022-08-18T00:00:00.000,2022-10-07T00:00:00.000,2022-11-04T00:00:00.000,2024-10-07T00:00:00.000,Approval,Development Authority,FVI,FAIRVIEW INDUSTRIAL,11,SE,50.994,-114.066,3,Titled Parcel;Building;Entryway,#5000 7005 FAIRMOUNT DR SE;#5000 7005 FAIRMOUNT DR SE;7005 FAIRMOUNT DR SE,"{""type"":""MultiPoint"",""coordinates"":[[-114.0657656,50.9937155],[-114.0654451,50.9935091],[-114.0654451,50.9935091]]}","MULTIPOINT ((-114.06576564149398 50.993715469676985),(-114.0654450954371 50.993509108710214),(-114.0654450954371 50.993509108710214))",,,,,
"{'type': 'Point', 'coordinates': [-113.99753247449911, 51.02020620118525]}",DP2022-05819,180 DOVELY CR SE,,Residential - Secondary Suite,"NEW: ACCESSORY RESIDENTIAL BUILDING (GARAGE), BACKYARD SUITE (ABOVE GARAGE)",C1020; C1175,ACCESSORY RESIDENTIAL BUILDING; BACKYARD SUITE,Discretionary,R-C1,Residential - Contextual One Dwelling,Released,2022-08-18T00:00:00.000,2022-10-19T00:00:00.000,2022-11-21T00:00:00.000,2024-10-19T00:00:00.000,Approval,Development Authority,DOV,DOVER,9,SE,51.020,-113.998,2,Titled Parcel;Building,180 DOVELY CR SE;180 DOVELY CR SE,"{""type"":""MultiPoint"",""coordinates"":[[-113.9975325,51.0202062],[-113.9975288,51.0201124]]}","MULTIPOINT ((-113.99753247449911 51.02020620118525),(-113.99752877367938 51.02011239284606))",,,,,
"{'type': 'Point', 'coordinates': [-114.06044099548929, 51.150957037922836]}",DP2022-05820,254 HARVEST HILLS DR NE,ARC SURVEYS,Relaxation - Existing - Compliance Follow-Up,"RELAXATION: ACCESSORY RESIDENTIAL BUILDING (EXISTING PERGOLA) - SEPARATION FROM MAIN RESIDENTIAL BUILDING, DECK (EXISTING) - PROJECTION INTO REAR SETBACK",C1020; C1455,ACCESSORY RESIDENTIAL BUILDING; DECK,Discretionary,R-C1,Residential - Contextual One Dwelling,Released,2022-08-19T00:00:00.000,2022-08-25T00:00:00.000,2022-09-26T00:00:00.000,2024-08-25T00:00:00.000,Approval,Development Authority,HAR,HARVEST HILLS,3,NE,51.151,-114.060,2,Titled Parcel;Building,254 HARVEST HILLS DR NE;254 HARVEST HILLS DR NE,"{""type"":""MultiPoint"",""coordinates"":[[-114.060441,51.150957],[-114.0606069,51.1510167]]}","MULTIPOINT ((-114.06044099548929 51.150957037922836),(-114.06060689066618 51.15101666979896))",,,,,
"{'type': 'Point', 'coordinates': [-114.03899698697096, 51.11072651700928]}",DP2022-05832,1020 64 AV NE,,Change of Use - Discretionary Use or Relaxations Required,CHANGE OF USE: RESTAURANT: FOOD SERVICE ONLY (WITHIN EXISTING OFFICE),C2465,RESTAURANT: FOOD SERVICE ONLY,Discretionary,I-B f1.0,Industrial - Business,Cancelled,2022-08-19T00:00:00.000,,,,,,DBC,DEERFOOT BUSINESS CENTRE,5,NE,51.111,-114.039,2,Titled Parcel;Building,1020 64 AV NE;1020 64 AV NE,"{""type"":""MultiPoint"",""coordinates"":[[-114.038997,51.1107265],[-114.0399139,51.111636]]}","MULTIPOINT ((-114.03899698697096 51.11072651700928),(-114.0399139061998 51.111635967257385))",2022-11-22T00:00:00.000,,,,
"{'type': 'Point', 'coordinates': [-114.0918285100699, 50.91782242814452]}",DP2022-05821,372 MILLRISE DR SW,ARC SURVEYS,Relaxation - Existing - Compliance Follow-Up,RELAXATION: DECK (EXISTING) - PROJECTION INTO REAR SETBACK,C1455,DECK,Discretionary,R-C1,Residential - Contextual One Dwelling,Released,2022-08-19T00:00:00.000,2022-08-23T00:00:00.000,2022-09-23T00:00:00.000,2024-08-23T00:00:00.000,Approval,Development Authority,MLR,MILLRISE,13,SW,50.918,-114.092,2,Titled Parcel;Building,372 MILLRISE DR SW;372 MILLRISE DR SW,"{""type"":""MultiPoint"",""coordinates"":[[-114.0918285,50.9178224],[-114.0919417,50.9179078]]}","MULTIPOINT ((-114.0918285100699 50.91782242814452),(-114.09194174165516 50.9179077973332))",,,,,
"{'type': 'Point', 'coordinates': [-114.04436843077802, 50.94062982526347]}",DP2022-05822,720 LAKE TWINTREE CR SE,,Relaxation - Existing - Compliance Follow-Up,RELAXATION: EAVES (EXISTING) - PROJECTION INTO SIDE AND REAR SETBACK,C9999,OTHER,Discretionary,R-C1,Residential - Contextual One Dwelling,Cancelled,2022-08-19T00:00:00.000,,,,,,LKB,LAKE BONAVISTA,14,SE,50.941,-114.044,2,Titled Parcel;Building,720 LAKE TWINTREE CR SE;720 LAKE TWINTREE CR SE,"{""type"":""MultiPoint"",""coordinates"":[[-114.0443684,50.9406298],[-114.0442899,50.940741]]}","MULTIPOINT ((-114.04436843077802 50.94062982526347),(-114.04428986559627 50.940741015131216))",2024-01-25T00:00:00.000,,,,
"{'type': 'Point', 'coordinates': [-114.0812790337327, 51.18236737441649]}",DP2022-05824,306 CARRINGVUE MR NW,HORIZON LAND SURVEYS,Relaxation - Existing - Residential - FastTrack - Comp Follow-Up,RELAXATION: DECK (EXISTING) - PROJECTION INTO REAR SETBACK,C1455,DECK,Permitted with a Relaxation,R-1N,Residential - Narrow Parcel One Dwelling,Released,2022-08-19T00:00:00.000,2022-08-19T00:00:00.000,2022-09-27T00:00:00.000,2023-08-19T00:00:00.000,Approval,Development Authority,CAR,CARRINGTON,3,NW,51.182,-114.081,2,Titled Parcel;Building,306 CARRINGVUE MR NW;306 CARRINGVUE MR NW,"{""type"":""MultiPoint"",""coordinates"":[[-114.081279,51.1823674],[-114.0814942,51.1823629]]}","MULTIPOINT ((-114.0812790337327 51.18236737441649),(-114.08149417236211 51.1823628738383))",,,,,
"{'type': 'Point', 'coordinates': [-114.04883778707804, 51.17356668638395]}",DP2022-05825,80 COVECREEK ME NE,ARC SURVEYS,Relaxation - Existing - Residential - FastTrack - Comp Follow-Up,RELAXATION: DECK (EXISTING) - PROJECTION INTO REAR SETBACK,C1455,DECK,Permitted with a Relaxation,R-1N,Residential - Narrow Parcel One Dwelling,Released,2022-08-19T00:00:00.000,2022-08-19T00:00:00.000,2022-09-27T00:00:00.000,2023-08-19T00:00:00.000,Approval,Development Authority,COV,COVENTRY HILLS,3,NE,51.174,-114.049,2,Titled Parcel;Building,80 COVECREEK ME NE;80 COVECREEK ME NE,"{""type"":""MultiPoint"",""coordinates"":[[-114.0488378,51.1735667],[-114.048796,51.1734934]]}","MULTIPOINT ((-114.04883778707804 51.17356668638395),(-114.04879598140396 51.173493439120634))",,,,,
"{'type': 'Point', 'coordinates': [-114.01797725246588, 50.95822273016489]}",DP2022-05828,428 QUARRY WY SE,ARC SURVEYS,Renovations - Non-Residential,RELAXATION: MULTI-RESIDENTIAL DEVELOPMENT (EXISTING) - PROJECTION INTO FRONT SETBACK,C2050,MULTI-RESIDENTIAL DEVELOPMENT,Discretionary,M-2 d210,Multi-Residential - Medium Profile,Released,2022-08-19T00:00:00.000,2022-08-26T00:00:00.000,2022-09-26T00:00:00.000,2024-08-26T00:00:00.000,Approval,Development Authority,DDG,DOUGLASDALE/GLEN,11,SE,50.958,-114.018,2,Titled Parcel;Building,428 QUARRY WY SE;428 QUARRY WY SE,"{""type"":""MultiPoint"",""coordinates"":[[-114.0179773,50.9582227],[-114.0178912,50.9582281]]}","MULTIPOINT ((-114.01797725246588 50.95822273016489),(-114.0178912376684 50.95822809234267))",,,,,
"{'type': 'Point', 'coordinates': [-114.19747481008746, 51.02508083156304]}",DP2022-05829,100 ELKTON CL SW,TRICOR DESIGN GROUP,Relaxation - Existing - Residential - FastTrack - Comp Follow-Up,RELAXATION: DECK (EXISTING) - PROJECTION INTO REAR SETBACK,C1455,DECK,Permitted with a Relaxation,R-1,Residential - One Dwelling,Released,2022-08-19T00:00:00.000,2022-08-26T00:00:00.000,2022-09-26T00:00:00.000,2024-08-26T00:00:00.000,Approval,Development Authority,SPH,SPRINGBANK HILL,6,SW,51.025,-114.197,2,Titled Parcel;Building,100 ELKTON CL SW;100 ELKTON CL SW,"{""type"":""MultiPoint"",""coordinates"":[[-114.1974748,51.0250808],[-114.1976926,51.0249865]]}","MULTIPOINT ((-114.19747481008746 51.02508083156304),(-114.1976925614491 51.024986493285205))",,,,,
"{'type': 'Point', 'coordinates': [-114.1434004697964, 50.91607231914042]}",DP2022-05823,342 ALPINE AV SW,GENESIS BUILDERS GROUP,Residential - Multi-Family,NEW: ROWHOUSE BUILDING (6 BUILDINGS),C2540,ROWHOUSE BUILDING,Discretionary,DC,Direct Control (1P2007),Released,2022-08-19T00:00:00.000,2023-01-20T00:00:00.000,2023-02-17T00:00:00.000,2026-01-20T00:00:00.000,Approval,Development Authority,ALP,ALPINE PARK,13,SW,50.916,-114.143,21,Titled Parcel;Titled Parcel;Titled Parcel;Titled Parcel;Titled Parcel;Titled Parcel;Titled Parcel;Titled Parcel;Titled Parcel;Titled Parcel;Titled Parcel;Titled Parcel;Titled Parcel;Titled Parcel;Titled Parcel;Titled Parcel;Titled Parcel;Titled Parcel;Titled Parcel;Titled Parcel;Titled Parcel,338 ALPINE AV SW;294 ALPINE AV SW;298 ALPINE AV SW;322 ALPINE AV SW;342 ALPINE AV SW;302 ALPINE AV SW;282 ALPINE AV SW;330 ALPINE AV SW;326 ALPINE AV SW;318 ALPINE AV SW;314 ALPINE AV SW;306 ALPINE AV SW;310 ALPINE AV SW;278 ALPINE AV SW;334 ALPINE AV SW;274 ALPINE AV SW;270 ALPINE AV SW;266 ALPINE AV SW;286 ALPINE AV SW;290 ALPINE AV SW;262 ALPINE AV SW,"{""type"":""MultiPoint"",""coordinates"":[[-114.1434005,50.9160723],[-114.142426,50.9160645],[-114.142504,50.9160644],[-114.1430403,50.9160638],[-114.1434987,50.9160767],[-114.1425906,50.9160643],[-114.1421579,50.9160648],[-114.1432078,50.9160636],[-114.1431183,50.9160637],[-114.1429537,50.9160639],[-114.1428587,50.916064],[-114.1426856,50.9160642],[-114.1427721,50.9160641],[-114.1420714,50.916065],[-114.1433099,50.9160679],[-114.1419779,50.9160651],[-114.1418913,50.9160652],[-114.1418133,50.9160653],[-114.1422445,50.9160647],[-114.1423395,50.9160646],[-114.1417247,50.9160654]]}","MULTIPOINT ((-114.1434004697964 50.91607231914042),(-114.14242604666877 50.91606452182536),(-114.1425040358552 50.916064426671646),(-114.14304026127463 50.91606377101886),(-114.14349870961875 50.91607669341977),(-114.14259055777487 50.916064321046306),(-114.14215793395009 50.91606484854924),(-114.14320777305156 50.91606356569431),(-114.14311826467895 50.91606367543749),(-114.14295372513646 50.91606387699484),(-114.1428586847067 50.91606399331166),(-114.14268562664886 50.91606420491297),(-114.14277214856743 50.91606409915307),(-114.1420713978066 50.91606495387132),(-114.14330990945297 50.91606793535348),(-114.14197785059946 50.91606506765435),(-114.1418913286761 50.9160651728257),(-114.14181333948638 50.91606526757017),(-114.14224445587185 50.91606474318035),(-114.14233952474811 50.91606462732881),(-114.14172474126337 50.91606537513973))",,,,,
"{'type': 'Point', 'coordinates': [-113.99878645992973, 51.018116853947035]}",DP2022-05830,4024 26 ST SE,FADI'S PIZZA,Change of Use - Permitted Use,CHANGE OF USE: TAKE OUT FOOD SERVICE,C2830,TAKE OUT FOOD SERVICE,Permitted,C-C1,Commercial - Community 1,Released,2022-08-19T00:00:00.000,2022-08-30T00:00:00.000,2022-08-30T00:00:00.000,2023-08-30T00:00:00.000,Approval,Development Authority,DOV,DOVER,9,SE,51.018,-113.999,3,Titled Parcel;Building;Entryway,4000 26 ST SE;4000 26 ST SE;4024 26 ST SE,"{""type"":""MultiPoint"",""coordinates"":[[-113.9987865,51.0181169],[-113.9984215,51.0181046],[-113.9984894,51.0180782]]}","MULTIPOINT ((-113.99878645992973 51.018116853947035),(-113.99842149756897 51.0181046055145),(-113.99848938288214 51.01807820344479))",,,,,
"{'type': 'Point', 'coordinates': [-113.98882472968275, 51.083134279717484]}",DP2022-05831,3415 32 ST NE,,Signs - Discretionary Use - Third Party Signs,TEMPORARY USE: SIGN - CLASS G (DIGITAL THIRD PARTY ADVERTISING SIGN - 2),C2721,SIGN - CLASS G,Discretionary,I-G,Industrial - General,Cancelled,2022-08-19T00:00:00.000,,,,,,HOR,HORIZON,10,NE,51.083,-113.989,3,Titled Parcel;Building;Entryway,3415 32 ST NE;3415 32 ST NE;3415 32 ST NE,"{""type"":""MultiPoint"",""coordinates"":[[-113.9888247,51.0831343],[-113.9891687,51.0830985],[-113.9890828,51.0832305]]}","MULTIPOINT ((-113.98882472968275 51.083134279717484),(-113.98916871787816 51.08309854218015),(-113.98908278111413 51.083230547544424))",2022-09-01T00:00:00.000,,,,
"{'type': 'Point', 'coordinates': [-113.98817742671116, 50.87757935391007]}",DP2022-05833,237 CRANBROOK DR SE,,Relaxation - New - Residential,NEW: SWIMMING POOL (FLOOD FRINGE),C2730,SINGLE DETACHED DWELLING,Permitted,R-1,Residential - One Dwelling,Released,2022-08-19T00:00:00.000,2022-09-18T00:00:00.000,2022-09-20T00:00:00.000,2024-09-18T00:00:00.000,Approval,Development Authority,CRA,CRANSTON,12,SE,50.878,-113.988,2,Titled Parcel;Building,237 CRANBROOK DR SE;237 CRANBROOK DR SE,"{""type"":""MultiPoint"",""coordinates"":[[-113.9881774,50.8775794],[-113.9883399,50.8775223]]}","MULTIPOINT ((-113.98817742671116 50.87757935391007),(-113.9883398845312 50.8775222927923))",,,,,
"{'type': 'Point', 'coordinates': [-114.08781443822481, 51.15649402979021]}",DP2022-05835,563 PANAMOUNT BV NW,LOVSE SURVEYS,Relaxation - Existing - Compliance Follow-Up,RELAXATION: PRIVACY WALL (EXISTING) - LENGTH,C1455,DECK,Permitted with a Relaxation,R-2M,Residential - Low Density Multiple Dwelling,Released,2022-08-19T00:00:00.000,2022-08-31T00:00:00.000,2022-10-04T00:00:00.000,2024-08-31T00:00:00.000,Approval,Development Authority,PAN,PANORAMA HILLS,3,NW,51.156,-114.088,2,Titled Parcel;Building,563 PANAMOUNT BV NW;563 PANAMOUNT BV NW,"{""type"":""MultiPoint"",""coordinates"":[[-114.0878144,51.156494],[-114.0878072,51.1564038]]}","MULTIPOINT ((-114.08781443822481 51.15649402979021),(-114.08780721946091 51.15640378000101))",,,,,
"{'type': 'Point', 'coordinates': [-113.93787600778856, 51.106943343033045]}",DP2022-05836,132 FALDALE CL NE,QAAD,Residential - Secondary Suite,NEW: SECONDARY SUITE (BASEMENT),C2626,SECONDARY SUITE,Discretionary,R-C1,Residential - Contextual One Dwelling,Released,2022-08-19T00:00:00.000,2022-10-07T00:00:00.000,2022-11-04T00:00:00.000,2024-10-07T00:00:00.000,Approval,Development Authority,FAL,FALCONRIDGE,5,NE,51.107,-113.938,1,Titled Parcel,132 FALDALE CL NE,"{""type"":""Point"",""coordinates"":[-113.937876,51.1069433]}",POINT (-113.93787600778856 51.106943343033045),,,,,
"{'type': 'Point', 'coordinates': [-113.9819761292708, 50.88909240986275]}",DP2022-05838,198 CRANFIELD GR SE,,Relaxation - Existing - Residential - FastTrack - Comp Follow-Up,RELAXATION: DECK (EXISTING) - PROJECTION INTO REAR SETBACK; ACCESSORY RESIDENTIAL BUILDING (EXISTING SHED) - BUILDING SETBACK FROM REAR PROPERTY LINE,C1020; C1455,ACCESSORY RESIDENTIAL BUILDING; DECK,Permitted with a Relaxation,R-1N,Residential - Narrow Parcel One Dwelling,Released,2022-08-19T00:00:00.000,2022-09-02T00:00:00.000,2022-10-05T00:00:00.000,2024-09-02T00:00:00.000,Approval,Development Authority,CRA,CRANSTON,12,SE,50.889,-113.982,2,Titled Parcel;Building,198 CRANFIELD GR SE;198 CRANFIELD GR SE,"{""type"":""MultiPoint"",""coordinates"":[[-113.9819761,50.8890924],[-113.982136,50.8891736]]}","MULTIPOINT ((-113.9819761292708 50.88909240986275),(-113.98213603768262 50.889173649866116))",,,,,
"{'type': 'Point', 'coordinates': [-114.01512539200164, 50.99540817956426]}",DP2022-05844,6613 18A ST SE,ARC SURVEYS,Relaxation - Existing - Compliance Follow-Up,RELAXATION: ACCESSORY RESIDENTIAL BUILDING (EXISTING SHED) - BUILDING SETBACK FROM SIDE PROPERTY LINE,C1020,ACCESSORY RESIDENTIAL BUILDING,Permitted with a Relaxation,R-C2,Residential - Contextual One/Two Dwelling,Released,2022-08-19T00:00:00.000,2022-08-26T00:00:00.000,2022-09-26T00:00:00.000,2024-08-26T00:00:00.000,Approval,Development Authority,OGD,OGDEN,9,SE,50.995,-114.015,2,Titled Parcel;Building,6613 18A ST SE;6613 18A ST SE,"{""type"":""MultiPoint"",""coordinates"":[[-114.0151254,50.9954082],[-114.0152439,50.9954035]]}","MULTIPOINT ((-114.01512539200164 50.99540817956426),(-114.01524394154265 50.995403462486514))",,,,,
"{'type': 'Point', 'coordinates': [-114.06869997668215, 50.94518397708855]}",DP2022-05837,#610 12100 MACLEOD TR SE,,Change of Use - Permitted Use,CHANGE OF USE: RESTAURANT: LICENSED,C2485 ,RESTAURANT: LICENSED,Permitted,C-C2 f0.25h16,Commercial - Community 2,Released,2022-08-19T00:00:00.000,2022-08-30T00:00:00.000,2022-08-30T00:00:00.000,2023-08-30T00:00:00.000,Approval,Development Authority,LKB,LAKE BONAVISTA,14,SE,50.945,-114.069,3,Titled Parcel;Building;Entryway,12085 LAKE FRASER DR SE;#600 12100 MACLEOD TR SE;#610 12100 MACLEOD TR SE,"{""type"":""MultiPoint"",""coordinates"":[[-114.0687,50.945184],[-114.069574,50.9456153],[-114.069749,50.9455569]]}","MULTIPOINT ((-114.06869997668215 50.94518397708855),(-114.06957403864466 50.94561525298709),(-114.06974902646381 50.94555687616132))",,,,,
"{'type': 'Point', 'coordinates': [-113.9310896199306, 51.160261047633476]}",DP2022-05840,151 CORNERBROOK MR NE,,Residential - Secondary Suite,NEW: SECONDARY SUITE (BASEMENT),C2626,SECONDARY SUITE,Permitted with a Relaxation,R-G,Residential - Low Density Mixed Housing,Cancelled,2022-08-19T00:00:00.000,,,,,,CNS,CORNERSTONE,5,NE,51.160,-113.931,2,Titled Parcel;Building,151 CORNERBROOK MR NE;151 CORNERBROOK MR NE,"{""type"":""MultiPoint"",""coordinates"":[[-113.9310896,51.160261],[-113.9311048,51.1601478]]}","MULTIPOINT ((-113.9310896199306 51.160261047633476),(-113.93110484246462 51.16014784213276))",2022-08-26T00:00:00.000,,,,
"{'type': 'Point', 'coordinates': [-113.96648921980223, 51.09312633132285]}",DP2022-05839,116 WHITEHILL PL NE,,Relaxation - Existing - Compliance Follow-Up,RELAXATION: DECK (EXISTING) - PROJECTION INTO REAR SETBACK,C1455,DECK,Discretionary,R-C2,Residential - Contextual One/Two Dwelling,Released,2022-08-19T00:00:00.000,2022-09-01T00:00:00.000,2022-10-04T00:00:00.000,2024-09-01T00:00:00.000,Approval,Development Authority,WHI,WHITEHORN,10,NE,51.093,-113.966,2,Titled Parcel;Building,116 WHITEHILL PL NE;116 WHITEHILL PL NE,"{""type"":""MultiPoint"",""coordinates"":[[-113.9664892,51.0931263],[-113.9665024,51.0930411]]}","MULTIPOINT ((-113.96648921980223 51.09312633132285),(-113.96650241486077 51.09304107718187))",,,,,
"{'type': 'Point', 'coordinates': [-114.08550428948574, 51.04726677736617]}",DP2022-05841,1040 7 AV SW,,Change of Use - With Change to Site Plan,CHANGES TO SITE PLAN: OFFICES (NEW RAMP),B6700,OFFICES,Discretionary,DC,DIRECT CONTROL DISTRICT                                 ,Cancelled,2022-08-19T00:00:00.000,,,,,,DNW,DOWNTOWN WEST END,7,SW,51.047,-114.086,1,Titled Parcel,1040 7 AV SW,"{""type"":""Point"",""coordinates"":[-114.0855043,51.0472668]}",POINT (-114.08550428948574 51.04726677736617),2022-12-06T00:00:00.000,,,,
"{'type': 'Point', 'coordinates': [-113.9310227112188, 51.105213202787446]}",DP2022-05842,347 CORAL KEYS PL NE,ARC SURVEYS,Relaxation - Existing - Compliance Follow-Up,"RELAXATION: ACCESSORY RESIDENTIAL BUILDING (EXISTING SHED) - SEPARATION FROM MAIN RESIDENTIAL BUILDING, DECK (EXISTING) - PROJECTION INTO SIDE & REAR SETBACK",C1020; C1455,ACCESSORY RESIDENTIAL BUILDING; DECK,Discretionary,R-C1,Residential - Contextual One Dwelling,Released,2022-08-19T00:00:00.000,2022-12-09T00:00:00.000,2023-01-06T00:00:00.000,2024-12-09T00:00:00.000,Approval,Development Authority,COR,CORAL SPRINGS,10,NE,51.105,-113.931,2,Titled Parcel;Building,347 CORAL KEYS PL NE;347 CORAL KEYS PL NE,"{""type"":""MultiPoint"",""coordinates"":[[-113.9310227,51.1052132],[-113.9312134,51.1051987]]}","MULTIPOINT ((-113.9310227112188 51.105213202787446),(-113.93121344610167 51.10519873394629))",,,,,
"{'type': 'Point', 'coordinates': [-114.05706029829588, 51.14173615817868]}",DP2022-05843,245 HARVEST ROSE CI NE,GO!TIRESHOP,Home Occupation Class 2,TEMPORARY USE: HOME OCCUPATION - CLASS 2 (MOTOR VEHICLE REPAIR - 18 MONTHS),C1730,HOME OCCUPATION - CLASS 2,Discretionary,R-C2,Residential - Contextual One/Two Dwelling,Released,2022-08-19T00:00:00.000,2022-09-20T00:00:00.000,2022-10-21T00:00:00.000,2023-09-20T00:00:00.000,Approval,Development Authority,HAR,HARVEST HILLS,3,NE,51.142,-114.057,2,Titled Parcel;Building,245 HARVEST ROSE CI NE;245 HARVEST ROSE CI NE,"{""type"":""MultiPoint"",""coordinates"":[[-114.0570603,51.1417362],[-114.057047,51.1418234]]}","MULTIPOINT ((-114.05706029829588 51.14173615817868),(-114.05704702997367 51.14182344452101))",,,,,
"{'type': 'Point', 'coordinates': [-113.93811752235865, 51.07830903049081]}",DP2022-05845,887 PINECLIFF DR NE,ARC SURVEYS,Relaxation - Existing - Compliance Follow-Up,RELAXATION: ACCESSORY RESIDENTIAL BUILDING (EXISTING GARAGE) - SEPARATION DISTANCE FROM MAIN RESIDENTIAL BUILDING,C1020,ACCESSORY RESIDENTIAL BUILDING,Permitted with a Relaxation,R-C1,Residential - Contextual One Dwelling,Released,2022-08-19T00:00:00.000,2022-08-26T00:00:00.000,2022-09-23T00:00:00.000,2024-08-26T00:00:00.000,Approval,Development Authority,PIN,PINERIDGE,10,NE,51.078,-113.938,2,Titled Parcel;Building,887 PINECLIFF DR NE;887 PINECLIFF DR NE,"{""type"":""MultiPoint"",""coordinates"":[[-113.9381175,51.078309],[-113.9381142,51.0784203]]}","MULTIPOINT ((-113.93811752235865 51.07830903049081),(-113.93811417717939 51.078420338964136))",,,,,
"{'type': 'Point', 'coordinates': [-114.1916213601291, 51.12808015512404]}",DP2022-05846,92 HAWKWOOD CR NW,ARC SURVEYS,Relaxation - Existing - Compliance Follow-Up,RELAXATION: SINGLE DETACHED DWELLING (EXISTING) - BUILDING SETBACK FROM REAR PROPERTY LINE,C2730,SINGLE DETACHED DWELLING,Discretionary,R-C1,Residential - Contextual One Dwelling,Released,2022-08-19T00:00:00.000,2022-08-26T00:00:00.000,2022-09-26T00:00:00.000,2024-08-26T00:00:00.000,Approval,Development Authority,HAW,HAWKWOOD,2,NW,51.128,-114.192,2,Titled Parcel;Building,92 HAWKWOOD CR NW;92 HAWKWOOD CR NW,"{""type"":""MultiPoint"",""coordinates"":[[-114.1916214,51.1280802],[-114.1917102,51.1279958]]}","MULTIPOINT ((-114.1916213601291 51.12808015512404),(-114.19171015740818 51.12799580387874))",,,,,
"{'type': 'Point', 'coordinates': [-114.07871218497979, 50.89941173410563]}",DP2022-05848,7 SOMERSET SQ SW,ARC SURVEYS,Relaxation - Existing - Compliance Follow-Up,RELAXATION: SINGLE DETACHED DWELLING (EXISTING) - BUILDING SETBACK FROM REAR PROPERTY LINE,C2730,SINGLE DETACHED DWELLING,Discretionary,R-C1,Residential - Contextual One Dwelling,Released,2022-08-19T00:00:00.000,2022-08-31T00:00:00.000,2022-10-03T00:00:00.000,2024-08-31T00:00:00.000,Approval,Development Authority,SOM,SOMERSET,13,SW,50.899,-114.079,2,Titled Parcel;Building,7 SOMERSET SQ SW;7 SOMERSET SQ SW,"{""type"":""MultiPoint"",""coordinates"":[[-114.0787122,50.8994117],[-114.0785759,50.8994864]]}","MULTIPOINT ((-114.07871218497979 50.89941173410563),(-114.07857587784244 50.89948642460694))",,,,,
"{'type': 'Point', 'coordinates': [-114.05684789829255, 51.00725429664085]}",DP2022-05849,5300 3 ST SE,KUMLIN SULLIVAN ARCHITECTURE STUDIO,Change of Use - With Change to Site Plan,"CHANGES TO SITE PLAN: MULTI-USE INDUSTRIAL (LANDSCAPING, REFURBISH BUILDING FAÇADE & NEW BAY DOOR)",C1140; C1160; C1685; C2950,AUTO BODY AND PAINT SHOP; AUTO SERVICE - MINOR; GENERAL INDUSTRIAL - LIGHT; VEHICLE SALES - MINOR,Discretionary,I-G,Industrial - General,Lapsed,2022-08-19T00:00:00.000,2022-11-14T00:00:00.000,,2024-11-14T00:00:00.000,Approval,Development Authority,MNI,MANCHESTER INDUSTRIAL,9,SE,51.007,-114.057,1,Titled Parcel,5300 3 ST SE,"{""type"":""Point"",""coordinates"":[-114.0568479,51.0072543]}",POINT (-114.05684789829255 51.00725429664085),2024-11-15T00:00:00.000,,,,
"{'type': 'Point', 'coordinates': [-113.95489568663936, 51.055880504402104]}",DP2022-05847,5504A 4 AV NE,JONES GEOMATICS,Relaxation - Existing - Compliance Follow-Up,RELAXATION: ACCESSORY RESIDENTIAL BUILDING (EXISTING CARPORT) - DRIVEWAY LENGTH; EAVES (EXISTING) - PROJECTION INTO SIDE SETBACK,C1020,ACCESSORY RESIDENTIAL BUILDING,Discretionary,R-C2,Residential - Contextual One/Two Dwelling,Released,2022-08-19T00:00:00.000,2022-09-09T00:00:00.000,2022-10-11T00:00:00.000,2024-09-09T00:00:00.000,Approval,Development Authority,MPK,MARLBOROUGH PARK,10,NE,51.056,-113.955,2,Titled Parcel;Building,5504A 4 AV NE;5504A 4 AV NE,"{""type"":""MultiPoint"",""coordinates"":[[-113.9548957,51.0558805],[-113.9550011,51.0559478]]}","MULTIPOINT ((-113.95489568663936 51.055880504402104),(-113.9550010612451 51.055947842032175))",,,,,
"{'type': 'Point', 'coordinates': [-114.22005974999982, 51.14268007873073]}",DP2022-05851,172 ROYAL BIRCH CI NW,AXIOM GEOMATICS,Relaxation - Existing - Compliance Follow-Up,RELAXATION: DECK (EXISTING) - PROJECTION INTO REAR SETBACK,C1455,DECK,Discretionary,R-C1N,Residential - Contextual Narrow Parcel One Dwelling,Released,2022-08-19T00:00:00.000,2022-09-01T00:00:00.000,2022-10-04T00:00:00.000,2024-09-01T00:00:00.000,Approval,Development Authority,ROY,ROYAL OAK,1,NW,51.143,-114.220,2,Titled Parcel;Building,172 ROYAL BIRCH CI NW;172 ROYAL BIRCH CI NW,"{""type"":""MultiPoint"",""coordinates"":[[-114.2200597,51.1426801],[-114.2200603,51.1425713]]}","MULTIPOINT ((-114.22005974999982 51.14268007873073),(-114.22006033338069 51.14257133948343))",,,,,
"{'type': 'Point', 'coordinates': [-113.96615976362793, 50.904698590430556]}",DP2022-05850,182 ELGIN MR SE,ALPHA GEOMATICS,Relaxation - Existing - Compliance Follow-Up,RELAXATION: LANDING (EXISTING) - PROJECTION INTO SIDE SETBACK,C1865,LANDING,Permitted with a Relaxation,R-1N,Residential - Narrow Parcel One Dwelling,Released,2022-08-19T00:00:00.000,2022-11-24T00:00:00.000,2022-12-23T00:00:00.000,2024-11-24T00:00:00.000,Approval,Development Authority,MCT,MCKENZIE TOWNE,12,SE,50.905,-113.966,2,Titled Parcel;Building,182 ELGIN MR SE;182 ELGIN MR SE,"{""type"":""MultiPoint"",""coordinates"":[[-113.9661598,50.9046986],[-113.9661597,50.9047695]]}","MULTIPOINT ((-113.96615976362793 50.904698590430556),(-113.96615974062986 50.90476953910953))",,,,,
"{'type': 'Point', 'coordinates': [-114.07980207518415, 50.944505014525554]}",DP2022-05853,963 CANAVERAL CR SW,CAWSTON & ASSOCIATES,Home Occupation Class 2,TEMPORARY USE: HOME OCCUPATION - CLASS 2 (ACCOUNTING - 5 YEARS),C1730,HOME OCCUPATION - CLASS 2,Discretionary,R-C1,Residential - Contextual One Dwelling,Released,2022-08-19T00:00:00.000,2022-09-12T00:00:00.000,2022-10-12T00:00:00.000,2024-09-12T00:00:00.000,Approval,Development Authority,CAN,CANYON MEADOWS,13,SW,50.945,-114.080,2,Titled Parcel;Building,963 CANAVERAL CR SW;963 CANAVERAL CR SW,"{""type"":""MultiPoint"",""coordinates"":[[-114.0798021,50.944505],[-114.0799849,50.9444989]]}","MULTIPOINT ((-114.07980207518415 50.944505014525554),(-114.07998491954915 50.944498938139674))",,,,,
"{'type': 'Point', 'coordinates': [-114.11383030016181, 50.914930912177326]}",DP2022-05854,132 EVEROAK DR SW,LOVSE SURVEYS,Relaxation - Existing - Residential - FastTrack - Comp Follow-Up,RELAXATION: AIR CONDITIONING EQUIPMENT (EXISTING) -  PROJECTION INTO SIDE SETBACK,C1045,AIR CONDITIONING EQUIPMENT,Permitted with a Relaxation,R-1N,Residential - Narrow Parcel One Dwelling,Released,2022-08-19T00:00:00.000,2022-08-26T00:00:00.000,2022-09-26T00:00:00.000,2024-08-26T00:00:00.000,Approval,Development Authority,EVE,EVERGREEN,13,SW,50.915,-114.114,2,Titled Parcel;Building,132 EVEROAK DR SW;132 EVEROAK DR SW,"{""type"":""MultiPoint"",""coordinates"":[[-114.1138303,50.9149309],[-114.1136407,50.9149134]]}","MULTIPOINT ((-114.11383030016181 50.914930912177326),(-114.1136407066991 50.9149133686945))",,,,,
"{'type': 'Point', 'coordinates': [-114.07660248345174, 50.8764355643007]}",DP2022-05855,161 YORKVILLE GR SW,,Home Occupation Class 2,TEMPORARY USE: HOME OCCUPATION - CLASS 2 (MOBILE TIRE REPAIR),C1730,HOME OCCUPATION - CLASS 2,Discretionary,R-G,Residential - Low Density Mixed Housing,Cancelled,2022-08-19T00:00:00.000,,,,,,YKV,YORKVILLE,13,SW,50.876,-114.077,2,Titled Parcel;Building,161 YORKVILLE GR SW;161 YORKVILLE GR SW,"{""type"":""MultiPoint"",""coordinates"":[[-114.0766025,50.8764356],[-114.076447,50.8764327]]}","MULTIPOINT ((-114.07660248345174 50.8764355643007),(-114.07644702998722 50.87643265456123))",2022-09-23T00:00:00.000,,,,
"{'type': 'Point', 'coordinates': [-113.99953370305148, 50.90568461164083]}",DP2022-05856,115 MT NORQUAY PA SE,W PANG SURVEYS,Relaxation - Existing - Compliance Follow-Up,RELAXATION: SINGLE DETACHED DWELLING (EXISTING) - BUILDING SETBACK FROM SIDE PROPERTY LINE,C2730,SINGLE DETACHED DWELLING,Discretionary,R-C1,Residential - Contextual One Dwelling,Released,2022-08-19T00:00:00.000,2022-08-26T00:00:00.000,2022-09-23T00:00:00.000,2024-08-26T00:00:00.000,Approval,Development Authority,MCK,MCKENZIE LAKE,14,SE,50.906,-114.000,2,Titled Parcel;Building,115 MT NORQUAY PA SE;115 MT NORQUAY PA SE,"{""type"":""MultiPoint"",""coordinates"":[[-113.9995337,50.9056846],[-113.9997949,50.9056463]]}","MULTIPOINT ((-113.99953370305148 50.90568461164083),(-113.99979494666806 50.90564631521226))",,,,,
"{'type': 'Point', 'coordinates': [-114.23336580416503, 51.1501276051754]}",DP2022-05857,134 ROYAL OAK PT NW,,Relaxation - Existing - Compliance Follow-Up,RELAXATION: DECK (EXISTING) - PROJECTION INTO REAR SETBACK,C1455,DECK,Discretionary,R-C1,Residential - Contextual One Dwelling,Released,2022-08-19T00:00:00.000,2022-09-01T00:00:00.000,2022-10-03T00:00:00.000,2024-09-01T00:00:00.000,Approval,Development Authority,ROY,ROYAL OAK,1,NW,51.150,-114.233,2,Titled Parcel;Building,134 ROYAL OAK PT NW;134 ROYAL OAK PT NW,"{""type"":""MultiPoint"",""coordinates"":[[-114.2333658,51.1501276],[-114.2335587,51.150206]]}","MULTIPOINT ((-114.23336580416503 51.1501276051754),(-114.23355865666593 51.150206013987976))",,,,,
"{'type': 'Point', 'coordinates': [-114.1586525708468, 51.16699233984296]}",DP2022-05858,183 SHERVIEW HT NW,,Relaxation - New - Residential,ADDITION: SINGLE DETACHED DWELLING (MAIN FLOOR - REAR),C2730,SINGLE DETACHED DWELLING,Permitted with a Relaxation,R-1N,Residential - Narrow Parcel One Dwelling,Released,2022-08-19T00:00:00.000,2022-09-23T00:00:00.000,2022-10-27T00:00:00.000,2024-09-23T00:00:00.000,Approval,Development Authority,SHW,SHERWOOD,2,NW,51.167,-114.159,2,Titled Parcel;Building,183 SHERVIEW HT NW;183 SHERVIEW HT NW,"{""type"":""MultiPoint"",""coordinates"":[[-114.1586526,51.1669923],[-114.1588343,51.1669752]]}","MULTIPOINT ((-114.1586525708468 51.16699233984296),(-114.15883432939512 51.166975237803484))",,,,,
"{'type': 'Point', 'coordinates': [-114.11238741671528, 50.896565676813765]}",DP2022-05860,1032 BRIDLEMEADOWS MR SW,NEW MAPLE GEOMATICS,Relaxation - Existing - Residential - FastTrack - Comp Follow-Up,RELAXATION: DECK (EXISTING) - PROJECTION INTO REAR SETBACK,C1455,DECK,Permitted with a Relaxation,R-1N,Residential - Narrow Parcel One Dwelling,Released,2022-08-19T00:00:00.000,2022-08-26T00:00:00.000,2022-09-23T00:00:00.000,2024-08-26T00:00:00.000,Approval,Development Authority,BRI,BRIDLEWOOD,13,SW,50.897,-114.112,2,Titled Parcel;Building,1032 BRIDLEMEADOWS MR SW;1032 BRIDLEMEADOWS MR SW,"{""type"":""MultiPoint"",""coordinates"":[[-114.1123874,50.8965657],[-114.1122602,50.8966022]]}","MULTIPOINT ((-114.11238741671528 50.896565676813765),(-114.11226023460371 50.89660218156662))",,,,,
"{'type': 'Point', 'coordinates': [-114.0557361044772, 51.12668006010383]}",DP2022-05859,#5 176 BEDFORD DR NE,PRIME DESIGN SOLUTIONS,Change of Use - Discretionary Use or Relaxations Required,CHANGE OF USE: RESTAURANT - 8 STALLS  ,B7840,RESTAURANT,Permitted with a Relaxation,DC,DIRECT CONTROL DISTRICT                                 ,Released,2022-08-19T00:00:00.000,2022-09-28T00:00:00.000,2022-10-28T00:00:00.000,2024-09-28T00:00:00.000,Approval,Development Authority,BED,BEDDINGTON HEIGHTS,4,NE,51.127,-114.056,4,Titled Parcel;Building;Building Suite;Building Suite,176 BEDFORD DR NE;176 BEDFORD DR NE;#4 176 BEDFORD DR NE;#5 176 BEDFORD DR NE,"{""type"":""MultiPoint"",""coordinates"":[[-114.0557361,51.1266801],[-114.0557537,51.1269694],[-114.0557537,51.1269694],[-114.0557537,51.1269694]]}","MULTIPOINT ((-114.0557361044772 51.12668006010383),(-114.05575369583683 51.12696940019937),(-114.05575369583683 51.12696940019937),(-114.05575369583683 51.12696940019937))",,,,,
"{'type': 'Point', 'coordinates': [-114.09746059769023, 51.02756235770342]}",DP2022-05861,1603 29 AV SW,TAYLOR MADE PILATES,Home Occupation Class 2,TEMPORARY USE: HOME OCCUPATION - CLASS 2 (PILATES INSTRUCTION - 5 YEARS),C1730,HOME OCCUPATION - CLASS 2,Discretionary,R-C2,Residential - Contextual One/Two Dwelling,Released,2022-08-19T00:00:00.000,2022-09-26T00:00:00.000,2022-10-24T00:00:00.000,2023-09-26T00:00:00.000,Approval,Development Authority,SOC,SOUTH CALGARY,8,SW,51.028,-114.097,2,Titled Parcel;Building,1603 29 AV SW;1603 29 AV SW,"{""type"":""MultiPoint"",""coordinates"":[[-114.0974606,51.0275624],[-114.0974584,51.0274813]]}","MULTIPOINT ((-114.09746059769023 51.02756235770342),(-114.097458360607 51.02748126292272))",,,,,
"{'type': 'Point', 'coordinates': [-114.10176869355472, 51.01284676762203]}",DP2022-05862,4616 16A ST SW,JERRY HOMES,Residential - Contextual Dwelling,"NEW: CONTEXTUAL SINGLE DETACHED DWELLING, ACCESSORY RESIDENTIAL BUILDING (GARAGE)- NORTH LOT",C1020; C1370,ACCESSORY RESIDENTIAL BUILDING; CONTEXTUAL SINGLE DETACHED DWELLING,Permitted,R-C2,Residential - Contextual One/Two Dwelling,Released,2022-08-19T00:00:00.000,2023-05-15T00:00:00.000,2023-05-15T00:00:00.000,2025-05-15T00:00:00.000,Approval,Development Authority,ALT,ALTADORE,8,SW,51.013,-114.102,1,Titled Parcel,4616 16A ST SW,"{""type"":""Point"",""coordinates"":[-114.1017687,51.0128468]}",POINT (-114.10176869355472 51.01284676762203),,,,,
"{'type': 'Point', 'coordinates': [-114.14699808851212, 51.046087867249206]}",DP2022-05863,4136 7 AV SW,JOHN TRINH & ASSOCIATES,Residential - New Single / Semi / Duplex,"NEW: CONTEXTUAL SEMI-DETACHED DWELLING, SECONDARY SUITE (BASEMENT), ACCESSORY RESIDENTIAL BUILDING (GARAGE)",C1020; C2626; C2640,ACCESSORY RESIDENTIAL BUILDING; SECONDARY SUITE; SEMI-DETACHED DWELLING,Permitted,R-C2,Residential - Contextual One/Two Dwelling,Released,2022-08-19T00:00:00.000,2022-11-07T00:00:00.000,2024-06-24T00:00:00.000,2024-11-07T00:00:00.000,Approval,Development Authority,RCK,ROSSCARROCK,8,SW,51.046,-114.147,2,Titled Parcel;Building,4136 7 AV SW;4136 7 AV SW,"{""type"":""MultiPoint"",""coordinates"":[[-114.1469981,51.0460879],[-114.1469961,51.046158]]}","MULTIPOINT ((-114.14699808851212 51.046087867249206),(-114.14699611439002 51.04615803462975))",,,,,
"{'type': 'Point', 'coordinates': [-114.21985262573916, 51.14461894834403]}",DP2022-05864,23 ROYAL BIRCH ST NW,BEDDINGTON FLORIST,Home Occupation Class 2,TEMPORARY USE: HOME OCCUPATION - CLASS 2 (FLORIST - 5 YEARS),C1730,HOME OCCUPATION - CLASS 2,Discretionary,R-C1,Residential - Contextual One Dwelling,Released,2022-08-20T00:00:00.000,2022-09-09T00:00:00.000,2022-10-07T00:00:00.000,2024-09-09T00:00:00.000,Approval,Development Authority,ROY,ROYAL OAK,1,NW,51.145,-114.220,2,Titled Parcel;Building,23 ROYAL BIRCH ST NW;23 ROYAL BIRCH ST NW,"{""type"":""MultiPoint"",""coordinates"":[[-114.2198526,51.1446189],[-114.2200022,51.1445905]]}","MULTIPOINT ((-114.21985262573916 51.14461894834403),(-114.22000220745508 51.14459053865999))",,,,,
"{'type': 'Point', 'coordinates': [-114.06474662622082, 50.93796047361397]}",DP2022-05865,12731 BONAVENTURE DR SE,,Residential - Additions over 10 sq metres,ADDITION: SINGLE DETACHED DWELLING (MAIN FLOOR SUNROOM - REAR),C2730,SINGLE DETACHED DWELLING,Discretionary,R-C1,Residential - Contextual One Dwelling,Released,2022-08-20T00:00:00.000,2022-09-26T00:00:00.000,2022-10-21T00:00:00.000,2024-09-26T00:00:00.000,Approval,Development Authority,LKB,LAKE BONAVISTA,14,SE,50.938,-114.065,2,Titled Parcel;Building,12731 BONAVENTURE DR SE;12731 BONAVENTURE DR SE,"{""type"":""MultiPoint"",""coordinates"":[[-114.0647466,50.9379605],[-114.0649112,50.9379786]]}","MULTIPOINT ((-114.06474662622082 50.93796047361397),(-114.06491116920742 50.937978604800435))",,,,,
"{'type': 'Point', 'coordinates': [-113.94488103278353, 51.115730182653024]}",DP2022-05866,23 TARALEA PL NE,,Home Occupation Class 2,TEMPORARY USE: HOME OCCUPATION - CLASS 2 (OFFICE - 18 MONTHS),C1730,HOME OCCUPATION - CLASS 2,Discretionary,R-1,Residential - One Dwelling,Released,2022-08-20T00:00:00.000,2022-09-29T00:00:00.000,2022-10-31T00:00:00.000,2024-09-29T00:00:00.000,Approval,Development Authority,TAR,TARADALE,5,NE,51.116,-113.945,2,Titled Parcel;Building,23 TARALEA PL NE;23 TARALEA PL NE,"{""type"":""MultiPoint"",""coordinates"":[[-113.944881,51.1157302],[-113.9448757,51.1156121]]}","MULTIPOINT ((-113.94488103278353 51.115730182653024),(-113.94487568885671 51.115612065461534))",,,,,
"{'type': 'Point', 'coordinates': [-114.05041169620186, 51.17104894856096]}",DP2022-05867,13045 COVENTRY HILLS WY NE,,Residential - Secondary Suite,NEW: SECONDARY SUITE (BASEMENT),C2626,SECONDARY SUITE,Discretionary,R-1,Residential - One Dwelling,Released,2022-08-20T00:00:00.000,2022-09-23T00:00:00.000,2022-10-21T00:00:00.000,2024-09-23T00:00:00.000,Approval,Development Authority,COV,COVENTRY HILLS,3,NE,51.171,-114.050,2,Titled Parcel;Building,13045 COVENTRY HILLS WY NE;13045 COVENTRY HILLS WY NE,"{""type"":""MultiPoint"",""coordinates"":[[-114.0504117,51.1710489],[-114.0505308,51.1711433]]}","MULTIPOINT ((-114.05041169620186 51.17104894856096),(-114.050530800137 51.17114325137405))",,,,,
"{'type': 'Point', 'coordinates': [-114.13320892728254, 50.99876358855158]}",DP2022-05868,6051 LAKEVIEW DR SW,,Residential - Secondary Suite,"NEW: BACKYARD SUITE (ABOVE GARAGE), ACCESSORY RESIDENTIAL BUILDING (GARAGE)",C1020; C1175,ACCESSORY RESIDENTIAL BUILDING; BACKYARD SUITE,Discretionary,R-C1,Residential - Contextual One Dwelling,Released,2022-08-20T00:00:00.000,2022-12-07T00:00:00.000,2023-01-10T00:00:00.000,2024-12-07T00:00:00.000,Approval,Development Authority,LKV,LAKEVIEW,11,SW,50.999,-114.133,2,Titled Parcel;Building,6051 LAKEVIEW DR SW;6051 LAKEVIEW DR SW,"{""type"":""MultiPoint"",""coordinates"":[[-114.1332089,50.9987636],[-114.1334409,50.9987591]]}","MULTIPOINT ((-114.13320892728254 50.99876358855158),(-114.13344091917169 50.998759053665125))",,,,,
"{'type': 'Point', 'coordinates': [-114.16187519413701, 51.049783343852454]}",DP2022-05869,172 WESTVIEW DR SW,,Residential - Secondary Suite,NEW: SECONDARY SUITE (BASEMENT),C2626,SECONDARY SUITE,Discretionary,R-C1,Residential - Contextual One Dwelling,Released,2022-08-21T00:00:00.000,2022-09-26T00:00:00.000,2022-10-24T00:00:00.000,2024-09-26T00:00:00.000,Approval,Development Authority,WGT,WESTGATE,6,SW,51.050,-114.162,2,Titled Parcel;Building,172 WESTVIEW DR SW;172 WESTVIEW DR SW,"{""type"":""MultiPoint"",""coordinates"":[[-114.1618752,51.0497833],[-114.1618169,51.049863]]}","MULTIPOINT ((-114.16187519413701 51.049783343852454),(-114.16181692529624 51.04986296569054))",,,,,
"{'type': 'Point', 'coordinates': [-114.0000946065493, 51.05249426643182]}",DP2022-05870,2520 CENTRE AV NE,,Change of Use - Permitted Use,CHANGE OF USE: OFFICE,C2110,OFFICE,Permitted,I-C,Industrial - Commercial,Cancelled,2022-08-21T00:00:00.000,,,,,,MER,MERIDIAN,10,NE,51.052,-114.000,2,Titled Parcel;Building,2520 CENTRE AV NE;2520 CENTRE AV NE,"{""type"":""MultiPoint"",""coordinates"":[[-114.0000946,51.0524943],[-114.0001581,51.0528544]]}","MULTIPOINT ((-114.0000946065493 51.05249426643182),(-114.00015813522482 51.05285435861782))",2022-09-15T00:00:00.000,,,,
"{'type': 'Point', 'coordinates': [-114.08895580420958, 51.17951660511481]}",DP2022-05871,39 CARRINGSBY AV NW,,Residential - Secondary Suite,NEW: SECONDARY SUITE (SECONDARY SUITE),C2626,SECONDARY SUITE,Permitted with a Relaxation,R-2,Residential - One/Two Dwelling,Cancelled,2022-08-21T00:00:00.000,,,,,,CAR,CARRINGTON,3,NW,51.180,-114.089,2,Titled Parcel;Building,39 CARRINGSBY AV NW;39 CARRINGSBY AV NW,"{""type"":""MultiPoint"",""coordinates"":[[-114.0889558,51.1795166],[-114.0889603,51.1794502]]}","MULTIPOINT ((-114.08895580420958 51.17951660511481),(-114.08896032451892 51.17945015109421))",2022-10-17T00:00:00.000,,,,
"{'type': 'Point', 'coordinates': [-114.13672849136826, 51.033700245121764]}",DP2022-05872,2228 34 ST SW,KEN HOMES,Residential - New Single / Semi / Duplex,"NEW: SEMI-DETACHED DWELLING, ACCESSORY RESIDENTIAL BUILDING (GARAGE)",C1020; C2640,ACCESSORY RESIDENTIAL BUILDING; SEMI-DETACHED DWELLING,Discretionary,R-C2,Residential - Contextual One/Two Dwelling,Released,2022-08-21T00:00:00.000,2022-11-18T00:00:00.000,2022-12-19T00:00:00.000,2024-11-18T00:00:00.000,Approval,Development Authority,KIL,KILLARNEY/GLENGARRY,8,SW,51.034,-114.137,2,Titled Parcel;Building,2228 34 ST SW;2228 34 ST SW,"{""type"":""MultiPoint"",""coordinates"":[[-114.1367285,51.0337002],[-114.1365879,51.0336931]]}","MULTIPOINT ((-114.13672849136826 51.033700245121764),(-114.13658785109195 51.03369309191505))",,,,,
"{'type': 'Point', 'coordinates': [-114.11829839458952, 51.13546856560759]}",DP2022-05873,192 MACEWAN PARK RI NW,,Residential - Secondary Suite,NEW: SECONDARY SUITE (BASEMENT),C2626,SECONDARY SUITE,Discretionary,R-C1,Residential - Contextual One Dwelling,Released,2022-08-21T00:00:00.000,2022-09-23T00:00:00.000,2022-10-21T00:00:00.000,2024-09-23T00:00:00.000,Approval,Development Authority,MAC,MACEWAN,3,NW,51.135,-114.118,2,Titled Parcel;Building,192 MACEWAN PARK RI NW;192 MACEWAN PARK RI NW,"{""type"":""MultiPoint"",""coordinates"":[[-114.1182984,51.1354686],[-114.1181264,51.1354608]]}","MULTIPOINT ((-114.11829839458952 51.13546856560759),(-114.11812636896545 51.13546077469209))",,,,,
"{'type': 'Point', 'coordinates': [-113.980619945948, 51.091004174016426]}",DP2022-05874,3727 44 AV NE,,Residential - Secondary Suite,NEW: SECONDARY SUITE (BASEMENT) - AVPA,C2626,SECONDARY SUITE,Permitted,R-C2,Residential - Contextual One/Two Dwelling,Released,2022-08-21T00:00:00.000,2022-10-12T00:00:00.000,2022-10-12T00:00:00.000,2024-10-12T00:00:00.000,Approval,Development Authority,WHI,WHITEHORN,10,NE,51.091,-113.981,2,Titled Parcel;Building,3727 44 AV NE;3727 44 AV NE,"{""type"":""MultiPoint"",""coordinates"":[[-113.9806199,51.0910042],[-113.9806315,51.0909062]]}","MULTIPOINT ((-113.980619945948 51.091004174016426),(-113.98063153523593 51.09090617963504))",,,,,
"{'type': 'Point', 'coordinates': [-114.20332153198659, 51.12917552562057]}",DP2022-05875,600 CROWFOOT CR NW,,Signs - Permitted Use,NEW: SIGN - CLASS B (FASCIA SIGN),C2680,SIGN - CLASS B,Permitted,C-C2 f2.0h23,Commercial - Community 2,Released,2022-08-22T00:00:00.000,2022-08-30T00:00:00.000,2022-08-30T00:00:00.000,2024-08-30T00:00:00.000,Approval,Development Authority,ARB,ARBOUR LAKE,2,NW,51.129,-114.203,2,Titled Parcel;Building,600 CROWFOOT CR NW;600 CROWFOOT CR NW,"{""type"":""MultiPoint"",""coordinates"":[[-114.2033215,51.1291755],[-114.2041155,51.1295226]]}","MULTIPOINT ((-114.20332153198659 51.12917552562057),(-114.20411551314034 51.12952263399862))",,,,,
"{'type': 'Point', 'coordinates': [-113.91017824175935, 50.893048619396325]}",DP2022-05876,319 MASTERS RO SE,MASON AND MAUI GROOMING,Home Occupation Class 2,TEMPORARY USE: HOME OCCUPATION - CLASS 2 (PET/DOG GROOMING) 18 MONTHS,C1730,HOME OCCUPATION - CLASS 2,Discretionary,R-1N,Residential - Narrow Parcel One Dwelling,Released,2022-08-22T00:00:00.000,2022-09-18T00:00:00.000,2022-10-18T00:00:00.000,2024-09-18T00:00:00.000,Approval,Development Authority,MAH,MAHOGANY,12,SE,50.893,-113.910,2,Titled Parcel;Building,319 MASTERS RO SE;319 MASTERS RO SE,"{""type"":""MultiPoint"",""coordinates"":[[-113.9101782,50.8930486],[-113.9101868,50.8929492]]}","MULTIPOINT ((-113.91017824175935 50.893048619396325),(-113.91018679102471 50.89294916094411))",,,,,
"{'type': 'Point', 'coordinates': [-113.98206878552631, 50.87164967274692]}",DP2022-05877,4 CRANBROOK DR SE,ARC SURVEYS,Relaxation - Existing - Compliance Follow-Up,RELAXATION: ACCESSORY RESIDENTIAL BUILDING (EXISTING PERGOLA) - SEPARATION FROM MAIN RESIDENTIAL BUILDING,C1020,ACCESSORY RESIDENTIAL BUILDING,Permitted with a Relaxation,R-1,Residential - One Dwelling,Released,2022-08-22T00:00:00.000,2022-09-01T00:00:00.000,2022-10-04T00:00:00.000,2024-09-01T00:00:00.000,Approval,Development Authority,CRA,CRANSTON,12,SE,50.872,-113.982,2,Titled Parcel;Building,4 CRANBROOK DR SE;4 CRANBROOK DR SE,"{""type"":""MultiPoint"",""coordinates"":[[-113.9820688,50.8716497],[-113.9819695,50.8717741]]}","MULTIPOINT ((-113.98206878552631 50.87164967274692),(-113.98196946799438 50.87177408805099))",,,,,
"{'type': 'Point', 'coordinates': [-113.96236585565093, 51.08411867250299]}",DP2022-05878,168 WHITESTONE CR NE,,Home Occupation Class 2,TEMPORARY USE: HOME OCCUPATION - CLASS 2 (FOOD DISTRIBUTION),C1730,HOME OCCUPATION - CLASS 2,Discretionary,R-C1,Residential - Contextual One Dwelling,Cancelled,2022-08-22T00:00:00.000,,,,,,WHI,WHITEHORN,10,NE,51.084,-113.962,2,Titled Parcel;Building,168 WHITESTONE CR NE;168 WHITESTONE CR NE,"{""type"":""MultiPoint"",""coordinates"":[[-113.9623659,51.0841187],[-113.9622342,51.084115]]}","MULTIPOINT ((-113.96236585565093 51.08411867250299),(-113.96223417836852 51.08411503417355))",2022-10-19T00:00:00.000,,,,
"{'type': 'Point', 'coordinates': [-114.1901752847156, 51.10635502590773]}",DP2022-05880,7218 SILVER MEAD RD NW,,Relaxation - Existing - Compliance Follow-Up,RELAXATION: ACCESSORY RESIDENTIAL BUILDING (EXISTING GARAGE) - BUILDING SETBACK FROM REAR PROPERTY LINE,C1020,ACCESSORY RESIDENTIAL BUILDING,Permitted with a Relaxation,R-C2,Residential - Contextual One/Two Dwelling,Released,2022-08-22T00:00:00.000,2022-09-09T00:00:00.000,2022-10-11T00:00:00.000,2024-09-09T00:00:00.000,Approval,Development Authority,SIL,SILVER SPRINGS,1,NW,51.106,-114.190,2,Titled Parcel;Building,7218 SILVER MEAD RD NW;7218 SILVER MEAD RD NW,"{""type"":""MultiPoint"",""coordinates"":[[-114.1901753,51.106355],[-114.1901911,51.106468]]}","MULTIPOINT ((-114.1901752847156 51.10635502590773),(-114.19019105600492 51.106467982154136))",,,,,
"{'type': 'Point', 'coordinates': [-113.98284377976418, 51.07804671896207]}",DP2022-05879,3500 26 AV NE,,Signs - Discretionary Use,SIGN - CLASS E: DIGITAL MESSAGE SIGN,C2710,SIGN - CLASS E,Discretionary,S-CI,Special Purpose - Community Institution,Cancelled,2022-08-22T00:00:00.000,,,,,,SUN,SUNRIDGE,10,NE,51.078,-113.983,2,Titled Parcel;Building,3500 26 AV NE;3500 26 AV NE,"{""type"":""MultiPoint"",""coordinates"":[[-113.9828438,51.0780467],[-113.9838037,51.0790267]]}","MULTIPOINT ((-113.98284377976418 51.07804671896207),(-113.98380370990363 51.07902665918299))",2022-09-29T00:00:00.000,,,,
"{'type': 'Point', 'coordinates': [-113.93339320441078, 51.129612410994085]}",DP2022-05881,324 SADDLEMONT BV NE,ZOOM SURVEYS,Relaxation - Existing - Compliance Follow-Up,RELAXATION: ACCESSORY RESIDENTIAL BUILDING (EXISTING PERGOLA) - SEPARATION FROM MAIN RESIDENTIAL BUILDING,C1020,ACCESSORY RESIDENTIAL BUILDING,Permitted with a Relaxation,R-1s,Residential - One Dwelling,Released,2022-08-22T00:00:00.000,2022-09-01T00:00:00.000,2022-10-04T00:00:00.000,2024-09-01T00:00:00.000,Approval,Development Authority,SAD,SADDLE RIDGE,5,NE,51.130,-113.933,1,Titled Parcel,324 SADDLEMONT BV NE,"{""type"":""Point"",""coordinates"":[-113.9333932,51.1296124]}",POINT (-113.93339320441078 51.129612410994085),,,,,
"{'type': 'Point', 'coordinates': [-114.03776705920272, 51.08973622834845]}",DP2022-05882,4204 10 ST NE,A & E AUTOMOTIVE,Change of Use - Discretionary Use or Relaxations Required,CHANGE OF USE: VEHICLE SALES - MINOR,C2950,VEHICLE SALES - MINOR,Discretionary,I-G,Industrial - General,Released,2022-08-22T00:00:00.000,2022-09-02T00:00:00.000,2022-10-04T00:00:00.000,2023-09-02T00:00:00.000,Approval,Development Authority,MCI,MCCALL,10,NE,51.090,-114.038,2,Titled Parcel;Building,4204 10 ST NE;4204 10 ST NE,"{""type"":""MultiPoint"",""coordinates"":[[-114.0377671,51.0897362],[-114.037338,51.0895467]]}","MULTIPOINT ((-114.03776705920272 51.08973622834845),(-114.03733798753996 51.08954671121789))",,,,,
"{'type': 'Point', 'coordinates': [-114.19539386467152, 51.13422368778326]}",DP2022-05883,59 ARBOUR VISTA WY NW,PARLEE MCLAWS BARRISTERS & SOLICITORS,Relaxation - Existing - Compliance Follow-Up,RELAXATION: DECK (EXISTING) - PROJECTION INTO REAR SETBACK,C1455,DECK,Discretionary,R-C1,Residential - Contextual One Dwelling,Released,2022-08-22T00:00:00.000,2022-09-01T00:00:00.000,2022-10-04T00:00:00.000,2024-09-01T00:00:00.000,Approval,Development Authority,ARB,ARBOUR LAKE,2,NW,51.134,-114.195,2,Titled Parcel;Building,59 ARBOUR VISTA WY NW;59 ARBOUR VISTA WY NW,"{""type"":""MultiPoint"",""coordinates"":[[-114.1953939,51.1342237],[-114.1953597,51.1340945]]}","MULTIPOINT ((-114.19539386467152 51.13422368778326),(-114.19535971376227 51.134094510258386))",,,,,
"{'type': 'Point', 'coordinates': [-114.05708779910047, 51.16694841222776]}",DP2022-05885,108 COVEPARK GR NE,VISTA GEOMATICS,Relaxation - Existing - Residential - FastTrack - Comp Follow-Up,RELAXATION: DECK (EXISTING) - PROJECTION INTO REAR SETBACK,C1455,DECK,Permitted with a Relaxation,R-1N,Residential - Narrow Parcel One Dwelling,Released,2022-08-22T00:00:00.000,2022-08-26T00:00:00.000,2022-09-23T00:00:00.000,2024-08-26T00:00:00.000,Approval,Development Authority,COV,COVENTRY HILLS,3,NE,51.167,-114.057,2,Titled Parcel;Building,108 COVEPARK GR NE;108 COVEPARK GR NE,"{""type"":""MultiPoint"",""coordinates"":[[-114.0570878,51.1669484],[-114.0571907,51.1668912]]}","MULTIPOINT ((-114.05708779910047 51.16694841222776),(-114.05719069034487 51.16689124240459))",,,,,
"{'type': 'Point', 'coordinates': [-114.07445869600976, 50.93457628898894]}",DP2022-05884,832 CANTRELL PL SW,GENESIS GEOMATICS,Relaxation - Existing - Compliance Follow-Up,RELAXATION: DECK (EXISTING) - PROJECTION INTO REAR & SIDE SETBACK,C1455,DECK,Discretionary,R-C1,Residential - Contextual One Dwelling,Released,2022-08-22T00:00:00.000,2022-09-06T00:00:00.000,2022-10-11T00:00:00.000,2024-09-06T00:00:00.000,Approval,Development Authority,CAN,CANYON MEADOWS,13,SW,50.935,-114.074,2,Titled Parcel;Building,832 CANTRELL PL SW;832 CANTRELL PL SW,"{""type"":""MultiPoint"",""coordinates"":[[-114.0744587,50.9345763],[-114.07429,50.934597]]}","MULTIPOINT ((-114.07445869600976 50.93457628898894),(-114.07429004054185 50.934597037221295))",,,,,
"{'type': 'Point', 'coordinates': [-114.01572083565243, 50.91667680319785]}",DP2022-05886,19 DEERBOW PL SE,NEW MAPLE GEOMATICS,Relaxation - Existing - Compliance Follow-Up,RELAXATION: DECK (EXISTING) - PROJECTION INTO REAR SETBACK,C1455,DECK,Discretionary,R-C1,Residential - Contextual One Dwelling,Released,2022-08-22T00:00:00.000,2022-08-26T00:00:00.000,2022-09-26T00:00:00.000,2024-08-26T00:00:00.000,Approval,Development Authority,DRN,DEER RUN,14,SE,50.917,-114.016,2,Titled Parcel;Building,19 DEERBOW PL SE;19 DEERBOW PL SE,"{""type"":""MultiPoint"",""coordinates"":[[-114.0157208,50.9166768],[-114.0157697,50.9168812]]}","MULTIPOINT ((-114.01572083565243 50.91667680319785),(-114.01576972698336 50.91688120066928))",,,,,
"{'type': 'Point', 'coordinates': [-114.09577668436349, 50.89645334919202]}",DP2022-05887,210 BRIDLECREEK GR SW,JONES GEOMATICS,Relaxation - Existing - Residential - FastTrack - Comp Follow-Up,RELAXATION: DECK (EXISTING) - PROJECTION INTO REAR SETBACK,C1455,DECK,Permitted with a Relaxation,R-1,Residential - One Dwelling,Released,2022-08-22T00:00:00.000,2022-08-26T00:00:00.000,2022-09-23T00:00:00.000,2024-08-26T00:00:00.000,Approval,Development Authority,BRI,BRIDLEWOOD,13,SW,50.896,-114.096,2,Titled Parcel;Building,210 BRIDLECREEK GR SW;210 BRIDLECREEK GR SW,"{""type"":""MultiPoint"",""coordinates"":[[-114.0957767,50.8964533],[-114.0956955,50.8965337]]}","MULTIPOINT ((-114.09577668436349 50.89645334919202),(-114.09569552336873 50.89653372310272))",,,,,
"{'type': 'Point', 'coordinates': [-113.98531456069281, 50.94652736172929]}",DP2022-05888,#7000 11500 35 ST SE,KCP ENERGY,Change of Use - With Change to Site Plan,"CHANGES TO SITE PLAN: AUTO SERVICE - MAJOR, VEHICLE SALES - MAJOR (ADDITION OF SOLAR PV CANOPIES AND ROUGH-IN FOR FUTURE EV CHARGING STATIONS)",C1150; C2940,AUTO SERVICE - MAJOR; VEHICLE SALES - MAJOR,Discretionary,C-COR3 f1.62h23,Commercial - Corridor 3,Released,2022-08-22T00:00:00.000,2022-10-31T00:00:00.000,2022-12-05T00:00:00.000,2024-10-31T00:00:00.000,Approval,Development Authority,SHI,SHEPARD INDUSTRIAL,12,SE,50.947,-113.985,2,Titled Parcel;Building,#7000 11500 35 ST SE;#7000 11500 35 ST SE,"{""type"":""MultiPoint"",""coordinates"":[[-113.9853146,50.9465274],[-113.984082,50.9464637]]}","MULTIPOINT ((-113.98531456069281 50.94652736172929),(-113.98408198829001 50.94646369569415))",,,,,
"{'type': 'Point', 'coordinates': [-113.93095255211279, 51.04808894492281]}",DP2022-05889,147 APPLECREST CR SE,GLOBAL RAYMAC SURVEYING & ENGINEERING,Relaxation - Existing - Compliance Follow-Up,"RELAXATION: DECK (EXISTING) - PROJECTION INTO REAR SETBACK, HEIGHT",C1455,DECK,Discretionary,R-C2,Residential - Contextual One/Two Dwelling,Released,2022-08-22T00:00:00.000,2022-08-26T00:00:00.000,2022-09-26T00:00:00.000,2024-08-26T00:00:00.000,Approval,Development Authority,APP,APPLEWOOD PARK,9,SE,51.048,-113.931,2,Titled Parcel;Building,147 APPLECREST CR SE;147 APPLECREST CR SE,"{""type"":""MultiPoint"",""coordinates"":[[-113.9309526,51.0480889],[-113.930833,51.0481737]]}","MULTIPOINT ((-113.93095255211279 51.04808894492281),(-113.93083302725178 51.048173710327106))",,,,,
"{'type': 'Point', 'coordinates': [-114.00493353479753, 50.96359095748393]}",DP2022-05892,#150 28 QUARRY PARK BV SE,PRIORITY PERMITS,Signs - Permitted Use,NEW: SIGN - CLASS B (FASCIA SIGN),C2680,SIGN - CLASS B,Permitted,I-B f1.0h24,Industrial - Business,Released,2022-08-22T00:00:00.000,2022-08-30T00:00:00.000,2022-08-30T00:00:00.000,2025-08-30T00:00:00.000,Approval,Development Authority,DDG,DOUGLASDALE/GLEN,11,SE,50.964,-114.005,21,Titled Parcel;Building;Building Suite;Building Suite;Building Suite;Building Suite;Building Suite;Building Suite;Building Suite;Building Suite;Building Suite;Building Suite;Building Suite;Building Suite;Building Suite;Building Suite;Building Suite;Building Suite;Building Suite;Building Suite;Building Suite,50 QUARRY PARK BV SE;28 QUARRY PARK BV SE;#550 28 QUARRY PARK BV SE;#240 28 QUARRY PARK BV SE;#220 28 QUARRY PARK BV SE;#450 28 QUARRY PARK BV SE;#210 28 QUARRY PARK BV SE;#540 28 QUARRY PARK BV SE;#320 28 QUARRY PARK BV SE;#420 28 QUARRY PARK BV SE;#140 28 QUARRY PARK BV SE;#410 28 QUARRY PARK BV SE;#120 28 QUARRY PARK BV SE;#350 28 QUARRY PARK BV SE;#340 28 QUARRY PARK BV SE;#510 28 QUARRY PARK BV SE;#440 28 QUARRY PARK BV SE;#150 28 QUARRY PARK BV SE;#310 28 QUARRY PARK BV SE;#250 28 QUARRY PARK BV SE;#110 28 QUARRY PARK BV SE,"{""type"":""MultiPoint"",""coordinates"":[[-114.0049335,50.963591],[-114.0024638,50.9640037],[-114.0022633,50.9642616],[-114.0024638,50.9640037],[-114.0024638,50.9640037],[-114.0024638,50.9640037],[-114.0024638,50.9640037],[-114.00228,50.9640018],[-114.0024638,50.9640037],[-114.0024638,50.9640037],[-114.0022869,50.9638866],[-114.0024638,50.9640037],[-114.0026249,50.9638465],[-114.0024638,50.9640037],[-114.0024638,50.9640037],[-114.0026069,50.9640027],[-114.0024638,50.9640037],[-114.0024471,50.964252],[-114.0024638,50.9640037],[-114.0024638,50.9640037],[-114.0024471,50.964252]]}","MULTIPOINT ((-114.00493353479753 50.96359095748393),(-114.0024637925985 50.96400368816173),(-114.00226332098268 50.96426162921694),(-114.0024637925985 50.96400368816173),(-114.0024637925985 50.96400368816173),(-114.0024637925985 50.96400368816173),(-114.0024637925985 50.96400368816173),(-114.00227997859284 50.96400178604435),(-114.0024637925985 50.96400368816173),(-114.0024637925985 50.96400368816173),(-114.00228690582097 50.96388662582732),(-114.0024637925985 50.96400368816173),(-114.00262490563406 50.96384653294326),(-114.0024637925985 50.96400368816173),(-114.0024637925985 50.96400368816173),(-114.00260692026163 50.96400273213017),(-114.0024637925985 50.96400368816173),(-114.00244709270062 50.96425202434368),(-114.0024637925985 50.96400368816173),(-114.0024637925985 50.96400368816173),(-114.00244709270062 50.96425202434368))",,,,,
"{'type': 'Point', 'coordinates': [-114.06068082484036, 51.1444184183573]}",DP2022-05890,587 HARVEST HILLS DR NE,,Relaxation - Existing - Compliance Follow-Up,"RELAXATION: DECK (EXISTING) - PROJECTION INTO REAR SETBACK, HEIGHT",C1455,DECK,Discretionary,R-C1,Residential - Contextual One Dwelling,Released,2022-08-22T00:00:00.000,2022-08-26T00:00:00.000,2022-09-26T00:00:00.000,2024-08-26T00:00:00.000,Approval,Development Authority,HAR,HARVEST HILLS,3,NE,51.144,-114.061,2,Titled Parcel;Building,587 HARVEST HILLS DR NE;587 HARVEST HILLS DR NE,"{""type"":""MultiPoint"",""coordinates"":[[-114.0606808,51.1444184],[-114.0605072,51.1443919]]}","MULTIPOINT ((-114.06068082484036 51.1444184183573),(-114.06050722200234 51.14439186317498))",,,,,
"{'type': 'Point', 'coordinates': [-114.2155511593647, 51.15232117697858]}",DP2022-05893,#600 8888 COUNTRY HILLS BV NW,KNIGHT SIGNS ALBERTA,Signs - Permitted Use,NEW: SIGN - CLASS B (FASCIA SIGN),C2680,SIGN - CLASS B,Permitted,C-C2 f0.5h18,Commercial - Community 2,Released,2022-08-22T00:00:00.000,2022-09-09T00:00:00.000,2022-09-09T00:00:00.000,2024-09-09T00:00:00.000,Approval,Development Authority,RYV,ROYAL VISTA,1,NW,51.152,-114.216,2,Titled Parcel;Building,8888 COUNTRY HILLS BV NW;#600 8888 COUNTRY HILLS BV NW,"{""type"":""MultiPoint"",""coordinates"":[[-114.2155512,51.1523212],[-114.2157196,51.1538119]]}","MULTIPOINT ((-114.2155511593647 51.15232117697858),(-114.2157195723856 51.153811896081166))",,,,,
"{'type': 'Point', 'coordinates': [-114.19694065645818, 51.14592406527922]}",DP2022-05891,48 CITADEL FOREST CL NW,,Relaxation - Existing - Compliance Follow-Up,RELAXATION: DECK (EXISTING DECK) - PROJECTION INTO SIDE SETBACK,C1455,DECK,Permitted with a Relaxation,R-C1N,Residential - Contextual Narrow Parcel One Dwelling,Released,2022-08-22T00:00:00.000,2022-08-26T00:00:00.000,2022-09-23T00:00:00.000,2024-08-26T00:00:00.000,Approval,Development Authority,CIT,CITADEL,2,NW,51.146,-114.197,2,Titled Parcel;Building,48 CITADEL FOREST CL NW;48 CITADEL FOREST CL NW,"{""type"":""MultiPoint"",""coordinates"":[[-114.1969407,51.1459241],[-114.1968633,51.1459855]]}","MULTIPOINT ((-114.19694065645818 51.14592406527922),(-114.19686329894866 51.14598548650941))",,,,,
"{'type': 'Point', 'coordinates': [-114.06876465038765, 51.0118042218749]}",DP2022-05894,312 46 AV SW,,Relaxation - New - Residential,RELAXATION: RETAINING WALL - HEIGHT,C2535,RETAINING WALL,Permitted with a Relaxation,R-C1,Residential - Contextual One Dwelling,Released,2022-08-22T00:00:00.000,2022-11-07T00:00:00.000,2022-12-06T00:00:00.000,2024-11-07T00:00:00.000,Approval,Development Authority,EYA,ELBOYA,8,SW,51.012,-114.069,2,Titled Parcel;Building,312 46 AV SW;312 46 AV SW,"{""type"":""MultiPoint"",""coordinates"":[[-114.0687647,51.0118042],[-114.0687113,51.0119112]]}","MULTIPOINT ((-114.06876465038765 51.0118042218749),(-114.06871125500787 51.01191122273971))",,,,,
"{'type': 'Point', 'coordinates': [-114.13163662951807, 51.09541192791525]}",DP2022-05896,3208 BREEN RD NW,,Relaxation - Existing - Compliance Follow-Up,RELAXATION: DECK (EXISTING) - PROJECTION INTO SIDE & REAR SETBACK,C1455,DECK,Discretionary,R-C1,Residential - Contextual One Dwelling,Released,2022-08-22T00:00:00.000,2022-08-26T00:00:00.000,2022-09-23T00:00:00.000,2024-08-26T00:00:00.000,Approval,Development Authority,BRE,BRENTWOOD,4,NW,51.095,-114.132,2,Titled Parcel;Building,3208 BREEN RD NW;3208 BREEN RD NW,"{""type"":""MultiPoint"",""coordinates"":[[-114.1316366,51.0954119],[-114.1315306,51.0955257]]}","MULTIPOINT ((-114.13163662951807 51.09541192791525),(-114.13153056595263 51.09552571253191))",,,,,
"{'type': 'Point', 'coordinates': [-114.11844667885917, 51.07761880495767]}",DP2022-05897,35 CRESTON CR NW,JOHN TRINH & ASSOCIATES,Residential - Multi-Family,"NEW: DWELLING UNIT (1 BUILDING, 5 UNITS), SECONDARY SUITE (1 BUILDING, 5 UNITS), ACCESSORY RESIDENTIAL BUILDING (GARAGE)",C1020; C1540; C2626,ACCESSORY RESIDENTIAL BUILDING; DWELLING UNIT; SECONDARY SUITE,Permitted,H-GO,Housing - Grade Oriented District (H-GO),Released,2022-08-22T00:00:00.000,2023-05-10T00:00:00.000,2024-06-27T00:00:00.000,2025-05-10T00:00:00.000,Approval,Development Authority,BNF,BANFF TRAIL,7,NW,51.078,-114.118,1,Titled Parcel,35 CRESTON CR NW,"{""type"":""Point"",""coordinates"":[-114.1184467,51.0776188]}",POINT (-114.11844667885917 51.07761880495767),,,,,
"{'type': 'Point', 'coordinates': [-114.1285413174203, 51.15480803127107]}",DP2022-05898,179 KINCORA DR NW,GLOBAL RAYMAC SURVEYING & ENGINEERING,Relaxation - Existing - Compliance Follow-Up,RELAXATION: AIR CONDITIONING EQUIPMENT (EXISTING) - PROJECTION INTO SIDE SETBACK,C1045,AIR CONDITIONING EQUIPMENT,Permitted with a Relaxation,R-1N,Residential - Narrow Parcel One Dwelling,Released,2022-08-22T00:00:00.000,2022-08-31T00:00:00.000,2022-10-03T00:00:00.000,2024-08-31T00:00:00.000,Approval,Development Authority,KCA,KINCORA,2,NW,51.155,-114.129,2,Titled Parcel;Building,179 KINCORA DR NW;179 KINCORA DR NW,"{""type"":""MultiPoint"",""coordinates"":[[-114.1285413,51.154808],[-114.1285398,51.1549212]]}","MULTIPOINT ((-114.1285413174203 51.15480803127107),(-114.12853978786215 51.15492120261777))",,,,,
"{'type': 'Point', 'coordinates': [-114.26652567538126, 51.09200712187503]}",DP2022-05899,14 VALLEY CREST CL NW,THIRD ROCK GEOMATICS,Relaxation - Existing - Compliance Follow-Up,RELAXATION: ACCESSORY RESIDENTIAL BUILDING (EXISTING PERGOLA) - SEPARATION FROM MAIN RESIDENTIAL BUILDING,C1020,ACCESSORY RESIDENTIAL BUILDING,Permitted with a Relaxation,R-C1,Residential - Contextual One Dwelling,Released,2022-08-22T00:00:00.000,2022-08-31T00:00:00.000,2022-10-03T00:00:00.000,2024-08-31T00:00:00.000,Approval,Development Authority,VAL,VALLEY RIDGE,1,NW,51.092,-114.267,2,Titled Parcel;Building,14 VALLEY CREST CL NW;14 VALLEY CREST CL NW,"{""type"":""MultiPoint"",""coordinates"":[[-114.2665257,51.0920071],[-114.2663893,51.0919487]]}","MULTIPOINT ((-114.26652567538126 51.09200712187503),(-114.26638925459184 51.09194874813929))",,,,,
"{'type': 'Point', 'coordinates': [-114.20364461592726, 51.13973076599583]}",DP2022-05902,286 ARBOUR CREST DR NW,AXIOM GEOMATICS,Relaxation - Existing - Compliance Follow-Up,RELAXATION: DECK (EXISTING) - HEIGHT,C1455,DECK,Discretionary,R-C1,Residential - Contextual One Dwelling,Released,2022-08-22T00:00:00.000,2022-08-26T00:00:00.000,2022-09-26T00:00:00.000,2024-08-26T00:00:00.000,Approval,Development Authority,ARB,ARBOUR LAKE,2,NW,51.140,-114.204,2,Titled Parcel;Building,286 ARBOUR CREST DR NW;286 ARBOUR CREST DR NW,"{""type"":""MultiPoint"",""coordinates"":[[-114.2036446,51.1397308],[-114.2035265,51.1396517]]}","MULTIPOINT ((-114.20364461592726 51.13973076599583),(-114.20352654834412 51.13965174617365))",,,,,
"{'type': 'Point', 'coordinates': [-114.22053665775208, 51.019688535043045]}",DP2022-05903,2 DISCOVERY RIDGE HT SW,,Relaxation - Existing - Residential - FastTrack - Comp Follow-Up,RELAXATION: DECK (EXISTING) - PROJECTION INTO REAR SETBACK,C1455,DECK,Permitted with a Relaxation,R-1,Residential - One Dwelling,Released,2022-08-22T00:00:00.000,2022-08-26T00:00:00.000,2022-09-23T00:00:00.000,2024-08-26T00:00:00.000,Approval,Development Authority,DIS,DISCOVERY RIDGE,6,SW,51.020,-114.221,2,Titled Parcel;Building,2 DISCOVERY RIDGE HT SW;2 DISCOVERY RIDGE HT SW,"{""type"":""MultiPoint"",""coordinates"":[[-114.2205367,51.0196885],[-114.2203397,51.0196271]]}","MULTIPOINT ((-114.22053665775208 51.019688535043045),(-114.22033970399453 51.01962706584132))",,,,,
"{'type': 'Point', 'coordinates': [-114.10907090059412, 51.008848884324536]}",DP2022-05900,2048 50 AV SW,,Residential - Multi-Family,"NEW: ROWHOUSE BUILDING (1 BUILDING), SECONDARY SUITE (1 BUILDING, 5 UNITS), ACCESSORY RESIDENTIAL BUILDING (GARAGE)",C1020; C2626; C9999,ACCESSORY RESIDENTIAL BUILDING; SECONDARY SUITE; OTHER,Permitted,R-C2,Residential - Contextual One/Two Dwelling,Cancelled,2022-08-22T00:00:00.000,,,,,,ALT,ALTADORE,8,SW,51.009,-114.109,1,Titled Parcel,2048 50 AV SW,"{""type"":""Point"",""coordinates"":[-114.1090709,51.0088489]}",POINT (-114.10907090059412 51.008848884324536),2023-02-06T00:00:00.000,,,,
"{'type': 'Point', 'coordinates': [-114.08887008265344, 51.09534383921358]}",DP2022-05904,1216 NICOLA PL NW,W PANG SURVEYS,Relaxation - Existing - Compliance Follow-Up,"RELAXATION: EAVES (EXISTING) - PROJECTION INTO SIDE SETBACK, DECK (EXISTING) - HEIGHT",C1455,DECK,Discretionary,R-C1,Residential - Contextual One Dwelling,Released,2022-08-22T00:00:00.000,2022-08-31T00:00:00.000,2022-10-03T00:00:00.000,2024-08-31T00:00:00.000,Approval,Development Authority,NHV,NORTH HAVEN,4,NW,51.095,-114.089,2,Titled Parcel;Building,1216 NICOLA PL NW;1216 NICOLA PL NW,"{""type"":""MultiPoint"",""coordinates"":[[-114.0888701,51.0953438],[-114.0888085,51.0954313]]}","MULTIPOINT ((-114.08887008265344 51.09534383921358),(-114.088808519968 51.0954313193927))",,,,,
"{'type': 'Point', 'coordinates': [-114.11499932789818, 51.09400244744038]}",DP2022-05905,4527 CHAPEL RD NW,,Residential - Additions over 10 sq metres,ADDITION: SINGLE DETACHED DWELLING (MAIN FLOOR - FRONT AND REAR),C2730,SINGLE DETACHED DWELLING,Discretionary,R-C1,Residential - Contextual One Dwelling,Released,2022-08-22T00:00:00.000,2022-09-29T00:00:00.000,2022-10-28T00:00:00.000,2024-09-29T00:00:00.000,Approval,Development Authority,CHW,CHARLESWOOD,4,NW,51.094,-114.115,2,Titled Parcel;Building,4527 CHAPEL RD NW;4527 CHAPEL RD NW,"{""type"":""MultiPoint"",""coordinates"":[[-114.1149993,51.0940024],[-114.1150833,51.0939541]]}","MULTIPOINT ((-114.11499932789818 51.09400244744038),(-114.11508334923832 51.09395405433468))",,,,,
"{'type': 'Point', 'coordinates': [-114.0887147313589, 51.125479987286006]}",DP2022-05906,88 BERMONDSEY RI NW,W PANG SURVEYS,Relaxation - Existing - Compliance Follow-Up,RELAXATION: DECK (EXISTING) - PROJECTION INTO REAR SETBACK,C1455,DECK,Discretionary,R-C1,Residential - Contextual One Dwelling,Released,2022-08-22T00:00:00.000,2022-08-26T00:00:00.000,2022-09-23T00:00:00.000,2024-08-26T00:00:00.000,Approval,Development Authority,BED,BEDDINGTON HEIGHTS,4,NW,51.125,-114.089,2,Titled Parcel;Building,88 BERMONDSEY RI NW;88 BERMONDSEY RI NW,"{""type"":""MultiPoint"",""coordinates"":[[-114.0887147,51.12548],[-114.0888139,51.1253293]]}","MULTIPOINT ((-114.0887147313589 51.125479987286006),(-114.08881389781138 51.12532925513655))",,,,,
"{'type': 'Point', 'coordinates': [-114.11298989324202, 50.94051782528693]}",DP2022-05907,504 WOODHILL PL SW,W PANG SURVEYS,Relaxation - Existing - Compliance Follow-Up,RELAXATION: DECK (EXISTING) - PROJECTION INTO SIDE SETBACK,C1455,DECK,Discretionary,R-C1,Residential - Contextual One Dwelling,Released,2022-08-22T00:00:00.000,2022-08-26T00:00:00.000,2022-09-23T00:00:00.000,2024-08-26T00:00:00.000,Approval,Development Authority,WOO,WOODLANDS,13,SW,50.941,-114.113,2,Titled Parcel;Building,504 WOODHILL PL SW;504 WOODHILL PL SW,"{""type"":""MultiPoint"",""coordinates"":[[-114.1129899,50.9405178],[-114.1129989,50.9406475]]}","MULTIPOINT ((-114.11298989324202 50.94051782528693),(-114.11299894398125 50.94064749580577))",,,,,
"{'type': 'Point', 'coordinates': [-113.9937168834375, 51.02458289749027]}",DP2022-05908,131 VALLEYVIEW CO SE,,Residential - Secondary Suite,NEW: SECONDARY SUITE (BASEMENT),C2626,SECONDARY SUITE,Discretionary,R-C1N,Residential - Contextual Narrow Parcel One Dwelling,Released,2022-08-22T00:00:00.000,2022-09-26T00:00:00.000,2022-10-21T00:00:00.000,2024-09-26T00:00:00.000,Approval,Development Authority,DOV,DOVER,9,SE,51.025,-113.994,2,Titled Parcel;Building,131 VALLEYVIEW CO SE;131 VALLEYVIEW CO SE,"{""type"":""MultiPoint"",""coordinates"":[[-113.9937169,51.0245829],[-113.9935559,51.0245798]]}","MULTIPOINT ((-113.9937168834375 51.02458289749027),(-113.99355592269261 51.02457975129755))",,,,,
"{'type': 'Point', 'coordinates': [-114.18856262748616, 51.0602052580133]}",DP2022-05909,140 WESTPOINT GD SW,GLOBAL RAYMAC SURVEYING & ENGINEERING,Relaxation - Existing - Compliance Follow-Up,RELAXATION: ACCESSORY RESIDENTIAL BUILDING (EXISTING PERGOLA) - SEPARATION FROM MAIN RESIDENTIAL BUILDING,C1020,ACCESSORY RESIDENTIAL BUILDING,Permitted with a Relaxation,R-1,Residential - One Dwelling,Released,2022-08-22T00:00:00.000,2022-09-01T00:00:00.000,2022-10-03T00:00:00.000,2024-09-01T00:00:00.000,Approval,Development Authority,WSP,WEST SPRINGS,6,SW,51.060,-114.189,2,Titled Parcel;Building,140 WESTPOINT GD SW;140 WESTPOINT GD SW,"{""type"":""MultiPoint"",""coordinates"":[[-114.1885626,51.0602053],[-114.1887388,51.0602185]]}","MULTIPOINT ((-114.18856262748616 51.0602052580133),(-114.1887388161084 51.06021848521395))",,,,,
"{'type': 'Point', 'coordinates': [-114.08150228911138, 50.94720217324931]}",DP2022-05910,939 CANFORD CR SW,,Residential - Secondary Suite,NEW: SECONDARY SUITE (BASEMENT),C2626,SECONDARY SUITE,Discretionary,R-C1,Residential - Contextual One Dwelling,Released,2022-08-22T00:00:00.000,2022-09-18T00:00:00.000,2022-10-14T00:00:00.000,2024-09-18T00:00:00.000,Approval,Development Authority,CAN,CANYON MEADOWS,13,SW,50.947,-114.082,2,Titled Parcel;Building,939 CANFORD CR SW;939 CANFORD CR SW,"{""type"":""MultiPoint"",""coordinates"":[[-114.0815023,50.9472022],[-114.0813363,50.9472251]]}","MULTIPOINT ((-114.08150228911138 50.94720217324931),(-114.0813363129538 50.94722508730541))",,,,,
"{'type': 'Point', 'coordinates': [-114.18366702184153, 51.083235119533605]}",DP2022-05911,6511 34 AV NW,ARC SURVEYS,Relaxation - Existing - Compliance Follow-Up,RELAXATION: DECK (EXISTING) - PROJECTION INTO SIDE SETBACK,C1455,DECK,Discretionary,R-C2,Residential - Contextual One/Two Dwelling,Released,2022-08-22T00:00:00.000,2022-08-26T00:00:00.000,2022-09-26T00:00:00.000,2024-08-26T00:00:00.000,Approval,Development Authority,BOW,BOWNESS,1,NW,51.083,-114.184,2,Titled Parcel;Building,6511 34 AV NW;6511 34 AV NW,"{""type"":""MultiPoint"",""coordinates"":[[-114.183667,51.0832351],[-114.1836655,51.0831575]]}","MULTIPOINT ((-114.18366702184153 51.083235119533605),(-114.18366547279776 51.08315750504202))",,,,,
"{'type': 'Point', 'coordinates': [-114.18531104648328, 51.050928314096204]}",DP2022-05912,145 STRADDOCK TC SW,,Residential - Secondary Suite,NEW: SECONDARY SUITE (BASEMENT),C2626,SECONDARY SUITE,Discretionary,R-C1,Residential - Contextual One Dwelling,Released,2022-08-22T00:00:00.000,2022-10-06T00:00:00.000,2022-11-08T00:00:00.000,2024-10-06T00:00:00.000,Approval,Development Authority,STR,STRATHCONA PARK,6,SW,51.051,-114.185,2,Titled Parcel;Building,145 STRADDOCK TC SW;145 STRADDOCK TC SW,"{""type"":""MultiPoint"",""coordinates"":[[-114.185311,51.0509283],[-114.1850996,51.0508463]]}","MULTIPOINT ((-114.18531104648328 51.050928314096204),(-114.18509957668141 51.05084625826801))",,,,,
"{'type': 'Point', 'coordinates': [-114.0512097843794, 51.010344896316425]}",DP2022-05913,607 MANITOU RD SE,,Change of Use - Permitted Use,CHANGE OF USE: GENERAL INDUSTRIAL - LIGHT,C1685,GENERAL INDUSTRIAL - LIGHT,Permitted,I-G,Industrial - General,Cancelled,2022-08-22T00:00:00.000,,,,,,MNI,MANCHESTER INDUSTRIAL,9,SE,51.010,-114.051,3,Titled Parcel;Building;Entryway,601 MANITOU RD SE;601 MANITOU RD SE;607 MANITOU RD SE,"{""type"":""MultiPoint"",""coordinates"":[[-114.0512098,51.0103449],[-114.0511029,51.0098675],[-114.051103,51.0099146]]}","MULTIPOINT ((-114.0512097843794 51.010344896316425),(-114.05110292567645 51.00986750448266),(-114.05110297742105 51.009914592967924))",2022-08-31T00:00:00.000,,,,
"{'type': 'Point', 'coordinates': [-114.08209081753115, 51.042092611568236]}",DP2022-05915,914 12 AV SW,,Change of Use - Permitted Use,CHANGE OF USE: RETAIL AND CONSUMER SERVICE,C2515,RETAIL AND CONSUMER SERVICE,Permitted,CC-X,Centre City Mixed Use District,Cancelled,2022-08-22T00:00:00.000,,,,,,BLN,BELTLINE,8,SW,51.042,-114.082,3,Titled Parcel;Building;Entryway,906 12 AV SW;906 12 AV SW;914 12 AV SW,"{""type"":""MultiPoint"",""coordinates"":[[-114.0820908,51.0420926],[-114.0824149,51.0422517],[-114.0825921,51.0421802]]}","MULTIPOINT ((-114.08209081753115 51.042092611568236),(-114.08241492606494 51.04225171760766),(-114.0825921204388 51.04218024096858))",2022-08-31T00:00:00.000,,,,
"{'type': 'Point', 'coordinates': [-114.05388087866197, 51.04539027436092]}",DP2022-05916,#100 430 8 AV SE,STUDIO PRESBER ARCHITECTURE,Change of Use - Discretionary Use or Relaxations Required,CHANGE OF USE: CONFERENCE AND EVENT FACILITY,C9999,OTHER,Discretionary,DC,Direct Control (1P2007),Released,2022-08-22T00:00:00.000,2022-09-26T00:00:00.000,2022-10-21T00:00:00.000,2024-09-26T00:00:00.000,Approval,Development Authority,DNE,DOWNTOWN EAST VILLAGE,7,SE,51.045,-114.054,3,Titled Parcel;Building;Building Suite,430 8 AV SE;430 8 AV SE;#100 430 8 AV SE,"{""type"":""MultiPoint"",""coordinates"":[[-114.0538809,51.0453903],[-114.0538629,51.0455487],[-114.0538621,51.0455469]]}","MULTIPOINT ((-114.05388087866197 51.04539027436092),(-114.05386293684192 51.045548672731584),(-114.05386210768889 51.04554692910557))",,,,,
"{'type': 'Point', 'coordinates': [-114.08999109013598, 50.92497178493171]}",DP2022-05914,497 SHAWNEE BV SW,BROWN & ASSOCIATES PLANNING GROUP,Development Design Guidelines,"REVISION: SINGLE DETACHED DWELLING, SEMI-DETACHED DWELLING (TRACT DEVELOPMENT: 47 UNITS - PHASE 10)",C2640; C2730,SEMI-DETACHED DWELLING; SINGLE DETACHED DWELLING,Discretionary,DC,Direct Control (1P2007),Released,2022-08-22T00:00:00.000,2022-12-16T00:00:00.000,2023-03-10T00:00:00.000,2025-12-16T00:00:00.000,Approval,Development Authority,SHS,SHAWNEE SLOPES,13,SW,50.925,-114.090,1,Titled Parcel,497 SHAWNEE BV SW,"{""type"":""Point"",""coordinates"":[-114.0899911,50.9249718]}",POINT (-114.08999109013598 50.92497178493171),,,,,
"{'type': 'Point', 'coordinates': [-114.14402660369939, 51.0376457027447]}",DP2022-05917,3905 17 AV SW,ERIN BAUGH DESIGN,Change of Use - Permitted Use,CHANGE OF USE: OFFICE,C2110,OFFICE,Permitted,C-COR1 f5.0h26,Commercial - Corridor 1,Released,2022-08-22T00:00:00.000,2022-08-30T00:00:00.000,2022-08-30T00:00:00.000,2023-08-30T00:00:00.000,Approval,Development Authority,GDL,GLENDALE,6,SW,51.038,-114.144,3,Titled Parcel;Building;Entryway,3939 17 AV SW;3939 17 AV SW;3905 17 AV SW,"{""type"":""MultiPoint"",""coordinates"":[[-114.1440266,51.0376457],[-114.1442894,51.0370087],[-114.1433112,51.0368829]]}","MULTIPOINT ((-114.14402660369939 51.0376457027447),(-114.1442893765218 51.037008733488875),(-114.14331115662208 51.036882929895526))",,,,,
"{'type': 'Point', 'coordinates': [-113.94780209242347, 51.113985845590214]}",DP2022-05918,19 MARTINDALE BV NE,,Relaxation - New - Residential,RELAXATION: ACCESSORY RESIDENTIAL BUILDING (GARAGE) - PARCEL COVERAGE,C1020,ACCESSORY RESIDENTIAL BUILDING,Permitted with a Relaxation,R-C2,Residential - Contextual One/Two Dwelling,Released,2022-08-22T00:00:00.000,2022-09-26T00:00:00.000,2022-10-21T00:00:00.000,2024-09-26T00:00:00.000,Approval,Development Authority,MRT,MARTINDALE,5,NE,51.114,-113.948,2,Titled Parcel;Building,19 MARTINDALE BV NE;19 MARTINDALE BV NE,"{""type"":""MultiPoint"",""coordinates"":[[-113.9478021,51.1139858],[-113.9478016,51.1138977]]}","MULTIPOINT ((-113.94780209242347 51.113985845590214),(-113.94780162043078 51.11389772006801))",,,,,
"{'type': 'Point', 'coordinates': [-113.95676142247238, 51.17104282999356]}",DP2022-05919,110 RED SKY GR NE,,Residential - Secondary Suite,NEW: SECONDARY SUITE (BASEMENT),C2626,SECONDARY SUITE,Discretionary,R-1N,Residential - Narrow Parcel One Dwelling,Released,2022-08-22T00:00:00.000,2022-09-18T00:00:00.000,2022-10-18T00:00:00.000,2024-09-18T00:00:00.000,Approval,Development Authority,RSN,REDSTONE,5,NE,51.171,-113.957,2,Titled Parcel;Building,110 RED SKY GR NE;110 RED SKY GR NE,"{""type"":""MultiPoint"",""coordinates"":[[-113.9567614,51.1710428],[-113.9567894,51.1709183]]}","MULTIPOINT ((-113.95676142247238 51.17104282999356),(-113.95678939435919 51.17091831724236))",,,,,
"{'type': 'Point', 'coordinates': [-114.14035416677264, 51.161474724663435]}",DP2022-05920,119 KINCORA HL NW,,Residential - Secondary Suite,NEW: SECONDARY SUITE (BASEMENT),C2626,SECONDARY SUITE,Discretionary,R-1N,Residential - Narrow Parcel One Dwelling,Released,2022-08-22T00:00:00.000,2022-09-23T00:00:00.000,2022-10-21T00:00:00.000,2024-09-23T00:00:00.000,Approval,Development Authority,KCA,KINCORA,2,NW,51.161,-114.140,2,Titled Parcel;Building,119 KINCORA HL NW;119 KINCORA HL NW,"{""type"":""MultiPoint"",""coordinates"":[[-114.1403542,51.1614747],[-114.1403461,51.1613481]]}","MULTIPOINT ((-114.14035416677264 51.161474724663435),(-114.14034606249157 51.16134813443602))",,,,,
"{'type': 'Point', 'coordinates': [-114.04260542711818, 51.03687265570823]}",DP2022-05921,1814 ELIZABETH ST SE,SK2 DESIGN BUILD,Residential - Secondary Suite,"NEW: BACKYARD SUITE (ABOVE GARAGE), ACCESSORY RESIDENTIAL BUILDING (GARAGE)",C1175,BACKYARD SUITE,Discretionary,R-C2,Residential - Contextual One/Two Dwelling,Released,2022-08-22T00:00:00.000,2022-11-21T00:00:00.000,2022-12-16T00:00:00.000,2024-11-21T00:00:00.000,Approval,Development Authority,RAM,RAMSAY,9,SE,51.037,-114.043,1,Titled Parcel,1814 ELIZABETH ST SE,"{""type"":""Point"",""coordinates"":[-114.0426054,51.0368727]}",POINT (-114.04260542711818 51.03687265570823),,,,,
"{'type': 'Point', 'coordinates': [-114.08834424569538, 50.88055367509444]}",DP2022-05937,52 SILVERADO CREST PL SW,NEW MAPLE GEOMATICS,Relaxation - Existing - Compliance Follow-Up,RELAXATION: DECK (EXISTING) - PROJECTION INTO REAR SETBACK ,C1455,DECK,Permitted with a Relaxation,R-1,Residential - One Dwelling,Released,2022-08-23T00:00:00.000,2022-08-29T00:00:00.000,2022-09-23T00:00:00.000,2024-08-29T00:00:00.000,Approval,Development Authority,SVO,SILVERADO,13,SW,50.881,-114.088,2,Titled Parcel;Building,52 SILVERADO CREST PL SW;52 SILVERADO CREST PL SW,"{""type"":""MultiPoint"",""coordinates"":[[-114.0883442,50.8805537],[-114.0882119,50.8806267]]}","MULTIPOINT ((-114.08834424569538 50.88055367509444),(-114.08821194212116 50.880626710928254))",,,,,
"{'type': 'Point', 'coordinates': [-114.06365717169167, 50.99476865230882]}",DP2022-05936,#12 6624 CENTRE ST SE,,Signs - Permitted Use,NEW: SIGN - CLASS B (FASCIA SIGN),C2680,SIGN - CLASS B,Permitted,C-COR3 f1.0h10,Commercial - Corridor 3,Released,2022-08-23T00:00:00.000,2022-12-09T00:00:00.000,2022-12-09T00:00:00.000,2024-12-09T00:00:00.000,Approval,Development Authority,MNI,MANCHESTER INDUSTRIAL,9,SE,50.995,-114.064,3,Titled Parcel;Building;Building Suite,6624 CENTRE ST SE;6624 CENTRE ST SE;#12 6624 CENTRE ST SE,"{""type"":""MultiPoint"",""coordinates"":[[-114.0636572,50.9947687],[-114.0620319,50.9952095],[-114.0620951,50.995101]]}","MULTIPOINT ((-114.06365717169167 50.99476865230882),(-114.06203191364132 50.99520946989561),(-114.06209508985229 50.995100974268404))",,,,,
"{'type': 'Point', 'coordinates': [-114.12004819546831, 51.168966580966334]}",DP2022-05935,84 EVANSVIEW RD NW,DIVINE TOUCH SKIN CARE & MEDI SPA,Home Occupation Class 2,TEMPORARY USE: HOME OCCUPATION - CLASS 2 (ESTHETICS - 5 YEARS),C1730,HOME OCCUPATION - CLASS 2,Discretionary,R-1,Residential - One Dwelling,Released,2022-08-23T00:00:00.000,2022-09-26T00:00:00.000,2022-10-21T00:00:00.000,2024-09-26T00:00:00.000,Approval,Development Authority,EVN,EVANSTON,2,NW,51.169,-114.120,1,Titled Parcel,84 EVANSVIEW RD NW,"{""type"":""Point"",""coordinates"":[-114.1200482,51.1689666]}",POINT (-114.12004819546831 51.168966580966334),,,,,
"{'type': 'Point', 'coordinates': [-114.13759882010568, 51.05064331488702]}",DP2022-05938,3507 2 AV SW,RENOVA HOMES & RENOVATIONS,Residential - Additions over 10 sq metres,ADDITION: SINGLE DETACHED DWELLING (FRONT PORCH & SECOND FLOOR),C2730,SINGLE DETACHED DWELLING,Discretionary,R-C2,Residential - Contextual One/Two Dwelling,Released,2022-08-23T00:00:00.000,2022-09-29T00:00:00.000,2022-10-28T00:00:00.000,2024-09-29T00:00:00.000,Approval,Development Authority,SPR,SPRUCE CLIFF,6,SW,51.051,-114.138,2,Titled Parcel;Building,3507 2 AV SW;3507 2 AV SW,"{""type"":""MultiPoint"",""coordinates"":[[-114.1375988,51.0506433],[-114.1377457,51.0506429]]}","MULTIPOINT ((-114.13759882010568 51.05064331488702),(-114.13774565077554 51.05064289023003))",,,,,
"{'type': 'Point', 'coordinates': [-113.9560425716124, 51.047475253800826]}",DP2022-05939,964 PENMEADOWS RD SE,,Relaxation - New - Accessory Building,NEW: ACCESSORY RESIDENTIAL BUILDING (DETACHED GARAGE) - BUILDING HEIGHT; PARCEL COVERAGE,C1020,ACCESSORY RESIDENTIAL BUILDING,Permitted with a Relaxation,R-C1,Residential - Contextual One Dwelling,Released,2022-08-23T00:00:00.000,2023-04-17T00:00:00.000,2023-05-12T00:00:00.000,2025-04-17T00:00:00.000,Approval,Development Authority,PEN,PENBROOKE MEADOWS,9,SE,51.047,-113.956,2,Titled Parcel;Building,964 PENMEADOWS RD SE;964 PENMEADOWS RD SE,"{""type"":""MultiPoint"",""coordinates"":[[-113.9560426,51.0474753],[-113.9560062,51.0475465]]}","MULTIPOINT ((-113.9560425716124 51.047475253800826),(-113.95600623721067 51.04754649272476))",,,,,
"{'type': 'Point', 'coordinates': [-114.08590452490641, 50.956137394362585]}",DP2022-05941,2 SACKVILLE DR SW,,Relaxation - Existing - Residential,RELAXATION: ACCESSORY RESIDENTIAL BUILDING (SEACANS) - PROJECTION INTO SIDE SETBACK,C1455,DECK,Permitted with a Relaxation,R-C1,Residential - Contextual One Dwelling,Released,2022-08-23T00:00:00.000,2022-11-21T00:00:00.000,2022-12-16T00:00:00.000,2024-11-21T00:00:00.000,Approval,Development Authority,SOW,SOUTHWOOD,11,SW,50.956,-114.086,2,Titled Parcel;Building,2 SACKVILLE DR SW;2 SACKVILLE DR SW,"{""type"":""MultiPoint"",""coordinates"":[[-114.0859045,50.9561374],[-114.0857839,50.9561333]]}","MULTIPOINT ((-114.08590452490641 50.956137394362585),(-114.08578387421487 50.9561332847657))",,,,,
"{'type': 'Point', 'coordinates': [-114.19311608131488, 51.025829772056234]}",DP2022-05942,36 ELMONT DR SW,,"Excavating, Stripping and Grading","CHANGES TO SITE PLAN: EXCAVATION, STRIPPING AND GRADING",C1560,"EXCAVATION, STRIPPING AND GRADING",Discretionary,R-1s,Residential - One Dwelling,Cancelled,2022-08-23T00:00:00.000,,,,,,SPH,SPRINGBANK HILL,6,SW,51.026,-114.193,1,Titled Parcel,36 ELMONT DR SW,"{""type"":""Point"",""coordinates"":[-114.1931161,51.0258298]}",POINT (-114.19311608131488 51.025829772056234),2024-02-12T00:00:00.000,,,,
"{'type': 'Point', 'coordinates': [-113.93370674204277, 51.08185512678586]}",DP2022-05944,218 LAGUNA CI NE,NEW MAPLE GEOMATICS,Relaxation - Existing - Compliance Follow-Up,RELAXATION: EAVES (EXISTING) - PROJECTION INTO SIDE SETBACK,Z9999,EXISTING NON-CONFORMING,Discretionary,R-C2,Residential - Contextual One/Two Dwelling,Released,2022-08-23T00:00:00.000,2022-08-26T00:00:00.000,2022-09-23T00:00:00.000,2024-08-26T00:00:00.000,Approval,Development Authority,MOR,MONTEREY PARK,10,NE,51.082,-113.934,2,Titled Parcel;Building,218 LAGUNA CI NE;218 LAGUNA CI NE,"{""type"":""MultiPoint"",""coordinates"":[[-113.9337067,51.0818551],[-113.9337185,51.0819506]]}","MULTIPOINT ((-113.93370674204277 51.08185512678586),(-113.93371850854292 51.08195056786636))",,,,,
"{'type': 'Point', 'coordinates': [-114.08961374394933, 51.068247168442255]}",DP2022-05948,1816 12 ST NW,GOALDEX,Residential - Multi-Family,"NEW: ROWHOUSE BUILDING (1 BUILDING), SECONDARY SUITE (4 SUITES), ACCESSORY RESIDENTIAL BUILDING (GARAGE)",C1020; C2540; C2626,ACCESSORY RESIDENTIAL BUILDING; ROWHOUSE BUILDING; SECONDARY SUITE,Discretionary,R-CG,Residential - Grade-Oriented Infill,Released,2022-08-23T00:00:00.000,2023-06-05T00:00:00.000,2023-09-27T00:00:00.000,2025-06-05T00:00:00.000,Approval,Development Authority,CAP,CAPITOL HILL,7,NW,51.068,-114.090,1,Titled Parcel,1816 12 ST NW,"{""type"":""Point"",""coordinates"":[-114.0896137,51.0682472]}",POINT (-114.08961374394933 51.068247168442255),,,,,
"{'type': 'Point', 'coordinates': [-113.96520964655845, 51.08745984496067]}",DP2022-05949,311 WHITEHORN PL NE,GLOBAL RAYMAC SURVEYING & ENGINEERING,Relaxation - Existing - Compliance Follow-Up,"RELAXATION: SINGLE DETACHED DWELLING (EXISTING) - BUILDING SETBACK FROM REAR PROPERTY LINE, DECK (EXISTING) - PROJECTION INTO REAR SETBACK",C1455,DECK,Discretionary,R-C1,Residential - Contextual One Dwelling,Released,2022-08-23T00:00:00.000,2022-09-02T00:00:00.000,2022-10-03T00:00:00.000,2024-09-02T00:00:00.000,Approval,Development Authority,WHI,WHITEHORN,10,NE,51.087,-113.965,2,Titled Parcel;Building,311 WHITEHORN PL NE;311 WHITEHORN PL NE,"{""type"":""MultiPoint"",""coordinates"":[[-113.9652096,51.0874598],[-113.9653215,51.0874047]]}","MULTIPOINT ((-113.96520964655845 51.08745984496067),(-113.96532146562724 51.08740469960231))",,,,,
"{'type': 'Point', 'coordinates': [-114.07670017003736, 50.95469737568074]}",DP2022-05950,529 SABRINA RD SW,GLOBAL RAYMAC SURVEYING & ENGINEERING,Relaxation - Existing - Compliance Follow-Up,RELAXATION: EAVES (EXISTING) - PROJECTION INTO SIDE SETBACK,C2730,SINGLE DETACHED DWELLING,Discretionary,M-CG d44,Multi-Residential - Contextual Grade-Oriented  ,Released,2022-08-23T00:00:00.000,2022-09-02T00:00:00.000,2022-10-04T00:00:00.000,2024-09-02T00:00:00.000,Approval,Development Authority,SOW,SOUTHWOOD,11,SW,50.955,-114.077,2,Titled Parcel;Building,533 SABRINA RD SW;529 SABRINA RD SW,"{""type"":""MultiPoint"",""coordinates"":[[-114.0767002,50.9546974],[-114.076865,50.9546805]]}","MULTIPOINT ((-114.07670017003736 50.95469737568074),(-114.07686501793415 50.954680501197046))",,,,,
"{'type': 'Point', 'coordinates': [-113.95057744178017, 50.866327493863324]}",DP2022-05940,#250 3775 202 AV SE,,Change of Use - Permitted Use,REVISION: INSTRUCTIONAL FACILITY (CHANGE OF USE TO DP2021-1751),C1835,INSTRUCTIONAL FACILITY,Discretionary,C-C1,Commercial - Community 1,Released,2022-08-23T00:00:00.000,2022-08-31T00:00:00.000,2022-10-04T00:00:00.000,2024-08-31T00:00:00.000,Approval,Development Authority,SET,SETON,12,SE,50.866,-113.951,3,Titled Parcel;Building;Building Suite,3775 202 AV SE;#200 3775 202 AV SE;#250 3775 202 AV SE,"{""type"":""MultiPoint"",""coordinates"":[[-113.9505774,50.8663275],[-113.9508678,50.8655846],[-113.9508712,50.8655464]]}","MULTIPOINT ((-113.95057744178017 50.866327493863324),(-113.95086775781195 50.86558456509425),(-113.9508712499537 50.865546403967286))",,,,,
"{'type': 'Point', 'coordinates': [-114.14182616154393, 51.10094038231454]}",DP2022-05954,#2000 5235 NORTHLAND DR NW,DIALOG,Change of Use - With Change to Site Plan,"CHANGES TO SITE PLAN: RETAIL AND CONSUMER SERVICE (REFURBISH BUILDING FACADE, NEW BUILDING FACADES, PARKING & LANDSCAPE); CHANGE OF USE: FITNESS CENTRE, HEALTH CARE SERVICE, RETAIL AND CONSUMER SERVICE",C1600; C1695; C2515,FITNESS CENTRE; HEALTH CARE SERVICE; RETAIL AND CONSUMER SERVICE,Discretionary,DC,Direct Control (1P2007),Released,2022-08-23T00:00:00.000,2023-04-18T00:00:00.000,2023-05-23T00:00:00.000,2026-04-18T00:00:00.000,Approval,Development Authority,BRE,BRENTWOOD,4,NW,51.101,-114.142,2,Titled Parcel;Building,5235 NORTHLAND DR NW;#2000 5235 NORTHLAND DR NW,"{""type"":""MultiPoint"",""coordinates"":[[-114.1418262,51.1009404],[-114.143399,51.0999748]]}","MULTIPOINT ((-114.14182616154393 51.10094038231454),(-114.14339900008548 51.09997480019324))",,,,,
"{'type': 'Point', 'coordinates': [-114.04696057870214, 51.16114432750935]}",DP2022-05957,307 COVERDALE CO NE,AAA DESIGN,Change of Use - Discretionary Use or Relaxations Required,"CHANGES TO SITE PLAN: ASSISTED LIVING (NEW LANDING); CHANGE OF USE: ASSISTED LIVING; EXTERIOR RENOVATIONS: ASSISTED LIVING (REFURBISH BUILDING FACADE, NEW DOORS, NEW WINDOWS)",C1110,ASSISTED LIVING,Discretionary,R-1N,Residential - Narrow Parcel One Dwelling,Released,2022-08-23T00:00:00.000,2023-03-10T00:00:00.000,2023-04-10T00:00:00.000,2025-03-10T00:00:00.000,Approval,Development Authority,COV,COVENTRY HILLS,3,NE,51.161,-114.047,2,Titled Parcel;Building,307 COVERDALE CO NE;307 COVERDALE CO NE,"{""type"":""MultiPoint"",""coordinates"":[[-114.0469606,51.1611443],[-114.0469567,51.1610768]]}","MULTIPOINT ((-114.04696057870214 51.16114432750935),(-114.04695670724439 51.161076763577455))",,,,,
"{'type': 'Point', 'coordinates': [-114.09777869668507, 51.02779503470331]}",DP2022-05958,1610 29 AV SW,,Relaxation - Existing - Compliance Follow-Up,RELAXATION: ACCESSORY RESIDENTIAL BUILDING (EXISTING GARAGE) - BUILDING SETBACK FROM SIDE PROPERTY LINE,C1020,ACCESSORY RESIDENTIAL BUILDING,Permitted with a Relaxation,M-CG d72,Multi-Residential - Contextual Grade-Oriented  ,Released,2022-08-23T00:00:00.000,2022-09-09T00:00:00.000,2022-10-11T00:00:00.000,2024-09-09T00:00:00.000,Approval,Development Authority,SOC,SOUTH CALGARY,8,SW,51.028,-114.098,2,Titled Parcel;Building,1610 29 AV SW;1610 29 AV SW,"{""type"":""MultiPoint"",""coordinates"":[[-114.0977787,51.027795],[-114.0977833,51.027884]]}","MULTIPOINT ((-114.09777869668507 51.02779503470331),(-114.09778326034919 51.027884029527634))",,,,,
"{'type': 'Point', 'coordinates': [-114.0921610550949, 51.18280429024556]}",DP2022-05956,#150 159 CARRINGTON PZ NW,,Change of Use - Permitted Use,CHANGE OF USE: RETAIL AND CONSUMER SERVICE,C2515,RETAIL AND CONSUMER SERVICE,Permitted,C-C2 f1.0h10,Commercial - Community 2,Released,2022-08-23T00:00:00.000,2022-09-02T00:00:00.000,2022-09-06T00:00:00.000,2023-09-02T00:00:00.000,Approval,Development Authority,CAR,CARRINGTON,3,NW,51.183,-114.092,3,Titled Parcel;Building;Building Suite,105 CARRINGTON PZ NW;159 CARRINGTON PZ NW;#150 159 CARRINGTON PZ NW,"{""type"":""MultiPoint"",""coordinates"":[[-114.0921611,51.1828043],[-114.0915101,51.1832088],[-114.0915455,51.1832378]]}","MULTIPOINT ((-114.0921610550949 51.18280429024556),(-114.09151007389194 51.18320880828412),(-114.09154548918683 51.18323783471306))",,,,,
"{'type': 'Point', 'coordinates': [-114.04436843077802, 50.94062982526347]}",DP2022-05955,720 LAKE TWINTREE CR SE,ARC SURVEYS,Relaxation - Existing - Compliance Follow-Up,RELAXATION: EAVES (EXISTING) - PROJECTION INTO SIDE AND REAR SETBACK,C2730,SINGLE DETACHED DWELLING,Discretionary,R-C1,Residential - Contextual One Dwelling,Released,2022-08-23T00:00:00.000,2022-08-26T00:00:00.000,2022-09-23T00:00:00.000,2024-08-26T00:00:00.000,Approval,Development Authority,LKB,LAKE BONAVISTA,14,SE,50.941,-114.044,2,Titled Parcel;Building,720 LAKE TWINTREE CR SE;720 LAKE TWINTREE CR SE,"{""type"":""MultiPoint"",""coordinates"":[[-114.0443684,50.9406298],[-114.0442899,50.940741]]}","MULTIPOINT ((-114.04436843077802 50.94062982526347),(-114.04428986559627 50.940741015131216))",,,,,
"{'type': 'Point', 'coordinates': [-113.97385614705586, 51.15268224399278]}",DP2022-05960,#1020 4231 109 AV NE,,Renovations - Non-Residential,REVISION: OFFICE (MEZZANINE - 2ND FLOOR); CHANGE OF USE: OFFICE,C1685,GENERAL INDUSTRIAL - LIGHT,Permitted,I-G,Industrial - General,Cancelled,2022-08-23T00:00:00.000,,,,,,ST3,STONEY 3,5,NE,51.153,-113.974,3,Titled Parcel;Building;Building Suite,4231 109 AV NE;#1000 4231 109 AV NE;#1020 4231 109 AV NE,"{""type"":""MultiPoint"",""coordinates"":[[-113.9738561,51.1526822],[-113.9733288,51.1524854],[-113.973465,51.1523703]]}","MULTIPOINT ((-113.97385614705586 51.15268224399278),(-113.97332877367825 51.15248541524338),(-113.97346498825631 51.152370325830375))",2022-12-21T00:00:00.000,,,,
"{'type': 'Point', 'coordinates': [-114.06398940878948, 50.98925318288482]}",DP2022-05961,7207 FAIRMOUNT DR SE,TI STUDIOS,Renovations - Non-Residential,EXTERIOR RENOVATIONS: MULTI-USE COMMERCIAL (REFURBISH BUILDING FACADE),C9999,OTHER,Discretionary,C-COR3 f1.0h12,Commercial - Corridor 3,Released,2022-08-23T00:00:00.000,2022-09-02T00:00:00.000,2022-10-04T00:00:00.000,2024-09-02T00:00:00.000,Approval,Development Authority,FVI,FAIRVIEW INDUSTRIAL,11,SE,50.989,-114.064,2,Titled Parcel;Building,7207 FAIRMOUNT DR SE;7207 FAIRMOUNT DR SE,"{""type"":""MultiPoint"",""coordinates"":[[-114.0639894,50.9892532],[-114.0643942,50.9891815]]}","MULTIPOINT ((-114.06398940878948 50.98925318288482),(-114.06439417026384 50.98918146445135))",,,,,
"{'type': 'Point', 'coordinates': [-114.05482403161157, 51.0598491019263]}",DP2022-05962,#2A 354 8 AV NE,,Signs - Permitted Use,NEW: SIGN - CLASS B (FASCIA SIGN),C2680,SIGN - CLASS B,Permitted,C-COR2 f1.0h10,Commercial - Corridor 2,Cancelled,2022-08-23T00:00:00.000,,,,,,CRE,CRESCENT HEIGHTS,7,NE,51.060,-114.055,4,Titled Parcel;Building;Building Suite;Building Suite,352 8 AV NE;354 8 AV NE;#2 354 8 AV NE;#2A 354 8 AV NE,"{""type"":""MultiPoint"",""coordinates"":[[-114.054824,51.0598491],[-114.0548106,51.0599383],[-114.0548113,51.0599388],[-114.0548106,51.0599383]]}","MULTIPOINT ((-114.05482403161157 51.0598491019263),(-114.05481055644867 51.059938349101174),(-114.05481131307167 51.05993882520103),(-114.05481055644867 51.059938349101174))",2023-04-17T00:00:00.000,,,,
"{'type': 'Point', 'coordinates': [-114.0652831996823, 51.04349488247049]}",DP2022-05922,140 10 AV SW,,Signs - Permitted Use,NEW: SIGN - CLASS B (FASCIA SIGN),C2680,SIGN - CLASS B,Permitted,CC-X,Centre City Mixed Use District,Released,2022-08-23T00:00:00.000,2022-09-01T00:00:00.000,2022-09-01T00:00:00.000,2025-09-01T00:00:00.000,Approval,Development Authority,BLN,BELTLINE,8,SW,51.043,-114.065,2,Titled Parcel;Building,140 10 AV SW;140 10 AV SW,"{""type"":""MultiPoint"",""coordinates"":[[-114.0652832,51.0434949],[-114.0651119,51.0436294]]}","MULTIPOINT ((-114.0652831996823 51.04349488247049),(-114.06511188028881 51.04362943751901))",,,,,
"{'type': 'Point', 'coordinates': [-114.08230599490662, 51.045277604819226]}",DP2022-05924,916 9 AV SW,,Signs - Permitted Use,NEW: SIGN - CLASS B (FASCIA SIGN),C2680,SIGN - CLASS B,Permitted,CR20-C20/R20,Commercial Residential District,Released,2022-08-23T00:00:00.000,2022-09-01T00:00:00.000,2022-09-01T00:00:00.000,2025-09-01T00:00:00.000,Approval,Development Authority,DNC,DOWNTOWN COMMERCIAL CORE,7,SW,51.045,-114.082,3,Titled Parcel;Building;Entryway,920 9 AV SW;920 9 AV SW;916 9 AV SW,"{""type"":""MultiPoint"",""coordinates"":[[-114.082306,51.0452776],[-114.082042,51.0454119],[-114.082042,51.0454119]]}","MULTIPOINT ((-114.08230599490662 51.045277604819226),(-114.08204196528953 51.04541189930118),(-114.08204196528953 51.04541189930118))",,,,,
"{'type': 'Point', 'coordinates': [-114.08353395176508, 51.045374074489544]}",DP2022-05925,840 9 ST SW,,Signs - Permitted Use,NEW: SIGN - CLASS B (FASCIA SIGN),C2680,SIGN - CLASS B,Permitted,CR20-C20/R20,Commercial Residential District,Released,2022-08-23T00:00:00.000,2022-09-01T00:00:00.000,2022-09-01T00:00:00.000,2025-09-01T00:00:00.000,Approval,Development Authority,DNC,DOWNTOWN COMMERCIAL CORE,7,SW,51.045,-114.084,2,Titled Parcel;Building,840 9 ST SW;840 9 ST SW,"{""type"":""MultiPoint"",""coordinates"":[[-114.083534,51.0453741],[-114.0833846,51.0454496]]}","MULTIPOINT ((-114.08353395176508 51.045374074489544),(-114.08338464814352 51.045449595979775))",,,,,
"{'type': 'Point', 'coordinates': [-114.14983614634666, 51.04905212556423]}",DP2022-05926,66 WINDERMERE RD SW,GARAGE SUITES,Residential - Secondary Suite,"NEW: ACCESSORY RESIDENTIAL BUILDING (GARAGE), BACKYARD SUITE (ABOVE GARAGE)",C1020; C1175,ACCESSORY RESIDENTIAL BUILDING; BACKYARD SUITE,Discretionary,R-C1,Residential - Contextual One Dwelling,Released,2022-08-23T00:00:00.000,2023-03-13T00:00:00.000,2023-04-11T00:00:00.000,2025-03-13T00:00:00.000,Approval,Development Authority,WLD,WILDWOOD,6,SW,51.049,-114.150,2,Titled Parcel;Building,66 WINDERMERE RD SW;66 WINDERMERE RD SW,"{""type"":""MultiPoint"",""coordinates"":[[-114.1498361,51.0490521],[-114.1497737,51.0491257]]}","MULTIPOINT ((-114.14983614634666 51.04905212556423),(-114.14977370217883 51.04912566070284))",,,,,
"{'type': 'Point', 'coordinates': [-114.10649064280548, 51.023306813579595]}",DP2022-05923,1934 34 AV SW,,Renovations - Non-Residential,"REVISION: RETAIL AND CONSUMER SERVICE (ADDING LIFTS, CHANGES TO DP2021-8610)",C2515,RETAIL AND CONSUMER SERVICE,Permitted,MU-1 f3.0h16,Mixed Use - General,Released,2022-08-23T00:00:00.000,2022-09-26T00:00:00.000,2022-09-27T00:00:00.000,2024-09-26T00:00:00.000,Approval,Development Authority,SOC,SOUTH CALGARY,8,SW,51.023,-114.106,2,Titled Parcel;Building,1934 34 AV SW;1934 34 AV SW,"{""type"":""MultiPoint"",""coordinates"":[[-114.1064906,51.0233068],[-114.106502,51.0233797]]}","MULTIPOINT ((-114.10649064280548 51.023306813579595),(-114.1065019992855 51.02337971924952))",,,,,
"{'type': 'Point', 'coordinates': [-114.10389768336796, 51.04458843194598]}",DP2022-05928,1902 10 AV SW,,Signs - Discretionary Use,TEMPORARY USE: SIGN - CLASS F (THIRD PARTY ADVERTISING SIGN) - 5 YEARS,C2720,SIGN - CLASS F,Discretionary,DC,Direct Control (1P2007),Released,2022-08-23T00:00:00.000,2022-09-09T00:00:00.000,2022-10-07T00:00:00.000,2025-09-09T00:00:00.000,Approval,Development Authority,SNA,SUNALTA,8,SW,51.045,-114.104,1,Titled Parcel,1902 10 AV SW,"{""type"":""Point"",""coordinates"":[-114.1038977,51.0445884]}",POINT (-114.10389768336796 51.04458843194598),,,,,
"{'type': 'Point', 'coordinates': [-114.00343193858842, 51.05946143450084]}",DP2022-05929,234 MAUNSELL CL NE,GLOBAL RAYMAC SURVEYING & ENGINEERING,Relaxation - Existing - Compliance Follow-Up,RELAXATION: SEMI-DETACHED DWELLING (EXISTING) - BUILDING SETBACK FROM SIDE PROPERTY LINE,C2640,SEMI-DETACHED DWELLING,Discretionary,R-C2,Residential - Contextual One/Two Dwelling,Released,2022-08-23T00:00:00.000,2022-09-02T00:00:00.000,2022-10-04T00:00:00.000,2024-09-02T00:00:00.000,Approval,Development Authority,MAL,MAYLAND HEIGHTS,10,NE,51.059,-114.003,2,Titled Parcel;Building,234 MAUNSELL CL NE;234 MAUNSELL CL NE,"{""type"":""MultiPoint"",""coordinates"":[[-114.0034319,51.0594614],[-114.0032786,51.0594588]]}","MULTIPOINT ((-114.00343193858842 51.05946143450084),(-114.00327855950029 51.059458840877134))",,,,,
"{'type': 'Point', 'coordinates': [-113.98535922096285, 50.944971802365465]}",DP2022-05930,3637 DOUGLAS WOODS HT SE,W PANG SURVEYS,Relaxation - Existing - Compliance Follow-Up,RELAXATION: DECK (EXISTING) - PROJECTION INTO SIDE SETBACK,C1455,DECK,Discretionary,R-C1,Residential - Contextual One Dwelling,Released,2022-08-23T00:00:00.000,2022-09-02T00:00:00.000,2022-10-03T00:00:00.000,2024-09-02T00:00:00.000,Approval,Development Authority,DDG,DOUGLASDALE/GLEN,11,SE,50.945,-113.985,2,Titled Parcel;Building,3637 DOUGLAS WOODS HT SE;3637 DOUGLAS WOODS HT SE,"{""type"":""MultiPoint"",""coordinates"":[[-113.9853592,50.9449718],[-113.9854366,50.944885]]}","MULTIPOINT ((-113.98535922096285 50.944971802365465),(-113.98543656014495 50.94488496073143))",,,,,
"{'type': 'Point', 'coordinates': [-114.04859525242556, 51.053384458358074]}",DP2022-05927,658 1 AV NE,ROBERT PASHUK ARCHITECTURE,Change of Use - With Change to Site Plan,CHANGES TO SITE PLAN: PLACE OF WORSHIP - SMALL (FENCE HEIGHT),C2280,PLACE OF WORSHIP - SMALL,Discretionary,MU-2 f3.0h16,Mixed Use - Active Frontage,Released,2022-08-23T00:00:00.000,2022-09-27T00:00:00.000,2022-11-01T00:00:00.000,2024-09-27T00:00:00.000,Approval,Development Authority,BRD,BRIDGELAND/RIVERSIDE,9,NE,51.053,-114.049,2,Titled Parcel;Building,658 1 AV NE;658 1 AV NE,"{""type"":""MultiPoint"",""coordinates"":[[-114.0485953,51.0533845],[-114.048614,51.0535217]]}","MULTIPOINT ((-114.04859525242556 51.053384458358074),(-114.04861396694746 51.0535217325937))",,,,,
"{'type': 'Point', 'coordinates': [-114.02227650958662, 50.97845159121379]}",DP2022-05932,123 RIVERBROOK RD SE,LOVSE SURVEYS,Relaxation - Existing - Compliance Follow-Up,RELAXATION: SINGLE DETACHED DWELLING (EXISTING PERGOLA) - BUILDING SETBACK FROM REAR PROPERTY LINE,C2730,SINGLE DETACHED DWELLING,Discretionary,R-C2,Residential - Contextual One/Two Dwelling,Released,2022-08-23T00:00:00.000,2022-08-26T00:00:00.000,2022-09-23T00:00:00.000,2024-08-26T00:00:00.000,Approval,Development Authority,RIV,RIVERBEND,11,SE,50.978,-114.022,2,Titled Parcel;Building,123 RIVERBROOK RD SE;123 RIVERBROOK RD SE,"{""type"":""MultiPoint"",""coordinates"":[[-114.0222765,50.9784516],[-114.02236,50.9784089]]}","MULTIPOINT ((-114.02227650958662 50.97845159121379),(-114.02236003702666 50.97840892747522))",,,,,
"{'type': 'Point', 'coordinates': [-113.99364079974936, 51.05661751525083]}",DP2022-05933,625 28 ST NE,,Change of Use - Discretionary Use or Relaxations Required,CHANGE OF USE: OFFICE,C2110,OFFICE,Discretionary,I-G,Industrial - General,Released,2022-08-23T00:00:00.000,2022-09-09T00:00:00.000,2022-10-11T00:00:00.000,2023-09-09T00:00:00.000,Approval,Development Authority,MER,MERIDIAN,10,NE,51.057,-113.994,3,Titled Parcel;Building;Entryway,2820 5 AV NE;2820 5 AV NE;625 28 ST NE,"{""type"":""MultiPoint"",""coordinates"":[[-113.9936408,51.0566175],[-113.9941531,51.0574988],[-113.9938903,51.057965]]}","MULTIPOINT ((-113.99364079974936 51.05661751525083),(-113.99415309012879 51.05749881265038),(-113.99389034712517 51.057964996736246))",,,,,
"{'type': 'Point', 'coordinates': [-114.05084542098726, 51.1527943326365]}",DP2022-05934,32 HARVEST WOOD PL NE,ARC SURVEYS,Relaxation - Existing - Compliance Follow-Up,RELAXATION: DECK (EXISTING) - PROJECTION INTO REAR SETBACK,C1455,DECK,Discretionary,R-C2,Residential - Contextual One/Two Dwelling,Released,2022-08-23T00:00:00.000,2022-08-29T00:00:00.000,2022-10-04T00:00:00.000,2024-08-29T00:00:00.000,Approval,Development Authority,HAR,HARVEST HILLS,3,NE,51.153,-114.051,2,Titled Parcel;Building,32 HARVEST WOOD PL NE;32 HARVEST WOOD PL NE,"{""type"":""MultiPoint"",""coordinates"":[[-114.0508454,51.1527943],[-114.0508003,51.1526873]]}","MULTIPOINT ((-114.05084542098726 51.1527943326365),(-114.05080030625469 51.15268731346587))",,,,,
"{'type': 'Point', 'coordinates': [-114.06529626455887, 50.8686481055387]}",DP2022-05931,7 BELMONT CR SW,,Residential - Secondary Suite,NEW: SECONDARY SUITE (BASEMENT),C2626,SECONDARY SUITE,Discretionary,R-1N,Residential - Narrow Parcel One Dwelling,Released,2022-08-23T00:00:00.000,2022-09-19T00:00:00.000,2022-10-14T00:00:00.000,2024-09-19T00:00:00.000,Approval,Development Authority,BLM,BELMONT,13,SW,50.869,-114.065,2,Titled Parcel;Building,7 BELMONT CR SW;7 BELMONT CR SW,"{""type"":""MultiPoint"",""coordinates"":[[-114.0652963,50.8686481],[-114.0653041,50.8685372]]}","MULTIPOINT ((-114.06529626455887 50.8686481055387),(-114.06530410802951 50.86853718244611))",,,,,
"{'type': 'Point', 'coordinates': [-114.06561350931871, 51.16388513973983]}",DP2022-05992,139 COVENTRY HILLS DR NE,,Residential - Secondary Suite,NEW: SECONDARY SUITE (BASEMENT),C2626,SECONDARY SUITE,Discretionary,R-1,Residential - One Dwelling,Released,2022-08-24T00:00:00.000,2022-09-26T00:00:00.000,2022-10-21T00:00:00.000,2024-09-26T00:00:00.000,Approval,Development Authority,COV,COVENTRY HILLS,3,NE,51.164,-114.066,2,Titled Parcel;Building,139 COVENTRY HILLS DR NE;139 COVENTRY HILLS DR NE,"{""type"":""MultiPoint"",""coordinates"":[[-114.0656135,51.1638851],[-114.0657376,51.1638561]]}","MULTIPOINT ((-114.06561350931871 51.16388513973983),(-114.06573761183641 51.16385610573871))",,,,,
"{'type': 'Point', 'coordinates': [-114.16652086655631, 51.04705265812786]}",DP2022-05982,28 STRATHCONA CL SW,,Residential - Secondary Suite,NEW: SECONDARY SUITE (BASEMENT),C2626,SECONDARY SUITE,Discretionary,R-C1,Residential - Contextual One Dwelling,Released,2022-08-24T00:00:00.000,2023-02-17T00:00:00.000,2023-03-20T00:00:00.000,2025-02-17T00:00:00.000,Approval,Development Authority,STR,STRATHCONA PARK,6,SW,51.047,-114.167,2,Titled Parcel;Building,28 STRATHCONA CL SW;28 STRATHCONA CL SW,"{""type"":""MultiPoint"",""coordinates"":[[-114.1665209,51.0470527],[-114.1665033,51.0471366]]}","MULTIPOINT ((-114.16652086655631 51.04705265812786),(-114.16650329790555 51.04713656639543))",,,,,
"{'type': 'Point', 'coordinates': [-113.92150577330676, 50.89167682449515]}",DP2022-05965,8 MAGNOLIA HE SE,,Residential - Secondary Suite,NEW: SECONDARY SUITE (BASEMENT),C2626,SECONDARY SUITE,Discretionary,R-1N,Residential - Narrow Parcel One Dwelling,Released,2022-08-24T00:00:00.000,2022-09-16T00:00:00.000,2022-10-18T00:00:00.000,2024-09-16T00:00:00.000,Approval,Development Authority,MAH,MAHOGANY,12,SE,50.892,-113.922,2,Titled Parcel;Building,8 MAGNOLIA HE SE;8 MAGNOLIA HE SE,"{""type"":""MultiPoint"",""coordinates"":[[-113.9215058,50.8916768],[-113.9215427,50.8917821]]}","MULTIPOINT ((-113.92150577330676 50.89167682449515),(-113.92154266615572 50.8917820948915))",,,,,
"{'type': 'Point', 'coordinates': [-114.07866982026258, 51.05018632598754]}",DP2022-05964,395 7 ST SW,RIDDELL KURCZABA ARCHITECTURE,Change of Use - With Change to Site Plan,"CHANGES TO SITE PLAN: CHILD CARE FACILITY, OUTDOOR CAFE (ADJACENT TO 4TH AVENUE & LANDSCAPING); EXTERIOR RENOVATIONS: DWELLING UNIT (REFURBISH BUILDING FACADE); CHANGE OF USE: DWELLING UNIT, CHILD CARE FACILITY, OUTDOOR CAFE, RESTAURANT",B3210; B4361; B6800; B7840,CHILD CARE FACILITY; DWELLING UNIT; OUTDOOR CAFE; RESTAURANT,Discretionary,DC,DIRECT CONTROL DISTRICT                                 ,Released,2022-08-24T00:00:00.000,2022-12-21T00:00:00.000,2024-05-21T00:00:00.000,2025-12-21T00:00:00.000,Approval,Development Authority,DNC,DOWNTOWN COMMERCIAL CORE,7,SW,51.050,-114.079,5,Titled Parcel;Titled Parcel;Titled Parcel;Titled Parcel;Titled Parcel,395 7 ST SW;802 4 AV SW;804 4 AV SW;810 4 AV SW;808 4 AV SW,"{""type"":""MultiPoint"",""coordinates"":[[-114.0786698,51.0501863],[-114.0786947,51.0499229],[-114.0788031,51.0499245],[-114.0791894,51.049937],[-114.078971,51.0499313]]}","MULTIPOINT ((-114.07866982026258 51.05018632598754),(-114.07869471803004 51.04992293720766),(-114.07880305654855 51.049924509336044),(-114.07918941299904 51.04993701362805),(-114.0789709915847 51.04993133606269))",,,,,
"{'type': 'Point', 'coordinates': [-114.05242887661373, 51.01576519472738]}",DP2022-05966,513 42 AV SE,,Signs - Permitted Use,NEW: SIGN - CLASS B (FASCIA SIGN),C2680,SIGN - CLASS B,Permitted,I-G,Industrial - General,Released,2022-08-24T00:00:00.000,2022-09-01T00:00:00.000,2022-09-01T00:00:00.000,2024-09-01T00:00:00.000,Approval,Development Authority,MNI,MANCHESTER INDUSTRIAL,9,SE,51.016,-114.052,3,Titled Parcel;Building;Entryway,503 42 AV SE;503 42 AV SE;513 42 AV SE,"{""type"":""MultiPoint"",""coordinates"":[[-114.0524289,51.0157652],[-114.0523434,51.015436],[-114.05199,51.0155313]]}","MULTIPOINT ((-114.05242887661373 51.01576519472738),(-114.05234339460952 51.01543600037725),(-114.05198998922955 51.015531305969155))",,,,,
"{'type': 'Point', 'coordinates': [-114.03500685987323, 51.030730684399074]}",DP2022-05968,1220 26 AV SE,,Signs - Permitted Use,NEW: SIGN - CLASS B (FASCIA SIGN),C2680,SIGN - CLASS B,Permitted,I-G,Industrial - General,Released,2022-08-24T00:00:00.000,2022-10-07T00:00:00.000,2022-10-07T00:00:00.000,2024-10-07T00:00:00.000,Approval,Development Authority,AYB,ALYTH/BONNYBROOK,9,SE,51.031,-114.035,3,Titled Parcel;Building;Entryway,1226 26 AV SE;1226 26 AV SE;1220 26 AV SE,"{""type"":""MultiPoint"",""coordinates"":[[-114.0350069,51.0307307],[-114.0350571,51.0312187],[-114.0352795,51.0310855]]}","MULTIPOINT ((-114.03500685987323 51.030730684399074),(-114.03505706818333 51.031218723129925),(-114.03527951066442 51.031085463990166))",,,,,
"{'type': 'Point', 'coordinates': [-114.07111243962406, 50.97398865353642]}",DP2022-05967,8906 MACLEOD TR SE,,Change of Use - Permitted Use,"CHANGE OF USE: CONVENIENCE FOOD STORE, RESTAURANT: LICENSED",C1400; C2485 ,CONVENIENCE FOOD STORE; RESTAURANT: LICENSED,Permitted,C-COR3 f1.75h37,Commercial - Corridor 3,Released,2022-08-24T00:00:00.000,2022-09-07T00:00:00.000,2022-09-07T00:00:00.000,2023-09-07T00:00:00.000,Approval,Development Authority,ACA,ACADIA,11,SE,50.974,-114.071,3,Titled Parcel;Building;Entryway,8900 MACLEOD TR SE;8906 MACLEOD TR SE;8906 MACLEOD TR SE,"{""type"":""MultiPoint"",""coordinates"":[[-114.0711124,50.9739887],[-114.0699595,50.9736403],[-114.0699595,50.9736403]]}","MULTIPOINT ((-114.07111243962406 50.97398865353642),(-114.06995950080486 50.97364025607222),(-114.06995950080486 50.97364025607222))",,,,,
"{'type': 'Point', 'coordinates': [-113.9796710356806, 50.987882896659436]}",DP2022-05971,#12 4045 74 AV SE,,Change of Use - Permitted Use,CHANGE OF USE: GENERAL INDUSTRIAL - LIGHT,C1685,GENERAL INDUSTRIAL - LIGHT,Permitted,I-G,Industrial - General,Cancelled,2022-08-24T00:00:00.000,,,,,,FHI,FOOTHILLS,9,SE,50.988,-113.980,3,Titled Parcel;Building;Building Suite,4045 74 AV SE;4045 74 AV SE;#12 4045 74 AV SE,"{""type"":""MultiPoint"",""coordinates"":[[-113.979671,50.9878829],[-113.9799852,50.9873856],[-113.9799832,50.9869756]]}","MULTIPOINT ((-113.9796710356806 50.987882896659436),(-113.97998521240109 50.98738563398045),(-113.97998320956575 50.9869755898672))",2022-08-31T00:00:00.000,,,,
"{'type': 'Point', 'coordinates': [-114.23444054773438, 51.100099165866546]}",DP2022-05970,5225 101 ST NW,,Special Function Tents,NEW: SPECIAL FUNCTION - CLASS 1 (DESIGNATED AREA FOR TEMPORARY STRUCTURES),C2755,SPECIAL FUNCTION - CLASS 1,Permitted,S-TUC,Special Purpose - Transportation and Utility Corridor,Released,2022-08-24T00:00:00.000,2022-09-01T00:00:00.000,2022-09-02T00:00:00.000,2024-09-01T00:00:00.000,Approval,Development Authority,01B,RESIDUAL WARD 1 - (SUB AREA 1B),1,NW,51.100,-114.234,2,Titled Parcel;Building,5225 101 ST NW;5225 101 ST NW,"{""type"":""MultiPoint"",""coordinates"":[[-114.2344405,51.1000992],[-114.2368433,51.1007738]]}","MULTIPOINT ((-114.23444054773438 51.100099165866546),(-114.23684325883428 51.100773825406435))",,,,,
"{'type': 'Point', 'coordinates': [-113.98135098591345, 51.03682949005819]}",DP2022-05972,1824 36 ST SE,,Change of Use - Permitted Use,CHANGE OF USE: RETAIL AND CONSUMER SERVICE,C2515,RETAIL AND CONSUMER SERVICE,Permitted,MU-2 f4.5h20,Mixed Use - Active Frontage,Released,2022-08-24T00:00:00.000,2022-09-01T00:00:00.000,2022-09-01T00:00:00.000,2023-09-01T00:00:00.000,Approval,Development Authority,FLN,FOREST LAWN,9,SE,51.037,-113.981,3,Titled Parcel;Building;Building Suite,1826 36 ST SE;1826 36 ST SE;1824 36 ST SE,"{""type"":""MultiPoint"",""coordinates"":[[-113.981351,51.0368295],[-113.9810425,51.0369156],[-113.9810359,51.0368519]]}","MULTIPOINT ((-113.98135098591345 51.03682949005819),(-113.98104254589009 51.03691558916343),(-113.98103588478372 51.03685188674767))",,,,,
"{'type': 'Point', 'coordinates': [-113.9859323909445, 51.048027180938995]}",DP2022-05973,3413 RADCLIFFE DR SE,,Residential - Secondary Suite,NEW: SECONDARY SUITE (BASEMENT),C2626,SECONDARY SUITE,Discretionary,R-C1,Residential - Contextual One Dwelling,Released,2022-08-24T00:00:00.000,2022-11-07T00:00:00.000,2022-12-02T00:00:00.000,2024-11-07T00:00:00.000,Approval,Development Authority,ALB,ALBERT PARK/RADISSON HEIGHTS,9,SE,51.048,-113.986,2,Titled Parcel;Building,3413 RADCLIFFE DR SE;3413 RADCLIFFE DR SE,"{""type"":""MultiPoint"",""coordinates"":[[-113.9859324,51.0480272],[-113.9859619,51.0479397]]}","MULTIPOINT ((-113.9859323909445 51.048027180938995),(-113.98596193896755 51.04793974140662))",,,,,
"{'type': 'Point', 'coordinates': [-114.16747978904769, 51.17058484521641]}",DP2022-05974,#155 50 NOLANRIDGE CO NW,MERMAC CONSTRUCTION,Change of Use - Discretionary Use or Relaxations Required,REVISION: TAKE OUT FOOD SERVICE (CHANGE OF USE TO DP2020-1312 ),C2830,TAKE OUT FOOD SERVICE,Discretionary,I-B f1.0h12,Industrial - Business,Released,2022-08-24T00:00:00.000,2022-09-26T00:00:00.000,2022-10-24T00:00:00.000,2025-09-26T00:00:00.000,Approval,Development Authority,NOL,NOLAN HILL,2,NW,51.171,-114.167,3,Titled Parcel;Building;Building Suite,50 NOLANRIDGE CO NW;50 NOLANRIDGE CO NW;#155 50 NOLANRIDGE CO NW,"{""type"":""MultiPoint"",""coordinates"":[[-114.1674798,51.1705848],[-114.1680853,51.1707924],[-114.168083,51.170791]]}","MULTIPOINT ((-114.16747978904769 51.17058484521641),(-114.16808525192613 51.17079244448269),(-114.16808297315663 51.170791027408306))",,,,,
"{'type': 'Point', 'coordinates': [-114.17408126108627, 51.17029653264798]}",DP2022-05976,#100 318 NOLANRIDGE CR NW,AERO SIGN & PRINT,Change of Use - Permitted Use,NEW: SIGN - CLASS B (FASCIA SIGNS - 6),C2680,SIGN - CLASS B,Permitted,I-C,Industrial - Commercial,Released,2022-08-24T00:00:00.000,2022-09-26T00:00:00.000,2022-09-27T00:00:00.000,2024-09-26T00:00:00.000,Approval,Development Authority,02C,RESIDUAL WARD 2 - SUB AREA 2C,2,NW,51.170,-114.174,2,Titled Parcel;Building,318 NOLANRIDGE CR NW;#100 318 NOLANRIDGE CR NW,"{""type"":""MultiPoint"",""coordinates"":[[-114.1740813,51.1702965],[-114.1741101,51.1705663]]}","MULTIPOINT ((-114.17408126108627 51.17029653264798),(-114.17411008894341 51.1705662570808))",,,,,
"{'type': 'Point', 'coordinates': [-114.18742544079184, 51.08251927536192]}",DP2022-05977,#130 3420 69 ST NW,PERMIT SOLUTIONS,Signs - Permitted Use,NEW: SIGN - CLASS B (FASCIA SIGNS - 2),C2680,SIGN - CLASS B,Permitted,DC,Direct Control (1P2007),Released,2022-08-24T00:00:00.000,2022-09-19T00:00:00.000,2022-09-19T00:00:00.000,2025-09-19T00:00:00.000,Approval,Development Authority,BOW,BOWNESS,1,NW,51.083,-114.187,3,Titled Parcel;Building;Building Suite,3408 69 ST NW;3420 69 ST NW;#130 3420 69 ST NW,"{""type"":""MultiPoint"",""coordinates"":[[-114.1874254,51.0825193],[-114.1873059,51.0828503],[-114.1872986,51.0827965]]}","MULTIPOINT ((-114.18742544079184 51.08251927536192),(-114.18730594869966 51.08285032320699),(-114.18729856672493 51.082796522783774))",,,,,
"{'type': 'Point', 'coordinates': [-113.96386855894548, 51.10509569143768]}",DP2022-05979,28 CASTLEBROOK RI NE,,Residential - Secondary Suite,NEW: SECONDARY SUITE (BASEMENT),C2626,SECONDARY SUITE,Discretionary,R-C1,Residential - Contextual One Dwelling,Cancelled,2022-08-24T00:00:00.000,,,,,,CAS,CASTLERIDGE,5,NE,51.105,-113.964,2,Titled Parcel;Building,28 CASTLEBROOK RI NE;28 CASTLEBROOK RI NE,"{""type"":""MultiPoint"",""coordinates"":[[-113.9638686,51.1050957],[-113.9637345,51.1051091]]}","MULTIPOINT ((-113.96386855894548 51.10509569143768),(-113.96373453823392 51.10510908946138))",2022-09-01T00:00:00.000,,,,
"{'type': 'Point', 'coordinates': [-114.07596164164627, 51.01062020602631]}",DP2022-05980,536 48 AV SW,NEW CENTURY DESIGN,Residential - New Single / Semi / Duplex,"NEW: SINGLE DETACHED DWELLING, ACCESSORY RESIDENTIAL BUILDING (GARAGE)",C1020; C2730,ACCESSORY RESIDENTIAL BUILDING; SINGLE DETACHED DWELLING,Discretionary,R-C1,Residential - Contextual One Dwelling,Released,2022-08-24T00:00:00.000,2022-10-21T00:00:00.000,2022-11-21T00:00:00.000,2024-10-21T00:00:00.000,Approval,Development Authority,EYA,ELBOYA,8,SW,51.011,-114.076,1,Titled Parcel,536 48 AV SW,"{""type"":""Point"",""coordinates"":[-114.0759616,51.0106202]}",POINT (-114.07596164164627 51.01062020602631),,,,,
"{'type': 'Point', 'coordinates': [-113.92356949542078, 51.12606000408729]}",DP2022-05981,38 SADDLESTONE PL NE,,Residential - Secondary Suite,NEW: SECONDARY SUITE (BASEMENT),C2626,SECONDARY SUITE,Discretionary,R-1N,Residential - Narrow Parcel One Dwelling,Cancelled,2022-08-24T00:00:00.000,,,,,,SAD,SADDLE RIDGE,5,NE,51.126,-113.924,2,Titled Parcel;Building,38 SADDLESTONE PL NE;38 SADDLESTONE PL NE,"{""type"":""MultiPoint"",""coordinates"":[[-113.9235695,51.12606],[-113.9235731,51.1261881]]}","MULTIPOINT ((-113.92356949542078 51.12606000408729),(-113.92357309831291 51.12618809038897))",2023-01-09T00:00:00.000,,,,
"{'type': 'Point', 'coordinates': [-114.10417768029387, 51.06975077790617]}",DP2022-05983,1836 19 AV NW,,Residential - Additions over 10 sq metres,"CHANGE OF USE: SINGLE DETACHED DWELLING, ADDITION: SINGLE DETACHED DWELLING (REAR PERGOLA)",C2730,SINGLE DETACHED DWELLING,Discretionary,R-C2,Residential - Contextual One/Two Dwelling,Released,2022-08-24T00:00:00.000,2023-05-23T00:00:00.000,2023-08-23T00:00:00.000,2025-07-25T00:00:00.000,Refusal,Development Authority,CAP,CAPITOL HILL,7,NW,51.070,-114.104,1,Titled Parcel,1836 19 AV NW,"{""type"":""Point"",""coordinates"":[-114.1041777,51.0697508]}",POINT (-114.10417768029387 51.06975077790617),,SDAB2023-0029,2023-07-13T00:00:00.000,Appeal Allowed  -  Application Approved,2023-07-25T00:00:00.000
"{'type': 'Point', 'coordinates': [-114.13523140437522, 51.13405548580145]}",DP2022-05986,138 EDGEVALLEY CL NW,,Residential - Secondary Suite,NEW: SECONDARY SUITE (BASEMENT),C2626,SECONDARY SUITE,Discretionary,R-C1,Residential - Contextual One Dwelling,Released,2022-08-24T00:00:00.000,2022-11-18T00:00:00.000,2022-12-19T00:00:00.000,2024-11-18T00:00:00.000,Approval,Development Authority,EDG,EDGEMONT,4,NW,51.134,-114.135,2,Titled Parcel;Building,138 EDGEVALLEY CL NW;138 EDGEVALLEY CL NW,"{""type"":""MultiPoint"",""coordinates"":[[-114.1352314,51.1340555],[-114.1350532,51.1340377]]}","MULTIPOINT ((-114.13523140437522 51.13405548580145),(-114.13505315096236 51.1340377125671))",,,,,
"{'type': 'Point', 'coordinates': [-113.97801936723825, 51.012815848959896]}",DP2022-05985,3698 44 AV SE,,,CHANGE OF USE: VEHICLE SALES - MAJOR,C2940,VEHICLE SALES - MAJOR,Discretionary,I-C,Industrial - Commercial,Cancelled,2022-08-24T00:00:00.000,,,,,,EFI,EASTFIELD,9,SE,51.013,-113.978,1,Titled Parcel,3698 44 AV SE,"{""type"":""Point"",""coordinates"":[-113.9780194,51.0128158]}",POINT (-113.97801936723825 51.012815848959896),2022-08-25T00:00:00.000,,,,
"{'type': 'Point', 'coordinates': [-114.01576401705287, 50.91563944012214]}",DP2022-05984,15279 BOW BOTTOM TR SE,ASSOCIATED ENGINEERING ALBERTA,Commercial - Other Areas,ADDITION: UTILITY BUILDING (ELECTRICAL / GENERATOR ROOM),C9999,OTHER,Discretionary,S-R,Special Purpose - Recreation,Released,2022-08-24T00:00:00.000,2023-01-27T00:00:00.000,2023-05-31T00:00:00.000,2025-01-27T00:00:00.000,Approval,Development Authority,FPK,FISH CREEK PARK,14,SE,50.916,-114.016,2,Titled Parcel;Building,15378 BOW BOTTOM TR SE;15279 BOW BOTTOM TR SE,"{""type"":""MultiPoint"",""coordinates"":[[-114.015764,50.9156394],[-114.0087768,50.915984]]}","MULTIPOINT ((-114.01576401705287 50.91563944012214),(-114.00877683883692 50.91598395838574))",,,,,
"{'type': 'Point', 'coordinates': [-114.064016060639, 50.99479433788554]}",DP2022-05987,6307B CENTRE ST SW,NEOTERIC ARCHITECTURE,Change of Use - Permitted Use,CHANGE OF USE: RETAIL AND CONSUMER SERVICE,C2515,RETAIL AND CONSUMER SERVICE,Permitted,C-COR3 f1.0h12,Commercial - Corridor 3,Released,2022-08-24T00:00:00.000,2022-09-08T00:00:00.000,2022-09-08T00:00:00.000,2023-09-08T00:00:00.000,Approval,Development Authority,MNI,MANCHESTER INDUSTRIAL,9,SW,50.995,-114.064,4,Titled Parcel;Building;Entryway;Entryway,6307 CENTRE ST SW;6307 CENTRE ST SW;6307B CENTRE ST SW;6307A CENTRE ST SW,"{""type"":""MultiPoint"",""coordinates"":[[-114.0640161,50.9947943],[-114.0644497,50.9948041],[-114.064735,50.9950865],[-114.0644634,50.9949082]]}","MULTIPOINT ((-114.064016060639 50.99479433788554),(-114.06444970157533 50.99480405120242),(-114.0647350436526 50.99508647018808),(-114.06446342169363 50.99490822655732))",,,,,
"{'type': 'Point', 'coordinates': [-114.07249974415232, 51.078826415609456]}",DP2022-05988,516 29 AV NW,SE7EN DEZIGN,Residential - Contextual Dwelling,"NEW: CONTEXTUAL SEMI-DETACHED DWELLING, ACCESSORY RESIDENTIAL BUILDING (GARAGE)",C1020; C1368,ACCESSORY RESIDENTIAL BUILDING; CONTEXTUAL SEMI-DETACHED DWELLING,Permitted,R-C2,Residential - Contextual One/Two Dwelling,Released,2022-08-24T00:00:00.000,2022-10-04T00:00:00.000,2022-10-18T00:00:00.000,2024-10-04T00:00:00.000,Approval,Development Authority,MOP,MOUNT PLEASANT,7,NW,51.079,-114.072,2,Titled Parcel;Building,516 29 AV NW;516 29 AV NW,"{""type"":""MultiPoint"",""coordinates"":[[-114.0724997,51.0788264],[-114.0724509,51.078896]]}","MULTIPOINT ((-114.07249974415232 51.078826415609456),(-114.07245088868471 51.07889601704341))",,,,,
"{'type': 'Point', 'coordinates': [-114.05110799345606, 51.0935628031898]}",DP2022-05990,#5 4600 5 ST NE,,Change of Use - Permitted Use,CHANGE OF USE: GENERAL INDUSTRIAL - MEDIUM,C1686,GENERAL INDUSTRIAL - MEDIUM,Permitted,I-G,Industrial - General,Cancelled,2022-08-24T00:00:00.000,,,,,,GRI,GREENVIEW INDUSTRIAL PARK,4,NE,51.094,-114.051,3,Titled Parcel;Building;Building Suite,4610 5 ST NE;4600 5 ST NE;#5 4600 5 ST NE,"{""type"":""MultiPoint"",""coordinates"":[[-114.051108,51.0935628],[-114.0505286,51.0933804],[-114.0505286,51.0933804]]}","MULTIPOINT ((-114.05110799345606 51.0935628031898),(-114.05052858906006 51.093380394148106),(-114.05052858906006 51.093380394148106))",2022-09-15T00:00:00.000,,,,
"{'type': 'Point', 'coordinates': [-114.07312527320963, 50.97845919130544]}",DP2022-05989,8306 HORTON RD SW,PATTISON OUTDOOR ADVERTISING,Signs - Discretionary Use,TEMPORARY USE: SIGN - CLASS 2 (THIRD PARTY ADVERTISING SIGN),C9999,OTHER,Discretionary,DC,DIRECT CONTROL DISTRICT                                 ,Released,2022-08-24T00:00:00.000,2022-09-26T00:00:00.000,2022-10-21T00:00:00.000,2024-09-26T00:00:00.000,Approval,Development Authority,HAY,HAYSBORO,11,SW,50.978,-114.073,1,Titled Parcel,8306 HORTON RD SW,"{""type"":""Point"",""coordinates"":[-114.0731253,50.9784592]}",POINT (-114.07312527320963 50.97845919130544),,,,,
"{'type': 'Point', 'coordinates': [-114.05448177965627, 51.02157574908842]}",DP2022-05991,#2 414 36 AV SE,BORN COLORADO BREWING,Change of Use - Permitted Use,"CHANGE OF USE: BREWERY, WINERY AND DISTILLERY",C1225,"BREWERY, WINERY AND DISTILLERY",Permitted,I-G,Industrial - General,Released,2022-08-24T00:00:00.000,2022-09-09T00:00:00.000,2022-09-09T00:00:00.000,2023-09-09T00:00:00.000,Approval,Development Authority,MNI,MANCHESTER INDUSTRIAL,9,SE,51.022,-114.054,3,Titled Parcel;Building;Building Suite,414 36 AV SE;414 36 AV SE;#2 414 36 AV SE,"{""type"":""MultiPoint"",""coordinates"":[[-114.0544818,51.0215757],[-114.0544816,51.0217274],[-114.0544826,51.0216749]]}","MULTIPOINT ((-114.05448177965627 51.02157574908842),(-114.05448158681085 51.021727406591346),(-114.05448262282327 51.02167492383389))",,,,,
"{'type': 'Point', 'coordinates': [-113.9558925797958, 50.89914098944106]}",DP2022-05993,53 AUBURN GLEN CO SE,KTRAN DESIGN & DRAFTING,Relaxation - New - Residential,ADDITION: SINGLE DETACHED DWELLING (PERGOLA - REAR),C2730,SINGLE DETACHED DWELLING,Permitted with a Relaxation,R-1N,Residential - Narrow Parcel One Dwelling,Released,2022-08-24T00:00:00.000,2022-09-26T00:00:00.000,2022-10-21T00:00:00.000,2024-09-26T00:00:00.000,Approval,Development Authority,AUB,AUBURN BAY,12,SE,50.899,-113.956,2,Titled Parcel;Building,53 AUBURN GLEN CO SE;53 AUBURN GLEN CO SE,"{""type"":""MultiPoint"",""coordinates"":[[-113.9558926,50.899141],[-113.9560742,50.8991529]]}","MULTIPOINT ((-113.9558925797958 50.89914098944106),(-113.95607423630906 50.89915287972337))",,,,,
"{'type': 'Point', 'coordinates': [-114.1120987178253, 50.90248679680533]}",DP2022-05994,224 BRIDLERANGE CI SW,,Residential - Secondary Suite,NEW: SECONDARY SUITE (BASEMENT),C2626,SECONDARY SUITE,Discretionary,R-1,Residential - One Dwelling,Released,2022-08-24T00:00:00.000,2022-10-14T00:00:00.000,2022-11-15T00:00:00.000,2024-10-14T00:00:00.000,Approval,Development Authority,BRI,BRIDLEWOOD,13,SW,50.902,-114.112,2,Titled Parcel;Building,224 BRIDLERANGE CI SW;224 BRIDLERANGE CI SW,"{""type"":""MultiPoint"",""coordinates"":[[-114.1120987,50.9024868],[-114.1120422,50.9025997]]}","MULTIPOINT ((-114.1120987178253 50.90248679680533),(-114.11204223393044 50.90259967497853))",,,,,
"{'type': 'Point', 'coordinates': [-114.0722058081716, 50.96749769841948]}",DP2022-06000,#410 9737 MACLEOD TR SW,CURVES,Change of Use - Permitted Use,CHANGE OF USE: FITNESS CENTRE,C1600,FITNESS CENTRE,Permitted,DC,Direct Control (1P2007),Released,2022-08-25T00:00:00.000,2022-09-01T00:00:00.000,2022-09-01T00:00:00.000,2023-09-01T00:00:00.000,Approval,Development Authority,HAY,HAYSBORO,11,SW,50.967,-114.072,3,Titled Parcel;Building;Building Suite,9737 MACLEOD TR SW;9737 MACLEOD TR SW;#410 9737 MACLEOD TR SW,"{""type"":""MultiPoint"",""coordinates"":[[-114.0722058,50.9674977],[-114.0736711,50.9665615],[-114.0737454,50.9671147]]}","MULTIPOINT ((-114.0722058081716 50.96749769841948),(-114.07367109102587 50.966561532922796),(-114.07374541396958 50.967114739686984))",,,,,
"{'type': 'Point', 'coordinates': [-114.06196859443, 50.89781848929949]}",DP2022-06004,#260 350 SHAWVILLE BV SE,,Signs - Permitted Use,NEW: SIGN - CLASS B (FASCIA SIGNS - 3),C2680,SIGN - CLASS B,Permitted,C-R3 f0.29h18,Commercial - Regional 3,Released,2022-08-25T00:00:00.000,2022-09-06T00:00:00.000,2022-09-06T00:00:00.000,2024-09-06T00:00:00.000,Approval,Development Authority,SHN,SHAWNESSY,13,SE,50.898,-114.062,3,Titled Parcel;Building;Building Suite,350 SHAWVILLE BV SE;350 SHAWVILLE BV SE;#260 350 SHAWVILLE BV SE,"{""type"":""MultiPoint"",""coordinates"":[[-114.0619686,50.8978185],[-114.0623115,50.8986871],[-114.0619166,50.8981818]]}","MULTIPOINT ((-114.06196859443 50.89781848929949),(-114.06231151358332 50.89868714154635),(-114.06191664865983 50.89818179220198))",,,,,
"{'type': 'Point', 'coordinates': [-114.04269138907678, 51.03680969611907]}",DP2022-06003,1816 ELIZABETH ST SE,SK2 DESIGN BUILD,Residential - Secondary Suite,"NEW: ACCESSORY RESIDENTIAL BUILDING (GARAGE), BACKYARD SUITE (ABOVE GARAGE)",C1175,BACKYARD SUITE,Discretionary,R-C2,Residential - Contextual One/Two Dwelling,Released,2022-08-25T00:00:00.000,2022-11-25T00:00:00.000,2022-12-27T00:00:00.000,2024-11-25T00:00:00.000,Approval,Development Authority,RAM,RAMSAY,9,SE,51.037,-114.043,1,Titled Parcel,1816 ELIZABETH ST SE,"{""type"":""Point"",""coordinates"":[-114.0426914,51.0368097]}",POINT (-114.04269138907678 51.03680969611907),,,,,
"{'type': 'Point', 'coordinates': [-114.05773220347525, 51.00123069932178]}",DP2022-06005,6025 3 ST SE,,Change of Use - Permitted Use,CHANGE OF USE: RETAIL AND CONSUMER SERVICE,C2515,RETAIL AND CONSUMER SERVICE,Permitted,I-C,Industrial - Commercial,Cancelled,2022-08-25T00:00:00.000,,,,,,MNI,MANCHESTER INDUSTRIAL,9,SE,51.001,-114.058,3,Titled Parcel;Building;Entryway,363 58 AV SE;6027 3 ST SE;6025 3 ST SE,"{""type"":""MultiPoint"",""coordinates"":[[-114.0577322,51.0012307],[-114.0577322,51.0012307],[-114.0577322,51.0012307]]}","MULTIPOINT ((-114.05773220347525 51.00123069932178),(-114.05773220347525 51.00123069932178),(-114.05773220347525 51.00123069932178))",2022-09-12T00:00:00.000,,,,
"{'type': 'Point', 'coordinates': [-114.06565312279567, 50.90091277028078]}",DP2022-06006,#3 275 SHAWVILLE BV SE,,Signs - Permitted Use,NEW: SIGN - CLASS B (FASCIA SIGNS - 2),C2680,SIGN - CLASS B,Permitted,C-R3 f0.5h18,Commercial - Regional 3,Released,2022-08-25T00:00:00.000,2022-09-06T00:00:00.000,2022-09-06T00:00:00.000,2024-09-06T00:00:00.000,Approval,Development Authority,SHN,SHAWNESSY,13,SE,50.901,-114.066,3,Titled Parcel;Building;Building Suite,275 SHAWVILLE BV SE;275 SHAWVILLE BV SE;#3 275 SHAWVILLE BV SE,"{""type"":""MultiPoint"",""coordinates"":[[-114.0656531,50.9009128],[-114.0679099,50.9015416],[-114.0679604,50.901738]]}","MULTIPOINT ((-114.06565312279567 50.90091277028078),(-114.06790986484498 50.901541558526546),(-114.06796043575478 50.901737977614935))",,,,,
"{'type': 'Point', 'coordinates': [-114.0163398208475, 51.061334661193335]}",DP2022-06007,1019 18 ST NE,,Home Occupation Class 2,TEMPORARY USE: HOME OCCUPATION - CLASS 2 (ESTHETICS),C1730,HOME OCCUPATION - CLASS 2,Discretionary,R-C2,Residential - Contextual One/Two Dwelling,Cancelled,2022-08-25T00:00:00.000,,,,,,MAL,MAYLAND HEIGHTS,10,NE,51.061,-114.016,2,Titled Parcel;Building,1019 18 ST NE;1019 18 ST NE,"{""type"":""MultiPoint"",""coordinates"":[[-114.0163398,51.0613347],[-114.0164893,51.0613298]]}","MULTIPOINT ((-114.0163398208475 51.061334661193335),(-114.0164893382153 51.06132983070422))",2024-02-12T00:00:00.000,,,,
"{'type': 'Point', 'coordinates': [-113.94339367893737, 51.15817757646392]}",DP2022-06008,134 CORNERSTONE HT NE,STANTEC ARCHITECTURE,Commercial - Other Areas,"NEW: PROTECTIVE AND EMERGENCY SERVICE (1 BUILDING), SIGN - CLASS B (FASCIA SIGNS - 4), SIGN - CLASS C (FREESTANDING SIGN)",C2370; C2680; C2690,PROTECTIVE AND EMERGENCY SERVICE; SIGN - CLASS B; SIGN - CLASS C,Discretionary,M-G,Multi-Residential - At Grade Housing,Released,2022-08-25T00:00:00.000,2023-05-09T00:00:00.000,2024-06-03T00:00:00.000,2025-05-09T00:00:00.000,Approval,Development Authority,CNS,CORNERSTONE,5,NE,51.158,-113.943,1,Titled Parcel,134 CORNERSTONE HT NE,"{""type"":""Point"",""coordinates"":[-113.9433937,51.1581776]}",POINT (-113.94339367893737 51.15817757646392),,,,,
"{'type': 'Point', 'coordinates': [-114.05088921866945, 51.1240821419912]}",DP2022-06009,43 HUNTSTROM RD NE,,Residential - Secondary Suite,NEW: SECONDARY SUITE (BASEMENT),C2626,SECONDARY SUITE,Discretionary,R-C1,Residential - Contextual One Dwelling,Released,2022-08-25T00:00:00.000,2022-09-26T00:00:00.000,2022-10-21T00:00:00.000,2024-09-26T00:00:00.000,Approval,Development Authority,HUN,HUNTINGTON HILLS,4,NE,51.124,-114.051,2,Titled Parcel;Building,43 HUNTSTROM RD NE;43 HUNTSTROM RD NE,"{""type"":""MultiPoint"",""coordinates"":[[-114.0508892,51.1240821],[-114.0509796,51.1240195]]}","MULTIPOINT ((-114.05088921866945 51.1240821419912),(-114.05097957405228 51.124019489997856))",,,,,
"{'type': 'Point', 'coordinates': [-114.15859039878775, 51.16669127416283]}",DP2022-06010,195 SHERVIEW HT NW,,Relaxation - New - Residential,ADDITION: SINGLE DETACHED DWELLING (COVERED DECK) - BUILDING SETBACK FROM REAR PROPERTY LINE,C2730,SINGLE DETACHED DWELLING,Permitted with a Relaxation,R-1N,Residential - Narrow Parcel One Dwelling,Released,2022-08-25T00:00:00.000,2022-09-28T00:00:00.000,2022-10-28T00:00:00.000,2024-09-28T00:00:00.000,Approval,Development Authority,SHW,SHERWOOD,2,NW,51.167,-114.159,2,Titled Parcel;Building,195 SHERVIEW HT NW;195 SHERVIEW HT NW,"{""type"":""MultiPoint"",""coordinates"":[[-114.1585904,51.1666913],[-114.1587764,51.1666715]]}","MULTIPOINT ((-114.15859039878775 51.16669127416283),(-114.15877642203073 51.16667146057545))",,,,,
"{'type': 'Point', 'coordinates': [-114.1968977949892, 51.024834586387385]}",DP2022-06011,#59 70 ELMONT DR SW,ARCADIS PROFESSIONAL SERVICES (CANADA),Relaxation - New - Residential,"RELAXATION: SINGLE DETACHED DWELLING - PARCEL COVERAGE, DRIVEWAY - LENGTH",C2730; C9999,SINGLE DETACHED DWELLING; OTHER,Permitted with a Relaxation,R-2,Residential - One/Two Dwelling,Lapsed,2022-08-25T00:00:00.000,2022-11-25T00:00:00.000,,2024-11-25T00:00:00.000,Approval,Development Authority,SPH,SPRINGBANK HILL,6,SW,51.025,-114.197,1,Titled Parcel,#59 70 ELMONT DR SW,"{""type"":""Point"",""coordinates"":[-114.1968978,51.0248346]}",POINT (-114.1968977949892 51.024834586387385),2024-11-29T00:00:00.000,,,,
"{'type': 'Point', 'coordinates': [-114.06964736246803, 50.91766402566739]}",DP2022-06013,#200 15100 MACLEOD TR SE,PATTISON OUTDOOR ADVERTISING,Signs - Discretionary Use - Third Party Signs,"TEMPORARY USE: SIGN - CLASS F & G (THIRD PARTY ADVERTISING SIGN - NORTH FACE, DIGITAL THIRD PARTY ADVERTISING SIGN - SOUTH FACE)",C2720; C2721,SIGN - CLASS F; SIGN - CLASS G,Discretionary,C-COR3 f1.0h12,Commercial - Corridor 3,Refused,2022-08-25T00:00:00.000,2023-03-02T00:00:00.000,,,Refusal,Development Authority,MID,MIDNAPORE,14,SE,50.918,-114.070,4,Titled Parcel;Building;Building Suite;Building Suite,15100 MACLEOD TR SE;15100 MACLEOD TR SE;#200 15100 MACLEOD TR SE;#A 15100 MACLEOD TR SE,"{""type"":""MultiPoint"",""coordinates"":[[-114.0696474,50.917664],[-114.0689368,50.9176787],[-114.0689368,50.9176787],[-114.0689368,50.9176787]]}","MULTIPOINT ((-114.06964736246803 50.91766402566739),(-114.06893675139824 50.91767868740742),(-114.06893675139824 50.91767868740742),(-114.06893675139824 50.91767868740742))",2023-03-02T00:00:00.000,SDAB2023-0012,2023-05-18T00:00:00.000,Appeal Denied  -  Application Refused,2023-06-01T00:00:00.000
"{'type': 'Point', 'coordinates': [-114.0597640925293, 50.99773557457419]}",DP2022-06015,#11 6020 2 ST SE,,Change of Use - Permitted Use,CHANGE OF USE: GENERAL INDUSTRIAL - LIGHT,C1685,GENERAL INDUSTRIAL - LIGHT,Permitted,I-C,Industrial - Commercial,Cancelled,2022-08-25T00:00:00.000,,,,,,MNI,MANCHESTER INDUSTRIAL,9,SE,50.998,-114.060,3,Titled Parcel;Building;Building Suite,6120 2 ST SE;6020 2 ST SE;#11 6020 2 ST SE,"{""type"":""MultiPoint"",""coordinates"":[[-114.0597641,50.9977356],[-114.059245,50.9983311],[-114.059245,50.9983311]]}","MULTIPOINT ((-114.0597640925293 50.99773557457419),(-114.05924502061582 50.99833109895673),(-114.05924502061582 50.99833109895673))",2022-09-15T00:00:00.000,,,,
"{'type': 'Point', 'coordinates': [-114.19638358660146, 51.11060180190729]}",DP2022-06016,7380 SILVER SPRINGS RD NW,,Residential - Secondary Suite,NEW: SECONDARY SUITE (BASEMENT),C2626,SECONDARY SUITE,Discretionary,R-C1,Residential - Contextual One Dwelling,Released,2022-08-25T00:00:00.000,2022-09-26T00:00:00.000,2022-10-21T00:00:00.000,2024-09-26T00:00:00.000,Approval,Development Authority,SIL,SILVER SPRINGS,1,NW,51.111,-114.196,2,Titled Parcel;Building,7380 SILVER SPRINGS RD NW;7380 SILVER SPRINGS RD NW,"{""type"":""MultiPoint"",""coordinates"":[[-114.1963836,51.1106018],[-114.1963924,51.1107087]]}","MULTIPOINT ((-114.19638358660146 51.11060180190729),(-114.19639242249374 51.11070868290369))",,,,,
"{'type': 'Point', 'coordinates': [-114.19402710229087, 51.03754642032821]}",DP2022-06012,7375 17 AV SW,DIALOG,Temporary Structure,"TEMPORARY USE: SCHOOL - PRIVATE (2 STORAGE BUILDINGS, 5 YEARS)",C2570,SCHOOL - PRIVATE,Discretionary,S-CI,Special Purpose - Community Institution,Released,2022-08-25T00:00:00.000,2022-10-20T00:00:00.000,2022-12-06T00:00:00.000,2025-10-20T00:00:00.000,Approval,Development Authority,SPH,SPRINGBANK HILL,6,SW,51.038,-114.194,1,Titled Parcel,7375 17 AV SW,"{""type"":""Point"",""coordinates"":[-114.1940271,51.0375464]}",POINT (-114.19402710229087 51.03754642032821),,,,,
"{'type': 'Point', 'coordinates': [-114.134651772413, 50.993013569045765]}",DP2022-06017,6819 LIVINGSTONE DR SW,,Residential - Contextual Dwelling,NEW: CONTEXTUAL SINGLE DETACHED DWELLING,C1370,CONTEXTUAL SINGLE DETACHED DWELLING,Permitted,R-C1L,Residential - Contextual Large Parcel One Dwelling,Cancelled,2022-08-25T00:00:00.000,,,,,,LKV,LAKEVIEW,11,SW,50.993,-114.135,1,Titled Parcel,6819 LIVINGSTONE DR SW,"{""type"":""Point"",""coordinates"":[-114.1346518,50.9930136]}",POINT (-114.134651772413 50.993013569045765),2022-10-19T00:00:00.000,,,,
"{'type': 'Point', 'coordinates': [-114.0682063997282, 50.94205937134548]}",DP2022-06014,#443 12445 LAKE FRASER DR SE,,Change of Use - Discretionary Use or Relaxations Required,CHANGE OF USE: LIQUOR STORE,C1910,LIQUOR STORE,Discretionary,C-COR3 f2.0h20,Commercial - Corridor 3,Released,2022-08-25T00:00:00.000,2022-09-29T00:00:00.000,2022-10-28T00:00:00.000,2023-09-29T00:00:00.000,Approval,Development Authority,LKB,LAKE BONAVISTA,14,SE,50.942,-114.068,3,Titled Parcel;Building;Building Suite,12445 LAKE FRASER DR SE;#400 12445 LAKE FRASER DR SE;#443 12445 LAKE FRASER DR SE,"{""type"":""MultiPoint"",""coordinates"":[[-114.0682064,50.9420594],[-114.0683581,50.9414119],[-114.0686305,50.941134]]}","MULTIPOINT ((-114.0682063997282 50.94205937134548),(-114.06835805848219 50.94141192042831),(-114.06863047623577 50.94113403585063))",,,,,
"{'type': 'Point', 'coordinates': [-113.99857493425762, 50.9866516306501]}",DP2022-06018,7404 OGDEN RD SE,FIVE STAR PERMITS,Signs - Discretionary Use,"NEW: SIGN - CLASS B (FASCIA SIGNS - 4), SIGN - CLASS C (FREESTANDING SIGN), CLASS E (DIGITAL MESSAGING SIGN - FUEL PRICE), SIGN - CLASS E: (FREESTANDING GAS PUMP SIGN -2)",C2680; C2690; C2700,SIGN - CLASS B; SIGN - CLASS C; SIGN - CLASS D,Discretionary,C-N2,Commercial - Neighbourhood 2,Released,2022-08-25T00:00:00.000,2022-09-18T00:00:00.000,2022-10-14T00:00:00.000,2024-09-18T00:00:00.000,Approval,Development Authority,OGD,OGDEN,9,SE,50.987,-113.999,2,Titled Parcel;Building,7404 OGDEN RD SE;7404 OGDEN RD SE,"{""type"":""MultiPoint"",""coordinates"":[[-113.9985749,50.9866516],[-113.9983619,50.9866019]]}","MULTIPOINT ((-113.99857493425762 50.9866516306501),(-113.99836186336199 50.98660192312572))",,,,,
"{'type': 'Point', 'coordinates': [-114.02648588953285, 50.862132121131346]}",DP2022-06020,180 LEGACY MAIN ST SE,IBI GROUP,Change of Use - With Change to Site Plan,CHANGES TO SITE PLAN: CAR WASH - MULTI VEHICLE; CAR WASH - SINGLE VEHICLE (PARKING & LANDSCAPE),C1270,CAR WASH - MULTI-VEHICLE,Discretionary,C-COR2 f1.0h10,Commercial - Corridor 2,Released,2022-08-25T00:00:00.000,2023-02-24T00:00:00.000,2024-01-03T00:00:00.000,2025-02-24T00:00:00.000,Approval,Development Authority,LEG,LEGACY,14,SE,50.862,-114.026,2,Titled Parcel;Titled Parcel,#600 180 LEGACY MAIN ST SE;180 LEGACY MAIN ST SE,"{""type"":""MultiPoint"",""coordinates"":[[-114.0264859,50.8621321],[-114.0259903,50.8613411]]}","MULTIPOINT ((-114.02648588953285 50.862132121131346),(-114.02599031115462 50.86134111108416))",,,,,
"{'type': 'Point', 'coordinates': [-113.96386855894548, 51.10509569143768]}",DP2022-06021,28 CASTLEBROOK RI NE,,Residential - Secondary Suite,NEW: SECONDARY SUITE (BASEMENT),C2626,SECONDARY SUITE,Discretionary,R-C1,Residential - Contextual One Dwelling,Released,2022-08-25T00:00:00.000,2022-09-28T00:00:00.000,2022-10-31T00:00:00.000,2024-09-28T00:00:00.000,Approval,Development Authority,CAS,CASTLERIDGE,5,NE,51.105,-113.964,2,Titled Parcel;Building,28 CASTLEBROOK RI NE;28 CASTLEBROOK RI NE,"{""type"":""MultiPoint"",""coordinates"":[[-113.9638686,51.1050957],[-113.9637345,51.1051091]]}","MULTIPOINT ((-113.96386855894548 51.10509569143768),(-113.96373453823392 51.10510908946138))",,,,,
"{'type': 'Point', 'coordinates': [-114.04497191345169, 50.98729682238435]}",DP2022-06022,9 HERITAGE GA SE,NOODLEBOX,Change of Use - Permitted Use,CHANGE OF USE: RESTAURANT: FOOD SERVICE ONLY,C2465,RESTAURANT: FOOD SERVICE ONLY,Permitted,C-R3 f0.18h18,Commercial - Regional 3,Released,2022-08-25T00:00:00.000,2022-09-06T00:00:00.000,2022-09-06T00:00:00.000,2023-09-06T00:00:00.000,Approval,Development Authority,EFV,EAST FAIRVIEW INDUSTRIAL,11,SE,50.987,-114.045,3,Titled Parcel;Building;Entryway,750 HERITAGE DR SE;11 HERITAGE GA SE;9 HERITAGE GA SE,"{""type"":""MultiPoint"",""coordinates"":[[-114.0449719,50.9872968],[-114.0454252,50.9874335],[-114.0454252,50.9874335]]}","MULTIPOINT ((-114.04497191345169 50.98729682238435),(-114.04542520287858 50.98743353504143),(-114.04542520287858 50.98743353504143))",,,,,
"{'type': 'Point', 'coordinates': [-114.04998652780068, 51.18529303726236]}",DP2022-06023,333 CALHOUN CM NE,,Residential - Secondary Suite,NEW: SECONDARY SUITE (SECONDARY SUITE),C2626,SECONDARY SUITE,Permitted with a Relaxation,R-G,Residential - Low Density Mixed Housing,Cancelled,2022-08-25T00:00:00.000,,,,,,LIV,LIVINGSTON,3,NE,51.185,-114.050,2,Titled Parcel;Building,333 CALHOUN CM NE;333 CALHOUN CM NE,"{""type"":""MultiPoint"",""coordinates"":[[-114.0499865,51.185293],[-114.0499958,51.1853645]]}","MULTIPOINT ((-114.04998652780068 51.18529303726236),(-114.04999584544126 51.18536447296824))",2022-09-06T00:00:00.000,,,,
"{'type': 'Point', 'coordinates': [-114.06448604293854, 50.986869591163554]}",DP2022-06024,35 FAIRVIEW DR SE,,Relaxation - New - Accessory Building,"RELAXATION: ACCESSORY RESIDENTIAL BUILDING (GARAGE) - BUILDING HEIGHT, ROOFTOP DECK",C1020,ACCESSORY RESIDENTIAL BUILDING,Permitted with a Relaxation,R-C1,Residential - Contextual One Dwelling,Released,2022-08-25T00:00:00.000,2022-11-09T00:00:00.000,2022-12-14T00:00:00.000,2024-11-09T00:00:00.000,Approval,Development Authority,FAI,FAIRVIEW,11,SE,50.987,-114.064,2,Titled Parcel;Building,35 FAIRVIEW DR SE;35 FAIRVIEW DR SE,"{""type"":""MultiPoint"",""coordinates"":[[-114.064486,50.9868696],[-114.0645661,50.9869344]]}","MULTIPOINT ((-114.06448604293854 50.986869591163554),(-114.0645660638932 50.98693435460572))",,,,,
"{'type': 'Point', 'coordinates': [-114.15760366370779, 51.172144768183806]}",DP2022-05995,#410 8 NOLAN HILL BV NW,,Change of Use - Permitted Use,CHANGE OF USE: RETAIL AND CONSUMER SERVICE,C2515,RETAIL AND CONSUMER SERVICE,Permitted,C-C2 f0.5h18,Commercial - Community 2,Released,2022-08-25T00:00:00.000,2022-09-02T00:00:00.000,2022-09-02T00:00:00.000,2023-09-02T00:00:00.000,Approval,Development Authority,NOL,NOLAN HILL,2,NW,51.172,-114.158,3,Titled Parcel;Building;Building Suite,8 NOLAN HILL BV NW;#400 8 NOLAN HILL BV NW;#410 8 NOLAN HILL BV NW,"{""type"":""MultiPoint"",""coordinates"":[[-114.1576037,51.1721448],[-114.1600687,51.172048],[-114.1600852,51.1720816]]}","MULTIPOINT ((-114.15760366370779 51.172144768183806),(-114.16006867450315 51.17204795727228),(-114.1600851930367 51.172081627480196))",,,,,
"{'type': 'Point', 'coordinates': [-114.11023877817738, 51.17699490366676]}",DP2022-05996,112 EVANSFIELD PL NW,,Residential - Secondary Suite,NEW: SECONDARY SUITE (BASEMENT),C2626,SECONDARY SUITE,Discretionary,R-1,Residential - One Dwelling,Cancelled,2022-08-25T00:00:00.000,,,,,,EVN,EVANSTON,2,NW,51.177,-114.110,2,Titled Parcel;Building,112 EVANSFIELD PL NW;112 EVANSFIELD PL NW,"{""type"":""MultiPoint"",""coordinates"":[[-114.1102388,51.1769949],[-114.1104223,51.1770268]]}","MULTIPOINT ((-114.11023877817738 51.17699490366676),(-114.11042231262414 51.17702677827319))",2024-02-12T00:00:00.000,,,,
"{'type': 'Point', 'coordinates': [-113.91114274223392, 50.89324713681153]}",DP2022-05997,350 MASTERS RO SE,RICK BALBI ARCHITECT,Residential - Secondary Suite,NEW: SECONDARY SUITE (BASEMENT),C2626,SECONDARY SUITE,Discretionary,R-1N,Residential - Narrow Parcel One Dwelling,Released,2022-08-25T00:00:00.000,2022-10-21T00:00:00.000,2022-11-21T00:00:00.000,2024-10-21T00:00:00.000,Approval,Development Authority,MAH,MAHOGANY,12,SE,50.893,-113.911,2,Titled Parcel;Building,350 MASTERS RO SE;350 MASTERS RO SE,"{""type"":""MultiPoint"",""coordinates"":[[-113.9111427,50.8932471],[-113.9111368,50.8933359]]}","MULTIPOINT ((-113.91114274223392 50.89324713681153),(-113.91113678811726 50.893335890249766))",,,,,
"{'type': 'Point', 'coordinates': [-113.9865075823463, 50.88543442459978]}",DP2022-05998,161 CRANWELL BA SE,,Relaxation - New - Residential,RELAXATION: DRIVEWAY - WIDTH,C2730,SINGLE DETACHED DWELLING,Permitted with a Relaxation,R-1N,Residential - Narrow Parcel One Dwelling,Released,2022-08-25T00:00:00.000,2023-05-02T00:00:00.000,2023-05-03T00:00:00.000,2025-05-02T00:00:00.000,Approval,Development Authority,CRA,CRANSTON,12,SE,50.885,-113.987,2,Titled Parcel;Building,161 CRANWELL BA SE;161 CRANWELL BA SE,"{""type"":""MultiPoint"",""coordinates"":[[-113.9865076,50.8854344],[-113.9865082,50.8855468]]}","MULTIPOINT ((-113.9865075823463 50.88543442459978),(-113.98650816099737 50.88554681739114))",,SDAB2023-0010,2023-04-20T00:00:00.000,Appeal Denied  -  Application Approved,2023-05-02T00:00:00.000
"{'type': 'Point', 'coordinates': [-114.1399718059126, 51.00680932370261]}",DP2022-05999,5320 LAKEVIEW DR SW,PERMIT MASTERS,Temporary Structure,NEW: ACCESSORY RESIDENTIAL BUILDING (SEACAN),C1020; C2050,ACCESSORY RESIDENTIAL BUILDING; MULTI-RESIDENTIAL DEVELOPMENT,Permitted with a Relaxation,M-C2 d210,Multi-Residential - Contextual Medium Profile,Lapsed,2022-08-25T00:00:00.000,2022-09-29T00:00:00.000,,2024-09-29T00:00:00.000,Approval,Development Authority,LKV,LAKEVIEW,11,SW,51.007,-114.140,2,Titled Parcel;Building,5320 LAKEVIEW DR SW;5320 LAKEVIEW DR SW,"{""type"":""MultiPoint"",""coordinates"":[[-114.1399718,51.0068093],[-114.1399718,51.0068093]]}","MULTIPOINT ((-114.1399718059126 51.00680932370261),(-114.1399718059126 51.00680932370261))",2024-10-04T00:00:00.000,,,,
"{'type': 'Point', 'coordinates': [-114.1596330753848, 51.07224963106025]}",DP2022-06001,4624A BOWNESS RD NW,TIANHE SPA & MASSAGE,Change of Use - Permitted Use,CHANGE OF USE: RETAIL AND CONSUMER SERVICE,C2515,RETAIL AND CONSUMER SERVICE,Permitted,MU-2 f4.5h22,Mixed Use - Active Frontage,Released,2022-08-25T00:00:00.000,2022-09-16T00:00:00.000,2022-09-19T00:00:00.000,2023-09-16T00:00:00.000,Approval,Development Authority,MON,MONTGOMERY,7,NW,51.072,-114.160,3,Titled Parcel;Building;Entryway,4624 BOWNESS RD NW;4624 BOWNESS RD NW;4624A BOWNESS RD NW,"{""type"":""MultiPoint"",""coordinates"":[[-114.1596331,51.0722496],[-114.1595334,51.0723031],[-114.1595334,51.0723031]]}","MULTIPOINT ((-114.1596330753848 51.07224963106025),(-114.15953343249498 51.072303058009524),(-114.15953343249498 51.072303058009524))",,,,,
"{'type': 'Point', 'coordinates': [-114.08327964321353, 51.02899094603663]}",DP2022-06002,2703 8 ST SW,SANTHA DESIGN,Residential - Contextual Dwelling,"NEW: CONTEXTUAL SINGLE DETACHED DWELLING, ACCESSORY RESIDENTIAL BUILDING (GARAGE)",C1020; C1370,ACCESSORY RESIDENTIAL BUILDING; CONTEXTUAL SINGLE DETACHED DWELLING,Permitted,R-C1,Residential - Contextual One Dwelling,Released,2022-08-25T00:00:00.000,2022-10-07T00:00:00.000,2022-10-11T00:00:00.000,2024-10-07T00:00:00.000,Approval,Development Authority,UMR,UPPER MOUNT ROYAL,8,SW,51.029,-114.083,1,Titled Parcel,2703 8 ST SW,"{""type"":""Point"",""coordinates"":[-114.0832796,51.0289909]}",POINT (-114.08327964321353 51.02899094603663),,,,,
"{'type': 'Point', 'coordinates': [-114.14465776934698, 51.166543025014285]}",DP2022-06025,415 KINCORA GLEN RD NW,EMERALD SKY WEST GP INC.,Residential - Multi-Family,"REVISION: MULTI-RESIDENTIAL DEVELOPMENT (1 BUILDING - DECREASE IN DWELLING UNITS), SIGN - CLASS C (FREESTANDING SIGN)",C2050; C2690,MULTI-RESIDENTIAL DEVELOPMENT; SIGN - CLASS C,Discretionary,M-2 d200,Multi-Residential - Medium Profile,Released,2022-08-26T00:00:00.000,2022-12-13T00:00:00.000,2023-01-16T00:00:00.000,2024-12-13T00:00:00.000,Approval,Development Authority,KCA,KINCORA,2,NW,51.167,-114.145,1,Titled Parcel,415 KINCORA GLEN RD NW,"{""type"":""Point"",""coordinates"":[-114.1446578,51.166543]}",POINT (-114.14465776934698 51.166543025014285),,,,,
"{'type': 'Point', 'coordinates': [-114.19176680257284, 51.15402024644586]}",DP2022-06027,7677 112 AV NW,RICK BALBI ARCHITECT,Temporary Structure,"TEMPORARY USE: AUTOMOTIVE SALES AND RENTALS (4 HAIL SHELTERS, 5 YEARS)",B1505,AUTOMOTIVE SALES,Discretionary,DC,DIRECT CONTROL DISTRICT                                 ,Released,2022-08-26T00:00:00.000,2023-03-06T00:00:00.000,2023-04-13T00:00:00.000,2026-03-06T00:00:00.000,Approval,Development Authority,RYV,ROYAL VISTA,1,NW,51.154,-114.192,2,Titled Parcel;Building,7677 112 AV NW;7677 112 AV NW,"{""type"":""MultiPoint"",""coordinates"":[[-114.1917668,51.1540202],[-114.1926234,51.1537233]]}","MULTIPOINT ((-114.19176680257284 51.15402024644586),(-114.19262343905872 51.15372333366329))",,,,,
"{'type': 'Point', 'coordinates': [-113.96702114281592, 51.00893575217742]}",DP2022-06028,4650 50 AV SE,,Renovations - Non-Residential,CHANGES TO SITE PLAN: GENERAL INDUSTRIAL - LIGHT (AT GRADE MAKE-UP AIR UNIT) - REMOVING LOADING STALLS,C1685,GENERAL INDUSTRIAL - LIGHT,Permitted,I-G,Industrial - General,Cancelled,2022-08-26T00:00:00.000,,,,,,EFI,EASTFIELD,9,SE,51.009,-113.967,2,Titled Parcel;Building,4650 50 AV SE;4650 50 AV SE,"{""type"":""MultiPoint"",""coordinates"":[[-113.9670211,51.0089358],[-113.9670573,51.009267]]}","MULTIPOINT ((-113.96702114281592 51.00893575217742),(-113.96705731603878 51.00926698214781))",2022-09-23T00:00:00.000,,,,
"{'type': 'Point', 'coordinates': [-114.0038810601439, 51.072227927710614]}",DP2022-06026,2256 23 ST NE,RICK BALBI ARCHITECT,Commercial - Other Areas,ADDITION: VEHICLE SALES - MAJOR (WEST ELEVATION); NEW: SIGN - CLASS B (FASCIA SIGNS - 3),C2940,VEHICLE SALES - MAJOR,Discretionary,I-C,Industrial - Commercial,Released,2022-08-26T00:00:00.000,2022-12-27T00:00:00.000,2023-01-31T00:00:00.000,2024-12-27T00:00:00.000,Approval,Development Authority,SAW,SOUTH AIRWAYS,10,NE,51.072,-114.004,2,Titled Parcel;Building,2256 23 ST NE;2256 23 ST NE,"{""type"":""MultiPoint"",""coordinates"":[[-114.0038811,51.0722279],[-114.0030446,51.0723684]]}","MULTIPOINT ((-114.0038810601439 51.072227927710614),(-114.00304460187888 51.07236838943111))",,,,,
"{'type': 'Point', 'coordinates': [-113.95479510844316, 50.87922985315215]}",DP2022-06030,19050 40 ST SE,NORR ARCHITECTS ENGINEERS PLANNERS,Mixed Use - Other Areas,"NEW: SUPERMARKET, RETAIL AND CONSUMER SERVICE, DWELLING UNIT (1 BUILDING, 88 UNITS), SIGN - CLASS A (ART SIGN)",C1540; C2515; C2670; C2820,DWELLING UNIT; RETAIL AND CONSUMER SERVICE; SIGN - CLASS A; SUPERMARKET,Discretionary,DC,DIRECT CONTROL DISTRICT                                 ,Released,2022-08-26T00:00:00.000,2023-02-05T00:00:00.000,2023-06-20T00:00:00.000,2026-02-05T00:00:00.000,Approval,Development Authority,SET,SETON,12,SE,50.879,-113.955,1,Titled Parcel,19050 40 ST SE,"{""type"":""Point"",""coordinates"":[-113.9547951,50.8792299]}",POINT (-113.95479510844316 50.87922985315215),,,,,
"{'type': 'Point', 'coordinates': [-114.06270185953238, 51.10766703302917]}",DP2022-06031,6213 CENTRE ST NW,KNIGHT SIGNS ALBERTA,Signs - Discretionary Use,TEMPORARY USE: SIGN - CLASS E (DIGITAL MESSAGE SIGN - 3 YEARS),C2710,SIGN - CLASS E,Discretionary,C-C1,Commercial - Community 1,Released,2022-08-26T00:00:00.000,2022-10-19T00:00:00.000,2022-11-18T00:00:00.000,2024-10-19T00:00:00.000,Approval,Development Authority,THO,THORNCLIFFE,4,NW,51.108,-114.063,2,Titled Parcel;Building,6213 CENTRE ST NW;6213 CENTRE ST NW,"{""type"":""MultiPoint"",""coordinates"":[[-114.0627019,51.107667],[-114.0629596,51.1074123]]}","MULTIPOINT ((-114.06270185953238 51.10766703302917),(-114.06295958137353 51.107412299041236))",,,,,
"{'type': 'Point', 'coordinates': [-113.96771923752061, 51.10311525815391]}",DP2022-06029,160 CASTLERIDGE BV NE,MINLED TRADING,Signs - Discretionary Use,"TEMPORARY USE: SIGN - CLASS C & E (FREESTANDING SIGN, DIGITAL MESSAGE SIGN - 3 YEARS)",C2690; C2710,SIGN - CLASS C; SIGN - CLASS E,Discretionary,R-C1,Residential - Contextual One Dwelling,Released,2022-08-26T00:00:00.000,2022-09-26T00:00:00.000,2022-10-21T00:00:00.000,2024-09-26T00:00:00.000,Approval,Development Authority,CAS,CASTLERIDGE,5,NE,51.103,-113.968,1,Titled Parcel,160 CASTLERIDGE BV NE,"{""type"":""Point"",""coordinates"":[-113.9677192,51.1031153]}",POINT (-113.96771923752061 51.10311525815391),,,,,
"{'type': 'Point', 'coordinates': [-114.0921610550949, 51.18280429024556]}",DP2022-06033,127 CARRINGTON PZ NW,,Signs - Discretionary Use,"NEW: SIGN - CLASS A (BANNER SIGN, DIRECTIONAL SIGNS - 3, GAS BAR SIGN), SIGN - CLASS B (FASCIA SIGNS - 4), SIGN - CLASS C -1,  SIGN - CLASS E (MESSAGE SIGNS - 2)",C2670; C2680; C2690; C2710,SIGN - CLASS A; SIGN - CLASS B; SIGN - CLASS C; SIGN - CLASS E,Discretionary,C-C2 f1.0h10,Commercial - Community 2,Cancelled,2022-08-26T00:00:00.000,,,,,,CAR,CARRINGTON,3,NW,51.183,-114.092,2,Titled Parcel;Building,105 CARRINGTON PZ NW;127 CARRINGTON PZ NW,"{""type"":""MultiPoint"",""coordinates"":[[-114.0921611,51.1828043],[-114.094076,51.1825436]]}","MULTIPOINT ((-114.0921610550949 51.18280429024556),(-114.09407595072533 51.18254360731055))",2022-09-22T00:00:00.000,,,,
"{'type': 'Point', 'coordinates': [-114.0921610550949, 51.18280429024556]}",DP2022-06032,123 CARRINGTON PZ NW,C T M DESIGN SERVICES,Signs - Discretionary Use,"NEW: SIGN - CLASS C & E (FREESTANDING SIGN, DIGITAL MESSAGE SIGN - MOTOR VEHICLE FUEL PRICE), CLASS B (FASCIA SIGNS - 8), CLASS E (MESSAGE SIGNS - 7)",C2680; C2690; C2700; C2710,SIGN - CLASS B; SIGN - CLASS C; SIGN - CLASS D; SIGN - CLASS E,Discretionary,C-C2 f1.0h10,Commercial - Community 2,Released,2022-08-26T00:00:00.000,2022-10-07T00:00:00.000,2022-11-04T00:00:00.000,2024-10-07T00:00:00.000,Approval,Development Authority,CAR,CARRINGTON,3,NW,51.183,-114.092,2,Titled Parcel;Building,105 CARRINGTON PZ NW;123 CARRINGTON PZ NW,"{""type"":""MultiPoint"",""coordinates"":[[-114.0921611,51.1828043],[-114.0939748,51.1822822]]}","MULTIPOINT ((-114.0921610550949 51.18280429024556),(-114.09397479678346 51.182282183382355))",,,,,
"{'type': 'Point', 'coordinates': [-114.1601645926582, 51.086239437111]}",DP2022-06035,3730 50 ST NW,,Residential - Multi-Family - Renovations,EXTERIOR RENOVATIONS: MULTI-RESIDENTIAL DEVELOPMENT (3 BUILDINGS),C2050,MULTI-RESIDENTIAL DEVELOPMENT,Discretionary,M-C2,Multi-Residential - Contextual Medium Profile,Released,2022-08-26T00:00:00.000,2022-09-09T00:00:00.000,2022-10-11T00:00:00.000,2024-09-09T00:00:00.000,Approval,Development Authority,VAR,VARSITY,1,NW,51.086,-114.160,4,Titled Parcel;Building;Building;Building,3730 50 ST NW;3719C 49 ST NW;3719B 49 ST NW;3730 50 ST NW,"{""type"":""MultiPoint"",""coordinates"":[[-114.1601646,51.0862394],[-114.1594623,51.0866789],[-114.159843,51.0863998],[-114.1597833,51.0856907]]}","MULTIPOINT ((-114.1601645926582 51.086239437111),(-114.159462282279 51.08667885056373),(-114.1598429663922 51.08639984855398),(-114.15978327234448 51.08569068962404))",,,,,
"{'type': 'Point', 'coordinates': [-113.98702593043365, 51.08375372514579]}",DP2022-06036,#8 3434 34 AV NE,MY TOOL SHOP,Change of Use - Discretionary Use or Relaxations Required,CHANGE OF USE: RETAIL STORE,B7880,RETAIL STORE,Discretionary,DC,DIRECT CONTROL DISTRICT                                 ,Released,2022-08-26T00:00:00.000,2022-09-19T00:00:00.000,2022-10-14T00:00:00.000,2023-09-19T00:00:00.000,Approval,Development Authority,HOR,HORIZON,10,NE,51.084,-113.987,3,Titled Parcel;Building;Building Suite,3434 34 AV NE;3434 34 AV NE;#8 3434 34 AV NE,"{""type"":""MultiPoint"",""coordinates"":[[-113.9870259,51.0837537],[-113.9865207,51.0841015],[-113.9866891,51.0841012]]}","MULTIPOINT ((-113.98702593043365 51.08375372514579),(-113.98652070704003 51.08410145144803),(-113.98668908249476 51.08410117407996))",,,,,
"{'type': 'Point', 'coordinates': [-114.14478692005163, 51.07823334282881]}",DP2022-06037,3921 UNIVERSITY AV NW,MINLED TRADING,Signs - Permitted Use,"NEW: SIGN - CLASS B (FASCIA SIGN), SIGN - CLASS D (PROJECTING SIGN)",C2680; C2700,SIGN - CLASS B; SIGN - CLASS D,Permitted,DC,Direct Control (1P2007),Released,2022-08-26T00:00:00.000,2022-09-09T00:00:00.000,2022-09-13T00:00:00.000,2025-09-09T00:00:00.000,Approval,Development Authority,UND,UNIVERSITY DISTRICT,7,NW,51.078,-114.145,3,Titled Parcel;Building;Building Suite,4001 UNIVERSITY AV NW;3917 UNIVERSITY AV NW;3921 UNIVERSITY AV NW,"{""type"":""MultiPoint"",""coordinates"":[[-114.1447869,51.0782333],[-114.1437904,51.0780844],[-114.1435716,51.0781921]]}","MULTIPOINT ((-114.14478692005163 51.07823334282881),(-114.14379041876924 51.07808442695197),(-114.1435715798516 51.07819214064783))",,,,,
"{'type': 'Point', 'coordinates': [-114.17139037067281, 51.08324407932351]}",DP2022-06038,6012 BOWWATER CR NW,,Relaxation - New - Accessory Building,RELAXATION: ACCESSORY RESIDENTIAL BUILDING (GARAGE) - BUILDING COVERAGE,C1020,ACCESSORY RESIDENTIAL BUILDING,Permitted with a Relaxation,R-C1,Residential - Contextual One Dwelling,Released,2022-08-26T00:00:00.000,2022-10-07T00:00:00.000,2022-11-04T00:00:00.000,2024-10-07T00:00:00.000,Approval,Development Authority,BOW,BOWNESS,1,NW,51.083,-114.171,2,Titled Parcel;Building,6012 BOWWATER CR NW;6012 BOWWATER CR NW,"{""type"":""MultiPoint"",""coordinates"":[[-114.1713904,51.0832441],[-114.1713481,51.0833309]]}","MULTIPOINT ((-114.17139037067281 51.08324407932351),(-114.17134808813299 51.0833309186993))",,,,,
"{'type': 'Point', 'coordinates': [-113.97207791008105, 51.03801235598564]}",DP2022-06039,#101 4310 17 AV SE,,Change of Use - Discretionary Use or Relaxations Required,CHANGE OF USE: HEALTH CARE SERVICE,C1695,HEALTH CARE SERVICE,Discretionary,MU-2 f4.5h20,Mixed Use - Active Frontage,Cancelled,2022-08-26T00:00:00.000,,,,,,FLN,FOREST LAWN,9,SE,51.038,-113.972,3,Titled Parcel;Building;Building Suite,4310 17 AV SE;4310 17 AV SE;#101 4310 17 AV SE,"{""type"":""MultiPoint"",""coordinates"":[[-113.9720779,51.0380124],[-113.9720774,51.038134],[-113.9721872,51.0380863]]}","MULTIPOINT ((-113.97207791008105 51.03801235598564),(-113.9720774234515 51.03813403204853),(-113.9721871862396 51.03808627773401))",2022-09-22T00:00:00.000,,,,
"{'type': 'Point', 'coordinates': [-114.07201432076744, 50.98832238955132]}",DP2022-06040,#343 7337 MACLEOD TR SW,PRIORITY PERMITS,Signs - Permitted Use,NEW: SIGN - CLASS B (FASCIA SIGN),C2680,SIGN - CLASS B,Permitted,C-COR3 f1.0h12,Commercial - Corridor 3,Released,2022-08-26T00:00:00.000,2022-09-07T00:00:00.000,2022-09-07T00:00:00.000,2024-09-07T00:00:00.000,Approval,Development Authority,KIN,KINGSLAND,11,SW,50.988,-114.072,3,Titled Parcel;Building;Building Suite,7337 MACLEOD TR SW;#300 7337 MACLEOD TR SW;#343 7337 MACLEOD TR SW,"{""type"":""MultiPoint"",""coordinates"":[[-114.0720143,50.9883224],[-114.0741081,50.9883099],[-114.0742303,50.9880384]]}","MULTIPOINT ((-114.07201432076744 50.98832238955132),(-114.07410805720977 50.98830986989096),(-114.07423025927119 50.98803836261213))",,,,,
"{'type': 'Point', 'coordinates': [-114.09826433309539, 50.9058150603271]}",DP2022-06034,125 SHAWBROOKE GR SW,,Relaxation - Existing - Residential - FastTrack - Comp Follow-Up,"RELAXATION: SINGLE DETACHED DWELLING (EXISTING) - BUILDING SETBACK FROM REAR PROPERTY LINE, DECK (EXISTING) - PROJECTION INTO REAR SETBACK",C1455; C2730,DECK; SINGLE DETACHED DWELLING,Discretionary,R-C1,Residential - Contextual One Dwelling,Released,2022-08-26T00:00:00.000,2022-09-09T00:00:00.000,2022-10-12T00:00:00.000,2024-09-09T00:00:00.000,Approval,Development Authority,SHN,SHAWNESSY,13,SW,50.906,-114.098,2,Titled Parcel;Building,125 SHAWBROOKE GR SW;125 SHAWBROOKE GR SW,"{""type"":""MultiPoint"",""coordinates"":[[-114.0982643,50.9058151],[-114.0984495,50.9057587]]}","MULTIPOINT ((-114.09826433309539 50.9058150603271),(-114.0984495193499 50.90575869915312))",,,,,
"{'type': 'Point', 'coordinates': [-113.98734773469293, 50.94963124878762]}",DP2022-06044,3400 114 AV SE,,Change of Use - Permitted Use,CHANGE OF USE: OFFICE,C2110,OFFICE,Permitted,I-C,Industrial - Commercial,Cancelled,2022-08-26T00:00:00.000,,,,,,SHI,SHEPARD INDUSTRIAL,12,SE,50.950,-113.987,3,Titled Parcel;Building;Entryway,3550 114 AV SE;3408 114 AV SE;3400 114 AV SE,"{""type"":""MultiPoint"",""coordinates"":[[-113.9873477,50.9496312],[-113.9880029,50.9499736],[-113.9882338,50.9499649]]}","MULTIPOINT ((-113.98734773469293 50.94963124878762),(-113.9880028793779 50.949973643560504),(-113.98823377526145 50.94996487494722))",2022-09-15T00:00:00.000,,,,
"{'type': 'Point', 'coordinates': [-113.97969916016339, 51.15113719836175]}",DP2022-06042,#1245 3730 108 AV NE,GLOBAL DESIGN,Renovations - Non-Residential,REVISION: OFFICE (MEZZANINE - 2ND FLOOR),C2110,OFFICE,Discretionary,DC,Direct Control (1P2007),Released,2022-08-26T00:00:00.000,2022-09-28T00:00:00.000,2022-10-31T00:00:00.000,2024-09-28T00:00:00.000,Approval,Development Authority,ST3,STONEY 3,5,NE,51.151,-113.980,3,Titled Parcel;Building;Building Suite,3730 108 AV NE;#1000 3730 108 AV NE;#1245 3730 108 AV NE,"{""type"":""MultiPoint"",""coordinates"":[[-113.9796992,51.1511372],[-113.980374,51.1512754],[-113.9810849,51.1512409]]}","MULTIPOINT ((-113.97969916016339 51.15113719836175),(-113.98037397855022 51.151275438249776),(-113.981084919748 51.15124093654305))",,,,,
"{'type': 'Point', 'coordinates': [-114.08559574831231, 50.998795351927114]}",DP2022-06045,1016 BEVERLEY BV SW,MIDNIGHT DESIGN STUDIO,Residential - Contextual Dwelling,NEW: CONTEXTUAL SINGLE DETACHED DWELLING,C1370,CONTEXTUAL SINGLE DETACHED DWELLING,Permitted,R-C1L,Residential - Contextual Large Parcel One Dwelling,Released,2022-08-26T00:00:00.000,2022-11-28T00:00:00.000,2023-05-10T00:00:00.000,2024-11-28T00:00:00.000,Approval,Development Authority,BEL,BEL-AIRE,11,SW,50.999,-114.086,1,Titled Parcel,1016 BEVERLEY BV SW,"{""type"":""Point"",""coordinates"":[-114.0855957,50.9987954]}",POINT (-114.08559574831231 50.998795351927114),,,,,
"{'type': 'Point', 'coordinates': [-114.13689422286593, 51.005256152579655]}",DP2022-06047,5415 LAKEVIEW DR SW,CORE GEOMATICS GROUP,Relaxation - Existing - Compliance Follow-Up,RELAXATION: ACCESSORY RESIDENTIAL BUILDING (EXISTING GARAGE) - DRIVEWAY LENGTH,C1020,ACCESSORY RESIDENTIAL BUILDING,Permitted with a Relaxation,R-C1,Residential - Contextual One Dwelling,Released,2022-08-26T00:00:00.000,2022-08-31T00:00:00.000,2022-10-05T00:00:00.000,2024-08-31T00:00:00.000,Approval,Development Authority,LKV,LAKEVIEW,11,SW,51.005,-114.137,2,Titled Parcel;Building,5415 LAKEVIEW DR SW;5415 LAKEVIEW DR SW,"{""type"":""MultiPoint"",""coordinates"":[[-114.1368942,51.0052562],[-114.1370536,51.0052629]]}","MULTIPOINT ((-114.13689422286593 51.005256152579655),(-114.13705361261007 51.005262923835204))",,,,,
"{'type': 'Point', 'coordinates': [-114.11168048294383, 50.95488560693975]}",DP2022-06043,20 BRABOURNE RI SW,ARC SURVEYS,Relaxation - Existing - Compliance Follow-Up,RELAXATION: SINGLE DETACHED DWELLING (EXISTING) - BUILDING SETBACK FROM REAR PROPERTY LINE,C2730,SINGLE DETACHED DWELLING,Discretionary,R-C1,Residential - Contextual One Dwelling,Released,2022-08-26T00:00:00.000,2022-09-02T00:00:00.000,2022-10-03T00:00:00.000,2024-09-02T00:00:00.000,Approval,Development Authority,BRA,BRAESIDE,11,SW,50.955,-114.112,2,Titled Parcel;Building,20 BRABOURNE RI SW;20 BRABOURNE RI SW,"{""type"":""MultiPoint"",""coordinates"":[[-114.1116805,50.9548856],[-114.1117688,50.9547492]]}","MULTIPOINT ((-114.11168048294383 50.95488560693975),(-114.11176884234683 50.954749217924714))",,,,,
"{'type': 'Point', 'coordinates': [-114.04998652780068, 51.18529303726236]}",DP2022-06049,333 CALHOUN CM NE,,Residential - Secondary Suite,NEW: SECONDARY SUITE (SECONDARY SUITE),C2626,SECONDARY SUITE,Permitted with a Relaxation,R-G,Residential - Low Density Mixed Housing,Cancelled,2022-08-26T00:00:00.000,,,,,,LIV,LIVINGSTON,3,NE,51.185,-114.050,2,Titled Parcel;Building,333 CALHOUN CM NE;333 CALHOUN CM NE,"{""type"":""MultiPoint"",""coordinates"":[[-114.0499865,51.185293],[-114.0499958,51.1853645]]}","MULTIPOINT ((-114.04998652780068 51.18529303726236),(-114.04999584544126 51.18536447296824))",2022-09-06T00:00:00.000,,,,
"{'type': 'Point', 'coordinates': [-114.22465939627087, 51.13915433374821]}",DP2022-06051,21 ROYAL RIDGE ME NW,,Residential - Secondary Suite,NEW: SECONDARY SUITE (BASEMENT),C2626,SECONDARY SUITE,Discretionary,R-C1,Residential - Contextual One Dwelling,Released,2022-08-26T00:00:00.000,2022-09-26T00:00:00.000,2022-10-21T00:00:00.000,2024-09-26T00:00:00.000,Approval,Development Authority,ROY,ROYAL OAK,1,NW,51.139,-114.225,2,Titled Parcel;Building,21 ROYAL RIDGE ME NW;21 ROYAL RIDGE ME NW,"{""type"":""MultiPoint"",""coordinates"":[[-114.2246594,51.1391543],[-114.2246787,51.1390408]]}","MULTIPOINT ((-114.22465939627087 51.13915433374821),(-114.22467870814681 51.1390408478788))",,,,,
"{'type': 'Point', 'coordinates': [-114.13870259821603, 51.164932117824414]}",DP2022-06052,150 KINCORA GLEN RD NW,NANCY'S NAIL & SPA,Home Occupation Class 2,TEMPORARY USE: HOME OCCUPATION - CLASS 2 (ESTHETICIAN -5 YEARS),C1730,HOME OCCUPATION - CLASS 2,Discretionary,R-1N,Residential - Narrow Parcel One Dwelling,Released,2022-08-26T00:00:00.000,2022-09-29T00:00:00.000,2022-11-01T00:00:00.000,2023-09-29T00:00:00.000,Approval,Development Authority,KCA,KINCORA,2,NW,51.165,-114.139,1,Titled Parcel,150 KINCORA GLEN RD NW,"{""type"":""Point"",""coordinates"":[-114.1387026,51.1649321]}",POINT (-114.13870259821603 51.164932117824414),,,,,
"{'type': 'Point', 'coordinates': [-114.10858915540115, 51.02846924204019]}",DP2022-06041,2029 28 AV SW,ELEVATED YYC,Residential - Additions over 10 sq metres,ADDITION: SEMI-DETACHED DWELLING (3RD FLOOR PERGOLA - FRONT),C2640,SEMI-DETACHED DWELLING,Discretionary,R-C2,Residential - Contextual One/Two Dwelling,Released,2022-08-26T00:00:00.000,2022-10-21T00:00:00.000,2022-11-22T00:00:00.000,2024-10-21T00:00:00.000,Approval,Development Authority,SOC,SOUTH CALGARY,8,SW,51.028,-114.109,2,Titled Parcel;Building,2029 28 AV SW;2029 28 AV SW,"{""type"":""MultiPoint"",""coordinates"":[[-114.1085892,51.0284692],[-114.1085809,51.0283557]]}","MULTIPOINT ((-114.10858915540115 51.02846924204019),(-114.10858094983445 51.0283557449339))",,,,,
"{'type': 'Point', 'coordinates': [-114.12964106626903, 51.09036576035667]}",DP2022-06054,3111 BRENTWOOD BV NW,,Residential - Secondary Suite,NEW: SECONDARY SUITE (SECONDARY SUITE),C2626,SECONDARY SUITE,Discretionary,R-C1,Residential - Contextual One Dwelling,Cancelled,2022-08-27T00:00:00.000,,,,,,BRE,BRENTWOOD,4,NW,51.090,-114.130,2,Titled Parcel;Building,3111 BRENTWOOD BV NW;3111 BRENTWOOD BV NW,"{""type"":""MultiPoint"",""coordinates"":[[-114.1296411,51.0903658],[-114.1297132,51.0903061]]}","MULTIPOINT ((-114.12964106626903 51.09036576035667),(-114.129713171995 51.09030609686811))",2022-09-15T00:00:00.000,,,,
"{'type': 'Point', 'coordinates': [-114.06277595575288, 51.06666712872221]}",DP2022-06055,#256 1623 CENTRE ST NW,,Change of Use - Permitted Use,CHANGE OF USE: RETAIL AND CONSUMER SERVICE,C2515,RETAIL AND CONSUMER SERVICE,Permitted,C-COR1 f6.0h38,Commercial - Corridor 1,Cancelled,2022-08-27T00:00:00.000,,,,,,CRE,CRESCENT HEIGHTS,7,NW,51.067,-114.063,3,Titled Parcel;Building;Building Suite,1623 CENTRE ST NW;1623 CENTRE ST NW;#256 1623 CENTRE ST NW,"{""type"":""MultiPoint"",""coordinates"":[[-114.062776,51.0666671],[-114.0638657,51.0665409],[-114.0638657,51.0665409]]}","MULTIPOINT ((-114.06277595575288 51.06666712872221),(-114.063865694808 51.0665409073777),(-114.063865694808 51.0665409073777))",2022-09-12T00:00:00.000,,,,
"{'type': 'Point', 'coordinates': [-113.93473653526688, 51.15816857221176]}",DP2022-06056,3984 CORNERSTONE BV NE,,Home Occupation Class 2,TEMPORARY USE: HOME OCCUPATION - CLASS 2 (DRIVER EDUCATION),C1730,HOME OCCUPATION - CLASS 2,Discretionary,R-G,Residential - Low Density Mixed Housing,Cancelled,2022-08-28T00:00:00.000,,,,,,CNS,CORNERSTONE,5,NE,51.158,-113.935,2,Titled Parcel;Building,3984 CORNERSTONE BV NE;3984 CORNERSTONE BV NE,"{""type"":""MultiPoint"",""coordinates"":[[-113.9347365,51.1581686],[-113.9347559,51.1582883]]}","MULTIPOINT ((-113.93473653526688 51.15816857221176),(-113.93475589420376 51.1582882610067))",2022-09-15T00:00:00.000,,,,
"{'type': 'Point', 'coordinates': [-114.15505197297354, 51.05760276047693]}",DP2022-06053,88 WOODLARK DR SW,,Residential - Additions over 10 sq metres,"ADDITION: SINGLE DETACHED DWELLING (MAIN FLOOR - FRONT, REAR, ATTACHED GARAGE WITH ROOFTOP DECK - REAR) ",C2730,SINGLE DETACHED DWELLING,Discretionary,R-C1,Residential - Contextual One Dwelling,Released,2022-08-27T00:00:00.000,2023-03-06T00:00:00.000,2023-04-04T00:00:00.000,2025-03-06T00:00:00.000,Approval,Development Authority,WLD,WILDWOOD,6,SW,51.058,-114.155,2,Titled Parcel;Building,88 WOODLARK DR SW;88 WOODLARK DR SW,"{""type"":""MultiPoint"",""coordinates"":[[-114.155052,51.0576028],[-114.1550243,51.0577213]]}","MULTIPOINT ((-114.15505197297354 51.05760276047693),(-114.15502433903316 51.057721344565856))",,,,,
